[19980:5976:0217/172713.409:WARNING:chrome_main_delegate.cc(745)] This is Chrome version 128.0.6613.138 (not a warning)
[19980:5976:0217/172713.414:ERROR:persistent_memory_allocator.cc(908)] Corruption detected in shared-memory segment.
[19980:32968:0217/172713.471:ERROR:google_update_settings.cc(265)] Failed opening key Software\Chromium to set usagestats; result: 5
[19980:5976:0217/172713.501:WARNING:account_consistency_mode_manager.cc(77)] Desktop Identity Consistency cannot be enabled as no OAuth client ID and client secret have been configured.
[25276:27512:0217/172717.931:WARNING:frame_impl.cc(430)] virtual CefFrameImpl::SendProcessMessage sent to detached frame 5-417CE8266F033745EE2DBF90E784C874 will be ignored
[19980:14964:0217/172949.588:VERBOSE1:media_stream_manager.cc(1533)] MSPL::OnSpeedLimitChange({this=000000A400156D40}, {new_limit=21})
[19980:14964:0217/172951.586:VERBOSE1:media_stream_manager.cc(1533)] MSPL::OnSpeedLimitChange({this=000000A400156D40}, {new_limit=22})
[19980:14964:0217/172953.588:VERBOSE1:media_stream_manager.cc(1533)] MSPL::OnSpeedLimitChange({this=000000A400156D40}, {new_limit=23})
[19980:14964:0217/172957.588:VERBOSE1:media_stream_manager.cc(1533)] MSPL::OnSpeedLimitChange({this=000000A400156D40}, {new_limit=24})
[19980:14964:0217/173000.591:VERBOSE1:media_stream_manager.cc(1533)] MSPL::OnSpeedLimitChange({this=000000A400156D40}, {new_limit=25})
[19980:14964:0217/173003.604:VERBOSE1:media_stream_manager.cc(1533)] MSPL::OnSpeedLimitChange({this=000000A400156D40}, {new_limit=24})
[19980:14964:0217/173004.607:VERBOSE1:media_stream_manager.cc(1533)] MSPL::OnSpeedLimitChange({this=000000A400156D40}, {new_limit=25})
[19980:14964:0217/173006.605:VERBOSE1:media_stream_manager.cc(1533)] MSPL::OnSpeedLimitChange({this=000000A400156D40}, {new_limit=24})
[16920:14044:0217/173023.124:VERBOSE1:network_delegate.cc(36)] NetworkDelegate::NotifyBeforeURLRequest: https://optimizationguide-pa.googleapis.com/v1:GetModels?key=dummytoken
[16920:14044:0217/173023.138:VERBOSE1:tls_handshaker.cc(105)] TlsClient: Continuing handshake
[16920:14044:0217/173023.157:VERBOSE1:tls_handshaker.cc(105)] TlsClient: Continuing handshake
[16920:14044:0217/173023.157:VERBOSE1:tls_handshaker.cc(126)] TlsClient: SSL_do_handshake returned when entering early data. After retry, rv=-1, SSL_in_early_data=1
[16920:14044:0217/173023.384:VERBOSE1:tls_handshaker.cc(105)] TlsClient: Continuing handshake
[16920:14044:0217/173023.384:VERBOSE1:tls_handshaker.cc(105)] TlsClient: Continuing handshake
[16920:14044:0217/173023.384:VERBOSE1:tls_client_handshaker.cc(528)] Client: handshake finished
[19980:14964:0217/173027.841:VERBOSE1:media_stream_manager.cc(1533)] MSPL::OnSpeedLimitChange({this=000000A400156D40}, {new_limit=25})
[19980:5976:0217/173027.953:VERBOSE1:device_event_log_impl.cc(198)] [17:30:27.952] Display: EVENT: screen_win.cc:893 Displays updated, count: 1
[19980:5976:0217/173027.954:VERBOSE1:device_event_log_impl.cc(198)] [17:30:27.954] Display: EVENT: screen_win.cc:895 Display[3649455471] bounds=[0,0 1920x1080], workarea=[0,0 1920x1032], scale=1, rotation=0, panel_rotation=0 external detected
[19980:5976:0217/173028.515:VERBOSE1:device_event_log_impl.cc(198)] [17:30:28.514] Display: EVENT: screen_win.cc:893 Displays updated, count: 1
[19980:5976:0217/173028.515:VERBOSE1:device_event_log_impl.cc(198)] [17:30:28.515] Display: EVENT: screen_win.cc:895 Display[3649455471] bounds=[0,0 1920x1080], workarea=[0,0 1920x1032], scale=1, rotation=0, panel_rotation=0 external detected
[19980:14964:0217/173031.622:VERBOSE1:media_stream_manager.cc(1533)] MSPL::OnSpeedLimitChange({this=000000A400156D40}, {new_limit=24})
[19980:14964:0217/173041.624:VERBOSE1:media_stream_manager.cc(1533)] MSPL::OnSpeedLimitChange({this=000000A400156D40}, {new_limit=25})
[19980:14964:0217/173042.630:VERBOSE1:media_stream_manager.cc(1533)] MSPL::OnSpeedLimitChange({this=000000A400156D40}, {new_limit=26})
[19980:14964:0217/173043.624:VERBOSE1:media_stream_manager.cc(1533)] MSPL::OnSpeedLimitChange({this=000000A400156D40}, {new_limit=27})
[19980:14964:0217/173056.632:VERBOSE1:media_stream_manager.cc(1533)] MSPL::OnSpeedLimitChange({this=000000A400156D40}, {new_limit=26})
[19980:14964:0217/173058.636:VERBOSE1:media_stream_manager.cc(1533)] MSPL::OnSpeedLimitChange({this=000000A400156D40}, {new_limit=27})
[19980:14964:0217/173105.968:VERBOSE1:media_stream_manager.cc(1533)] MSPL::OnSpeedLimitChange({this=000000A400156D40}, {new_limit=26})
[19980:14964:0217/173108.965:VERBOSE1:media_stream_manager.cc(1533)] MSPL::OnSpeedLimitChange({this=000000A400156D40}, {new_limit=25})
[19980:14964:0217/173111.967:VERBOSE1:media_stream_manager.cc(1533)] MSPL::OnSpeedLimitChange({this=000000A400156D40}, {new_limit=24})
[19980:14964:0217/173113.968:VERBOSE1:media_stream_manager.cc(1533)] MSPL::OnSpeedLimitChange({this=000000A400156D40}, {new_limit=23})
[19980:14964:0217/173118.966:VERBOSE1:media_stream_manager.cc(1533)] MSPL::OnSpeedLimitChange({this=000000A400156D40}, {new_limit=22})
[19980:14964:0217/173122.969:VERBOSE1:media_stream_manager.cc(1533)] MSPL::OnSpeedLimitChange({this=000000A400156D40}, {new_limit=23})
[19980:14964:0217/173129.968:VERBOSE1:media_stream_manager.cc(1533)] MSPL::OnSpeedLimitChange({this=000000A400156D40}, {new_limit=24})
[19980:14964:0217/173136.970:VERBOSE1:media_stream_manager.cc(1533)] MSPL::OnSpeedLimitChange({this=000000A400156D40}, {new_limit=25})
[19980:14964:0217/173141.972:VERBOSE1:media_stream_manager.cc(1533)] MSPL::OnSpeedLimitChange({this=000000A400156D40}, {new_limit=26})
[19980:14964:0217/173152.978:VERBOSE1:media_stream_manager.cc(1533)] MSPL::OnSpeedLimitChange({this=000000A400156D40}, {new_limit=27})
[19980:14964:0217/173157.977:VERBOSE1:media_stream_manager.cc(1533)] MSPL::OnSpeedLimitChange({this=000000A400156D40}, {new_limit=26})
[19980:14964:0217/173202.975:VERBOSE1:media_stream_manager.cc(1533)] MSPL::OnSpeedLimitChange({this=000000A400156D40}, {new_limit=25})
[19980:14964:0217/173208.978:VERBOSE1:media_stream_manager.cc(1533)] MSPL::OnSpeedLimitChange({this=000000A400156D40}, {new_limit=26})
[19980:14964:0217/173214.979:VERBOSE1:media_stream_manager.cc(1533)] MSPL::OnSpeedLimitChange({this=000000A400156D40}, {new_limit=27})
[19980:14964:0217/173230.978:VERBOSE1:media_stream_manager.cc(1533)] MSPL::OnSpeedLimitChange({this=000000A400156D40}, {new_limit=26})
[19980:14964:0217/173239.982:VERBOSE1:media_stream_manager.cc(1533)] MSPL::OnSpeedLimitChange({this=000000A400156D40}, {new_limit=27})
[16920:14044:0217/173256.991:VERBOSE1:network_delegate.cc(36)] NetworkDelegate::NotifyBeforeURLRequest: https://optimizationguide-pa.googleapis.com/v1:GetModels?key=dummytoken
[16920:14044:0217/173257.045:VERBOSE1:tls_handshaker.cc(105)] TlsClient: Continuing handshake
[16920:14044:0217/173257.052:VERBOSE1:tls_handshaker.cc(126)] TlsClient: SSL_do_handshake returned when entering early data. After retry, rv=-1, SSL_in_early_data=1
[16920:14044:0217/173257.290:VERBOSE1:tls_handshaker.cc(105)] TlsClient: Continuing handshake
[16920:14044:0217/173257.291:VERBOSE1:tls_handshaker.cc(105)] TlsClient: Continuing handshake
[16920:14044:0217/173257.291:VERBOSE1:tls_client_handshaker.cc(528)] Client: handshake finished
[19980:14964:0217/173309.990:VERBOSE1:media_stream_manager.cc(1533)] MSPL::OnSpeedLimitChange({this=000000A400156D40}, {new_limit=26})
[19980:14964:0217/173310.994:VERBOSE1:media_stream_manager.cc(1533)] MSPL::OnSpeedLimitChange({this=000000A400156D40}, {new_limit=27})
[19980:14964:0217/173402.004:VERBOSE1:media_stream_manager.cc(1533)] MSPL::OnSpeedLimitChange({this=000000A400156D40}, {new_limit=26})
[19980:14964:0217/173412.011:VERBOSE1:media_stream_manager.cc(1533)] MSPL::OnSpeedLimitChange({this=000000A400156D40}, {new_limit=27})
[19980:14964:0217/173414.006:VERBOSE1:media_stream_manager.cc(1533)] MSPL::OnSpeedLimitChange({this=000000A400156D40}, {new_limit=26})
[19980:14964:0217/173420.011:VERBOSE1:media_stream_manager.cc(1533)] MSPL::OnSpeedLimitChange({this=000000A400156D40}, {new_limit=27})
[19980:14964:0217/173421.007:VERBOSE1:media_stream_manager.cc(1533)] MSPL::OnSpeedLimitChange({this=000000A400156D40}, {new_limit=26})
[19980:14964:0217/173424.014:VERBOSE1:media_stream_manager.cc(1533)] MSPL::OnSpeedLimitChange({this=000000A400156D40}, {new_limit=27})
[19980:14964:0217/173425.018:VERBOSE1:media_stream_manager.cc(1533)] MSPL::OnSpeedLimitChange({this=000000A400156D40}, {new_limit=26})
[19980:14964:0217/173427.013:VERBOSE1:media_stream_manager.cc(1533)] MSPL::OnSpeedLimitChange({this=000000A400156D40}, {new_limit=27})
[19980:14964:0217/173428.015:VERBOSE1:media_stream_manager.cc(1533)] MSPL::OnSpeedLimitChange({this=000000A400156D40}, {new_limit=26})
[19980:14964:0217/173431.014:VERBOSE1:media_stream_manager.cc(1533)] MSPL::OnSpeedLimitChange({this=000000A400156D40}, {new_limit=27})
[19980:14964:0217/173502.020:VERBOSE1:media_stream_manager.cc(1533)] MSPL::OnSpeedLimitChange({this=000000A400156D40}, {new_limit=26})
[19980:14964:0217/173512.025:VERBOSE1:media_stream_manager.cc(1533)] MSPL::OnSpeedLimitChange({this=000000A400156D40}, {new_limit=27})
[19980:14964:0217/173515.029:VERBOSE1:media_stream_manager.cc(1533)] MSPL::OnSpeedLimitChange({this=000000A400156D40}, {new_limit=26})
[19980:14964:0217/173516.028:VERBOSE1:media_stream_manager.cc(1533)] MSPL::OnSpeedLimitChange({this=000000A400156D40}, {new_limit=27})
[19980:14964:0217/173517.030:VERBOSE1:media_stream_manager.cc(1533)] MSPL::OnSpeedLimitChange({this=000000A400156D40}, {new_limit=26})
[19980:14964:0217/173531.027:VERBOSE1:media_stream_manager.cc(1533)] MSPL::OnSpeedLimitChange({this=000000A400156D40}, {new_limit=25})
[19980:14964:0217/173533.028:VERBOSE1:media_stream_manager.cc(1533)] MSPL::OnSpeedLimitChange({this=000000A400156D40}, {new_limit=24})
[16920:14044:0217/173537.698:VERBOSE1:network_delegate.cc(36)] NetworkDelegate::NotifyBeforeURLRequest: https://optimizationguide-pa.googleapis.com/v1:GetModels?key=dummytoken
[16920:14044:0217/173537.798:VERBOSE1:tls_handshaker.cc(105)] TlsClient: Continuing handshake
[16920:14044:0217/173537.801:VERBOSE1:tls_handshaker.cc(126)] TlsClient: SSL_do_handshake returned when entering early data. After retry, rv=-1, SSL_in_early_data=1
[16920:14044:0217/173538.050:VERBOSE1:tls_handshaker.cc(105)] TlsClient: Continuing handshake
[16920:14044:0217/173538.051:VERBOSE1:tls_handshaker.cc(105)] TlsClient: Continuing handshake
[16920:14044:0217/173538.051:VERBOSE1:tls_client_handshaker.cc(528)] Client: handshake finished
[19980:14964:0217/173540.034:VERBOSE1:media_stream_manager.cc(1533)] MSPL::OnSpeedLimitChange({this=000000A400156D40}, {new_limit=25})
[19980:14964:0217/173543.032:VERBOSE1:media_stream_manager.cc(1533)] MSPL::OnSpeedLimitChange({this=000000A400156D40}, {new_limit=26})
[19980:14964:0217/173601.032:VERBOSE1:media_stream_manager.cc(1533)] MSPL::OnSpeedLimitChange({this=000000A400156D40}, {new_limit=25})
[19980:14964:0217/173611.032:VERBOSE1:media_stream_manager.cc(1533)] MSPL::OnSpeedLimitChange({this=000000A400156D40}, {new_limit=26})
[19980:14964:0217/173619.035:VERBOSE1:media_stream_manager.cc(1533)] MSPL::OnSpeedLimitChange({this=000000A400156D40}, {new_limit=25})
[19980:14964:0217/173620.034:VERBOSE1:media_stream_manager.cc(1533)] MSPL::OnSpeedLimitChange({this=000000A400156D40}, {new_limit=26})
[19980:14964:0217/173637.038:VERBOSE1:media_stream_manager.cc(1533)] MSPL::OnSpeedLimitChange({this=000000A400156D40}, {new_limit=25})
[19980:14964:0217/173638.042:VERBOSE1:media_stream_manager.cc(1533)] MSPL::OnSpeedLimitChange({this=000000A400156D40}, {new_limit=26})
[19980:14964:0217/173639.040:VERBOSE1:media_stream_manager.cc(1533)] MSPL::OnSpeedLimitChange({this=000000A400156D40}, {new_limit=25})
[19980:14964:0217/173648.041:VERBOSE1:media_stream_manager.cc(1533)] MSPL::OnSpeedLimitChange({this=000000A400156D40}, {new_limit=26})
[19980:14964:0217/173652.041:VERBOSE1:media_stream_manager.cc(1533)] MSPL::OnSpeedLimitChange({this=000000A400156D40}, {new_limit=25})
[19980:14964:0217/173653.041:VERBOSE1:media_stream_manager.cc(1533)] MSPL::OnSpeedLimitChange({this=000000A400156D40}, {new_limit=26})
[19980:14964:0217/173654.043:VERBOSE1:media_stream_manager.cc(1533)] MSPL::OnSpeedLimitChange({this=000000A400156D40}, {new_limit=25})
[19980:14964:0217/173713.046:VERBOSE1:media_stream_manager.cc(1533)] MSPL::OnSpeedLimitChange({this=000000A400156D40}, {new_limit=26})
[19980:14964:0217/173718.047:VERBOSE1:media_stream_manager.cc(1533)] MSPL::OnSpeedLimitChange({this=000000A400156D40}, {new_limit=25})
[19980:14964:0217/173726.051:VERBOSE1:media_stream_manager.cc(1533)] MSPL::OnSpeedLimitChange({this=000000A400156D40}, {new_limit=26})
[19980:14964:0217/173738.052:VERBOSE1:media_stream_manager.cc(1533)] MSPL::OnSpeedLimitChange({this=000000A400156D40}, {new_limit=25})
[19980:14964:0217/173746.056:VERBOSE1:media_stream_manager.cc(1533)] MSPL::OnSpeedLimitChange({this=000000A400156D40}, {new_limit=26})
[19980:14964:0217/173751.056:VERBOSE1:media_stream_manager.cc(1533)] MSPL::OnSpeedLimitChange({this=000000A400156D40}, {new_limit=27})
[16920:14044:0217/173819.400:VERBOSE1:network_delegate.cc(36)] NetworkDelegate::NotifyBeforeURLRequest: https://optimizationguide-pa.googleapis.com/v1:GetModels?key=dummytoken
[16920:14044:0217/173819.419:VERBOSE1:tls_handshaker.cc(105)] TlsClient: Continuing handshake
[16920:14044:0217/173819.430:VERBOSE1:tls_handshaker.cc(126)] TlsClient: SSL_do_handshake returned when entering early data. After retry, rv=-1, SSL_in_early_data=1
[16920:14044:0217/173819.690:VERBOSE1:tls_handshaker.cc(105)] TlsClient: Continuing handshake
[16920:14044:0217/173819.694:VERBOSE1:tls_handshaker.cc(105)] TlsClient: Continuing handshake
[16920:14044:0217/173819.695:VERBOSE1:tls_client_handshaker.cc(528)] Client: handshake finished
[19980:14964:0217/173852.071:VERBOSE1:media_stream_manager.cc(1533)] MSPL::OnSpeedLimitChange({this=000000A400156D40}, {new_limit=26})
[19980:14964:0217/173853.071:VERBOSE1:media_stream_manager.cc(1533)] MSPL::OnSpeedLimitChange({this=000000A400156D40}, {new_limit=27})
[19980:14964:0217/173856.072:VERBOSE1:media_stream_manager.cc(1533)] MSPL::OnSpeedLimitChange({this=000000A400156D40}, {new_limit=26})
[19980:14964:0217/173858.073:VERBOSE1:media_stream_manager.cc(1533)] MSPL::OnSpeedLimitChange({this=000000A400156D40}, {new_limit=27})
[19980:14964:0217/173900.075:VERBOSE1:media_stream_manager.cc(1533)] MSPL::OnSpeedLimitChange({this=000000A400156D40}, {new_limit=26})
[19980:14964:0217/173901.075:VERBOSE1:media_stream_manager.cc(1533)] MSPL::OnSpeedLimitChange({this=000000A400156D40}, {new_limit=27})
[19980:14964:0217/173904.074:VERBOSE1:media_stream_manager.cc(1533)] MSPL::OnSpeedLimitChange({this=000000A400156D40}, {new_limit=26})
[19980:14964:0217/173906.075:VERBOSE1:media_stream_manager.cc(1533)] MSPL::OnSpeedLimitChange({this=000000A400156D40}, {new_limit=27})
[19980:14964:0217/173930.080:VERBOSE1:media_stream_manager.cc(1533)] MSPL::OnSpeedLimitChange({this=000000A400156D40}, {new_limit=26})
[19980:14964:0217/173934.081:VERBOSE1:media_stream_manager.cc(1533)] MSPL::OnSpeedLimitChange({this=000000A400156D40}, {new_limit=25})
[19980:14964:0217/173939.082:VERBOSE1:media_stream_manager.cc(1533)] MSPL::OnSpeedLimitChange({this=000000A400156D40}, {new_limit=24})
[19980:14964:0217/173945.084:VERBOSE1:media_stream_manager.cc(1533)] MSPL::OnSpeedLimitChange({this=000000A400156D40}, {new_limit=25})
[19980:14964:0217/173952.086:VERBOSE1:media_stream_manager.cc(1533)] MSPL::OnSpeedLimitChange({this=000000A400156D40}, {new_limit=24})
[19980:14964:0217/173958.422:VERBOSE1:media_stream_manager.cc(1533)] MSPL::OnSpeedLimitChange({this=000000A400156D40}, {new_limit=25})
[19980:14964:0217/174003.423:VERBOSE1:media_stream_manager.cc(1533)] MSPL::OnSpeedLimitChange({this=000000A400156D40}, {new_limit=26})
[19980:14964:0217/174004.421:VERBOSE1:media_stream_manager.cc(1533)] MSPL::OnSpeedLimitChange({this=000000A400156D40}, {new_limit=25})
[19980:14964:0217/174006.420:VERBOSE1:media_stream_manager.cc(1533)] MSPL::OnSpeedLimitChange({this=000000A400156D40}, {new_limit=26})
[19980:14964:0217/174007.421:VERBOSE1:media_stream_manager.cc(1533)] MSPL::OnSpeedLimitChange({this=000000A400156D40}, {new_limit=25})
[19980:14964:0217/174008.421:VERBOSE1:media_stream_manager.cc(1533)] MSPL::OnSpeedLimitChange({this=000000A400156D40}, {new_limit=26})
[19980:14964:0217/174009.424:VERBOSE1:media_stream_manager.cc(1533)] MSPL::OnSpeedLimitChange({this=000000A400156D40}, {new_limit=25})
[19980:14964:0217/174010.421:VERBOSE1:media_stream_manager.cc(1533)] MSPL::OnSpeedLimitChange({this=000000A400156D40}, {new_limit=26})
[19980:14964:0217/174014.421:VERBOSE1:media_stream_manager.cc(1533)] MSPL::OnSpeedLimitChange({this=000000A400156D40}, {new_limit=27})
[16920:14044:0217/174055.430:VERBOSE1:network_delegate.cc(36)] NetworkDelegate::NotifyBeforeURLRequest: https://optimizationguide-pa.googleapis.com/v1:GetModels?key=dummytoken
[16920:14044:0217/174055.441:VERBOSE1:tls_handshaker.cc(105)] TlsClient: Continuing handshake
[16920:14044:0217/174055.442:VERBOSE1:tls_handshaker.cc(126)] TlsClient: SSL_do_handshake returned when entering early data. After retry, rv=-1, SSL_in_early_data=1
[16920:14044:0217/174055.700:VERBOSE1:tls_handshaker.cc(105)] TlsClient: Continuing handshake
[16920:14044:0217/174055.700:VERBOSE1:tls_handshaker.cc(105)] TlsClient: Continuing handshake
[16920:14044:0217/174055.700:VERBOSE1:tls_client_handshaker.cc(528)] Client: handshake finished
[19980:14964:0217/174107.432:VERBOSE1:media_stream_manager.cc(1533)] MSPL::OnSpeedLimitChange({this=000000A400156D40}, {new_limit=26})
[19980:14964:0217/174117.437:VERBOSE1:media_stream_manager.cc(1533)] MSPL::OnSpeedLimitChange({this=000000A400156D40}, {new_limit=27})
[19980:14964:0217/174122.441:VERBOSE1:media_stream_manager.cc(1533)] MSPL::OnSpeedLimitChange({this=000000A400156D40}, {new_limit=26})
[19980:14964:0217/174129.442:VERBOSE1:media_stream_manager.cc(1533)] MSPL::OnSpeedLimitChange({this=000000A400156D40}, {new_limit=25})
[19980:14964:0217/174131.439:VERBOSE1:media_stream_manager.cc(1533)] MSPL::OnSpeedLimitChange({this=000000A400156D40}, {new_limit=26})
[19980:14964:0217/174134.441:VERBOSE1:media_stream_manager.cc(1533)] MSPL::OnSpeedLimitChange({this=000000A400156D40}, {new_limit=25})
[19980:14964:0217/174135.442:VERBOSE1:media_stream_manager.cc(1533)] MSPL::OnSpeedLimitChange({this=000000A400156D40}, {new_limit=26})
[19980:14964:0217/174136.440:VERBOSE1:media_stream_manager.cc(1533)] MSPL::OnSpeedLimitChange({this=000000A400156D40}, {new_limit=25})
[19980:14964:0217/174146.439:VERBOSE1:media_stream_manager.cc(1533)] MSPL::OnSpeedLimitChange({this=000000A400156D40}, {new_limit=26})
[19980:14964:0217/174157.450:VERBOSE1:media_stream_manager.cc(1533)] MSPL::OnSpeedLimitChange({this=000000A400156D40}, {new_limit=25})
[19980:14964:0217/174202.445:VERBOSE1:media_stream_manager.cc(1533)] MSPL::OnSpeedLimitChange({this=000000A400156D40}, {new_limit=26})
[19980:14964:0217/174204.447:VERBOSE1:media_stream_manager.cc(1533)] MSPL::OnSpeedLimitChange({this=000000A400156D40}, {new_limit=25})
[19980:14964:0217/174207.445:VERBOSE1:media_stream_manager.cc(1533)] MSPL::OnSpeedLimitChange({this=000000A400156D40}, {new_limit=26})
[19980:14964:0217/174208.445:VERBOSE1:media_stream_manager.cc(1533)] MSPL::OnSpeedLimitChange({this=000000A400156D40}, {new_limit=25})
[19980:14964:0217/174209.446:VERBOSE1:media_stream_manager.cc(1533)] MSPL::OnSpeedLimitChange({this=000000A400156D40}, {new_limit=26})
[19980:14964:0217/174212.447:VERBOSE1:media_stream_manager.cc(1533)] MSPL::OnSpeedLimitChange({this=000000A400156D40}, {new_limit=27})
[19980:14964:0217/174231.449:VERBOSE1:media_stream_manager.cc(1533)] MSPL::OnSpeedLimitChange({this=000000A400156D40}, {new_limit=28})
[19980:14964:0217/174248.453:VERBOSE1:media_stream_manager.cc(1533)] MSPL::OnSpeedLimitChange({this=000000A400156D40}, {new_limit=27})
[19980:14964:0217/174314.459:VERBOSE1:media_stream_manager.cc(1533)] MSPL::OnSpeedLimitChange({this=000000A400156D40}, {new_limit=26})
[19980:14964:0217/174317.458:VERBOSE1:media_stream_manager.cc(1533)] MSPL::OnSpeedLimitChange({this=000000A400156D40}, {new_limit=25})
[19980:14964:0217/174319.458:VERBOSE1:media_stream_manager.cc(1533)] MSPL::OnSpeedLimitChange({this=000000A400156D40}, {new_limit=26})
[19980:14964:0217/174322.460:VERBOSE1:media_stream_manager.cc(1533)] MSPL::OnSpeedLimitChange({this=000000A400156D40}, {new_limit=25})
[19980:14964:0217/174324.468:VERBOSE1:media_stream_manager.cc(1533)] MSPL::OnSpeedLimitChange({this=000000A400156D40}, {new_limit=26})
[19980:14964:0217/174329.463:VERBOSE1:media_stream_manager.cc(1533)] MSPL::OnSpeedLimitChange({this=000000A400156D40}, {new_limit=25})
[19980:14964:0217/174339.464:VERBOSE1:media_stream_manager.cc(1533)] MSPL::OnSpeedLimitChange({this=000000A400156D40}, {new_limit=26})
[16920:14044:0217/174339.800:VERBOSE1:network_delegate.cc(36)] NetworkDelegate::NotifyBeforeURLRequest: https://optimizationguide-pa.googleapis.com/v1:GetModels?key=dummytoken
[16920:14044:0217/174339.842:VERBOSE1:tls_handshaker.cc(105)] TlsClient: Continuing handshake
[16920:14044:0217/174339.845:VERBOSE1:tls_handshaker.cc(126)] TlsClient: SSL_do_handshake returned when entering early data. After retry, rv=-1, SSL_in_early_data=1
[16920:14044:0217/174340.105:VERBOSE1:tls_handshaker.cc(105)] TlsClient: Continuing handshake
[16920:14044:0217/174340.106:VERBOSE1:tls_handshaker.cc(105)] TlsClient: Continuing handshake
[16920:14044:0217/174340.106:VERBOSE1:tls_client_handshaker.cc(528)] Client: handshake finished
[19980:14964:0217/174357.478:VERBOSE1:media_stream_manager.cc(1533)] MSPL::OnSpeedLimitChange({this=000000A400156D40}, {new_limit=27})
[19980:14964:0217/174358.472:VERBOSE1:media_stream_manager.cc(1533)] MSPL::OnSpeedLimitChange({this=000000A400156D40}, {new_limit=26})
[19980:14964:0217/174402.471:VERBOSE1:media_stream_manager.cc(1533)] MSPL::OnSpeedLimitChange({this=000000A400156D40}, {new_limit=27})
[19980:14964:0217/174406.476:VERBOSE1:media_stream_manager.cc(1533)] MSPL::OnSpeedLimitChange({this=000000A400156D40}, {new_limit=26})
[19980:14964:0217/174407.475:VERBOSE1:media_stream_manager.cc(1533)] MSPL::OnSpeedLimitChange({this=000000A400156D40}, {new_limit=27})
[19980:14964:0217/174411.477:VERBOSE1:media_stream_manager.cc(1533)] MSPL::OnSpeedLimitChange({this=000000A400156D40}, {new_limit=26})
[19980:14964:0217/174421.477:VERBOSE1:media_stream_manager.cc(1533)] MSPL::OnSpeedLimitChange({this=000000A400156D40}, {new_limit=27})
[19980:14964:0217/174429.481:VERBOSE1:media_stream_manager.cc(1533)] MSPL::OnSpeedLimitChange({this=000000A400156D40}, {new_limit=26})
[19980:14964:0217/174431.481:VERBOSE1:media_stream_manager.cc(1533)] MSPL::OnSpeedLimitChange({this=000000A400156D40}, {new_limit=25})
[19980:14964:0217/174435.482:VERBOSE1:media_stream_manager.cc(1533)] MSPL::OnSpeedLimitChange({this=000000A400156D40}, {new_limit=24})
[19980:14964:0217/174438.483:VERBOSE1:media_stream_manager.cc(1533)] MSPL::OnSpeedLimitChange({this=000000A400156D40}, {new_limit=23})
[19980:14964:0217/174440.483:VERBOSE1:media_stream_manager.cc(1533)] MSPL::OnSpeedLimitChange({this=000000A400156D40}, {new_limit=24})
[19980:14964:0217/174449.487:VERBOSE1:media_stream_manager.cc(1533)] MSPL::OnSpeedLimitChange({this=000000A400156D40}, {new_limit=25})
[19980:14964:0217/174450.487:VERBOSE1:media_stream_manager.cc(1533)] MSPL::OnSpeedLimitChange({this=000000A400156D40}, {new_limit=24})
[19980:14964:0217/174500.489:VERBOSE1:media_stream_manager.cc(1533)] MSPL::OnSpeedLimitChange({this=000000A400156D40}, {new_limit=25})
[19980:14964:0217/174501.488:VERBOSE1:media_stream_manager.cc(1533)] MSPL::OnSpeedLimitChange({this=000000A400156D40}, {new_limit=24})
[19980:14964:0217/174503.488:VERBOSE1:media_stream_manager.cc(1533)] MSPL::OnSpeedLimitChange({this=000000A400156D40}, {new_limit=25})
[19980:14964:0217/174516.498:VERBOSE1:media_stream_manager.cc(1533)] MSPL::OnSpeedLimitChange({this=000000A400156D40}, {new_limit=26})
[19980:14964:0217/174532.497:VERBOSE1:media_stream_manager.cc(1533)] MSPL::OnSpeedLimitChange({this=000000A400156D40}, {new_limit=27})
[19980:14964:0217/174534.496:VERBOSE1:media_stream_manager.cc(1533)] MSPL::OnSpeedLimitChange({this=000000A400156D40}, {new_limit=26})
[19980:14964:0217/174539.504:VERBOSE1:media_stream_manager.cc(1533)] MSPL::OnSpeedLimitChange({this=000000A400156D40}, {new_limit=25})
[16920:14044:0217/174551.513:VERBOSE1:network_delegate.cc(36)] NetworkDelegate::NotifyBeforeURLRequest: https://safebrowsing.googleapis.com/v4/threatListUpdates:fetch?$req=ChoKCGNocm9taXVtEg4xMjguMC42NjEzLjEzOBoMCAUQASIEIAEgAigBGgwIARABIgQgASACKAEaDAgDEAEiBCABIAIoARoMCAcQASIEIAEgAigBGgwIARAIIgQgASACKAQaDAgPEAEiBCABIAIoARoMCAkQASIEIAEgAigBIgIIAQ==&$ct=application/x-protobuf&key=dummytoken
[16920:14044:0217/174551.527:VERBOSE1:tls_handshaker.cc(105)] TlsClient: Continuing handshake
[16920:14044:0217/174551.766:VERBOSE1:tls_handshaker.cc(105)] TlsClient: Continuing handshake
[16920:14044:0217/174551.781:VERBOSE1:tls_handshaker.cc(105)] TlsClient: Continuing handshake
[16920:14044:0217/174551.782:VERBOSE1:tls_handshaker.cc(105)] TlsClient: Continuing handshake
[16920:14044:0217/174551.782:VERBOSE1:tls_handshaker.cc(105)] TlsClient: Continuing handshake
[16920:14044:0217/174551.787:VERBOSE1:tls_handshaker.cc(105)] TlsClient: Continuing handshake
[16920:14044:0217/174552.174:VERBOSE1:tls_handshaker.cc(105)] TlsClient: Continuing handshake
[16920:14044:0217/174552.174:VERBOSE1:tls_client_handshaker.cc(528)] Client: handshake finished
[19980:14964:0217/174556.510:VERBOSE1:media_stream_manager.cc(1533)] MSPL::OnSpeedLimitChange({this=000000A400156D40}, {new_limit=26})
[19980:14964:0217/174600.508:VERBOSE1:media_stream_manager.cc(1533)] MSPL::OnSpeedLimitChange({this=000000A400156D40}, {new_limit=27})
[19980:14964:0217/174606.512:VERBOSE1:media_stream_manager.cc(1533)] MSPL::OnSpeedLimitChange({this=000000A400156D40}, {new_limit=26})
[19980:14964:0217/174612.520:VERBOSE1:media_stream_manager.cc(1533)] MSPL::OnSpeedLimitChange({this=000000A400156D40}, {new_limit=25})
[19980:14964:0217/174613.515:VERBOSE1:media_stream_manager.cc(1533)] MSPL::OnSpeedLimitChange({this=000000A400156D40}, {new_limit=26})
[16920:14044:0217/174614.177:VERBOSE1:network_delegate.cc(36)] NetworkDelegate::NotifyBeforeURLRequest: https://optimizationguide-pa.googleapis.com/v1:GetModels?key=dummytoken
[16920:14044:0217/174614.180:VERBOSE1:tls_handshaker.cc(105)] TlsClient: Continuing handshake
[16920:14044:0217/174614.182:VERBOSE1:tls_handshaker.cc(126)] TlsClient: SSL_do_handshake returned when entering early data. After retry, rv=-1, SSL_in_early_data=1
[16920:14044:0217/174614.444:VERBOSE1:tls_handshaker.cc(105)] TlsClient: Continuing handshake
[16920:14044:0217/174614.445:VERBOSE1:tls_handshaker.cc(105)] TlsClient: Continuing handshake
[16920:14044:0217/174614.445:VERBOSE1:tls_client_handshaker.cc(528)] Client: handshake finished
[19980:14964:0217/174623.517:VERBOSE1:media_stream_manager.cc(1533)] MSPL::OnSpeedLimitChange({this=000000A400156D40}, {new_limit=25})
[19980:14964:0217/174624.520:VERBOSE1:media_stream_manager.cc(1533)] MSPL::OnSpeedLimitChange({this=000000A400156D40}, {new_limit=26})
[19980:14964:0217/174643.517:VERBOSE1:media_stream_manager.cc(1533)] MSPL::OnSpeedLimitChange({this=000000A400156D40}, {new_limit=27})
[19980:14964:0217/174646.518:VERBOSE1:media_stream_manager.cc(1533)] MSPL::OnSpeedLimitChange({this=000000A400156D40}, {new_limit=26})
[19980:14964:0217/174651.520:VERBOSE1:media_stream_manager.cc(1533)] MSPL::OnSpeedLimitChange({this=000000A400156D40}, {new_limit=25})
[19980:14964:0217/174655.522:VERBOSE1:media_stream_manager.cc(1533)] MSPL::OnSpeedLimitChange({this=000000A400156D40}, {new_limit=24})
[19980:14964:0217/174656.523:VERBOSE1:media_stream_manager.cc(1533)] MSPL::OnSpeedLimitChange({this=000000A400156D40}, {new_limit=25})
[19980:14964:0217/174700.519:VERBOSE1:media_stream_manager.cc(1533)] MSPL::OnSpeedLimitChange({this=000000A400156D40}, {new_limit=26})
[19980:14964:0217/174703.528:VERBOSE1:media_stream_manager.cc(1533)] MSPL::OnSpeedLimitChange({this=000000A400156D40}, {new_limit=27})
[19980:14964:0217/174704.520:VERBOSE1:media_stream_manager.cc(1533)] MSPL::OnSpeedLimitChange({this=000000A400156D40}, {new_limit=26})
[19980:14964:0217/174705.518:VERBOSE1:media_stream_manager.cc(1533)] MSPL::OnSpeedLimitChange({this=000000A400156D40}, {new_limit=27})
[19980:14964:0217/174706.519:VERBOSE1:media_stream_manager.cc(1533)] MSPL::OnSpeedLimitChange({this=000000A400156D40}, {new_limit=26})
[19980:14964:0217/174709.524:VERBOSE1:media_stream_manager.cc(1533)] MSPL::OnSpeedLimitChange({this=000000A400156D40}, {new_limit=25})
[19980:14964:0217/174720.519:VERBOSE1:media_stream_manager.cc(1533)] MSPL::OnSpeedLimitChange({this=000000A400156D40}, {new_limit=26})
[19980:14964:0217/174721.519:VERBOSE1:media_stream_manager.cc(1533)] MSPL::OnSpeedLimitChange({this=000000A400156D40}, {new_limit=25})
[19980:14964:0217/174723.520:VERBOSE1:media_stream_manager.cc(1533)] MSPL::OnSpeedLimitChange({this=000000A400156D40}, {new_limit=26})
[19980:14964:0217/174734.521:VERBOSE1:media_stream_manager.cc(1533)] MSPL::OnSpeedLimitChange({this=000000A400156D40}, {new_limit=27})
[19980:14964:0217/174735.522:VERBOSE1:media_stream_manager.cc(1533)] MSPL::OnSpeedLimitChange({this=000000A400156D40}, {new_limit=26})
[19980:14964:0217/174742.527:VERBOSE1:media_stream_manager.cc(1533)] MSPL::OnSpeedLimitChange({this=000000A400156D40}, {new_limit=25})
[19980:14964:0217/174744.525:VERBOSE1:media_stream_manager.cc(1533)] MSPL::OnSpeedLimitChange({this=000000A400156D40}, {new_limit=26})
[19980:14964:0217/174754.525:VERBOSE1:media_stream_manager.cc(1533)] MSPL::OnSpeedLimitChange({this=000000A400156D40}, {new_limit=25})
[19980:14964:0217/174755.525:VERBOSE1:media_stream_manager.cc(1533)] MSPL::OnSpeedLimitChange({this=000000A400156D40}, {new_limit=26})
[19980:14964:0217/174803.528:VERBOSE1:media_stream_manager.cc(1533)] MSPL::OnSpeedLimitChange({this=000000A400156D40}, {new_limit=27})
[19980:14964:0217/174812.531:VERBOSE1:media_stream_manager.cc(1533)] MSPL::OnSpeedLimitChange({this=000000A400156D40}, {new_limit=28})
[19980:14964:0217/174817.528:VERBOSE1:media_stream_manager.cc(1533)] MSPL::OnSpeedLimitChange({this=000000A400156D40}, {new_limit=27})
[19980:5976:0217/174821.529:ERROR:device_event_log_impl.cc(196)] [17:48:21.247] USB: usb_service_win.cc:105 SetupDiGetDeviceProperty({{A45C254E-DF1C-4EFD-8020-67D146A850E0}, 6}) failed: No se ha encontrado el elemento. (0x490)
[19980:14964:0217/174833.530:VERBOSE1:media_stream_manager.cc(1533)] MSPL::OnSpeedLimitChange({this=000000A400156D40}, {new_limit=28})
[19980:14964:0217/174835.531:VERBOSE1:media_stream_manager.cc(1533)] MSPL::OnSpeedLimitChange({this=000000A400156D40}, {new_limit=27})
[19980:14964:0217/174851.535:VERBOSE1:media_stream_manager.cc(1533)] MSPL::OnSpeedLimitChange({this=000000A400156D40}, {new_limit=28})
[19980:14964:0217/174858.532:VERBOSE1:media_stream_manager.cc(1533)] MSPL::OnSpeedLimitChange({this=000000A400156D40}, {new_limit=27})
[16920:14044:0217/174902.867:VERBOSE1:network_delegate.cc(36)] NetworkDelegate::NotifyBeforeURLRequest: https://optimizationguide-pa.googleapis.com/v1:GetModels?key=dummytoken
[16920:14044:0217/174902.891:VERBOSE1:tls_handshaker.cc(105)] TlsClient: Continuing handshake
[16920:14044:0217/174902.898:VERBOSE1:tls_handshaker.cc(126)] TlsClient: SSL_do_handshake returned when entering early data. After retry, rv=-1, SSL_in_early_data=1
[16920:14044:0217/174903.152:VERBOSE1:tls_handshaker.cc(105)] TlsClient: Continuing handshake
[16920:14044:0217/174903.153:VERBOSE1:tls_handshaker.cc(105)] TlsClient: Continuing handshake
[16920:14044:0217/174903.154:VERBOSE1:tls_client_handshaker.cc(528)] Client: handshake finished
[19980:14964:0217/174904.534:VERBOSE1:media_stream_manager.cc(1533)] MSPL::OnSpeedLimitChange({this=000000A400156D40}, {new_limit=26})
[19980:14964:0217/174915.535:VERBOSE1:media_stream_manager.cc(1533)] MSPL::OnSpeedLimitChange({this=000000A400156D40}, {new_limit=27})
[19980:14964:0217/174916.534:VERBOSE1:media_stream_manager.cc(1533)] MSPL::OnSpeedLimitChange({this=000000A400156D40}, {new_limit=26})
[19980:14964:0217/174926.537:VERBOSE1:media_stream_manager.cc(1533)] MSPL::OnSpeedLimitChange({this=000000A400156D40}, {new_limit=27})
[19980:14964:0217/174938.539:VERBOSE1:media_stream_manager.cc(1533)] MSPL::OnSpeedLimitChange({this=000000A400156D40}, {new_limit=28})
[19980:14964:0217/174941.538:VERBOSE1:media_stream_manager.cc(1533)] MSPL::OnSpeedLimitChange({this=000000A400156D40}, {new_limit=27})
[19980:14964:0217/174943.540:VERBOSE1:media_stream_manager.cc(1533)] MSPL::OnSpeedLimitChange({this=000000A400156D40}, {new_limit=26})
[19980:14964:0217/174946.540:VERBOSE1:media_stream_manager.cc(1533)] MSPL::OnSpeedLimitChange({this=000000A400156D40}, {new_limit=25})
[19980:14964:0217/174952.545:VERBOSE1:media_stream_manager.cc(1533)] MSPL::OnSpeedLimitChange({this=000000A400156D40}, {new_limit=26})
[19980:14964:0217/174956.542:VERBOSE1:media_stream_manager.cc(1533)] MSPL::OnSpeedLimitChange({this=000000A400156D40}, {new_limit=27})
[19980:14964:0217/175001.545:VERBOSE1:media_stream_manager.cc(1533)] MSPL::OnSpeedLimitChange({this=000000A400156D40}, {new_limit=26})
[19980:14964:0217/175009.879:VERBOSE1:media_stream_manager.cc(1533)] MSPL::OnSpeedLimitChange({this=000000A400156D40}, {new_limit=25})
[19980:14964:0217/175014.879:VERBOSE1:media_stream_manager.cc(1533)] MSPL::OnSpeedLimitChange({this=000000A400156D40}, {new_limit=26})
[19980:14964:0217/175022.881:VERBOSE1:media_stream_manager.cc(1533)] MSPL::OnSpeedLimitChange({this=000000A400156D40}, {new_limit=25})
[19980:14964:0217/175024.882:VERBOSE1:media_stream_manager.cc(1533)] MSPL::OnSpeedLimitChange({this=000000A400156D40}, {new_limit=24})
[19980:14964:0217/175030.883:VERBOSE1:media_stream_manager.cc(1533)] MSPL::OnSpeedLimitChange({this=000000A400156D40}, {new_limit=25})
[19980:14964:0217/175033.890:VERBOSE1:media_stream_manager.cc(1533)] MSPL::OnSpeedLimitChange({this=000000A400156D40}, {new_limit=26})
[19980:14964:0217/175045.888:VERBOSE1:media_stream_manager.cc(1533)] MSPL::OnSpeedLimitChange({this=000000A400156D40}, {new_limit=27})
[19980:14964:0217/175046.890:VERBOSE1:media_stream_manager.cc(1533)] MSPL::OnSpeedLimitChange({this=000000A400156D40}, {new_limit=26})
[19980:14964:0217/175049.889:VERBOSE1:media_stream_manager.cc(1533)] MSPL::OnSpeedLimitChange({this=000000A400156D40}, {new_limit=27})
[19980:14964:0217/175050.888:VERBOSE1:media_stream_manager.cc(1533)] MSPL::OnSpeedLimitChange({this=000000A400156D40}, {new_limit=26})
[19980:14964:0217/175051.890:VERBOSE1:media_stream_manager.cc(1533)] MSPL::OnSpeedLimitChange({this=000000A400156D40}, {new_limit=27})
[19980:14964:0217/175052.888:VERBOSE1:media_stream_manager.cc(1533)] MSPL::OnSpeedLimitChange({this=000000A400156D40}, {new_limit=26})
[19980:14964:0217/175056.887:VERBOSE1:media_stream_manager.cc(1533)] MSPL::OnSpeedLimitChange({this=000000A400156D40}, {new_limit=27})
[19980:14964:0217/175059.887:VERBOSE1:media_stream_manager.cc(1533)] MSPL::OnSpeedLimitChange({this=000000A400156D40}, {new_limit=26})
[19980:14964:0217/175107.889:VERBOSE1:media_stream_manager.cc(1533)] MSPL::OnSpeedLimitChange({this=000000A400156D40}, {new_limit=27})
[19980:14964:0217/175119.896:VERBOSE1:media_stream_manager.cc(1533)] MSPL::OnSpeedLimitChange({this=000000A400156D40}, {new_limit=26})
[19980:14964:0217/175120.896:VERBOSE1:media_stream_manager.cc(1533)] MSPL::OnSpeedLimitChange({this=000000A400156D40}, {new_limit=27})
[19980:14964:0217/175129.899:VERBOSE1:media_stream_manager.cc(1533)] MSPL::OnSpeedLimitChange({this=000000A400156D40}, {new_limit=28})
[16920:14044:0217/175133.567:VERBOSE1:network_delegate.cc(36)] NetworkDelegate::NotifyBeforeURLRequest: https://optimizationguide-pa.googleapis.com/v1:GetModels?key=dummytoken
[16920:14044:0217/175133.583:VERBOSE1:tls_handshaker.cc(105)] TlsClient: Continuing handshake
[16920:14044:0217/175133.584:VERBOSE1:tls_handshaker.cc(126)] TlsClient: SSL_do_handshake returned when entering early data. After retry, rv=-1, SSL_in_early_data=1
[16920:14044:0217/175133.860:VERBOSE1:tls_handshaker.cc(105)] TlsClient: Continuing handshake
[16920:14044:0217/175133.861:VERBOSE1:tls_handshaker.cc(105)] TlsClient: Continuing handshake
[16920:14044:0217/175133.862:VERBOSE1:tls_client_handshaker.cc(528)] Client: handshake finished
[19980:14964:0217/175137.901:VERBOSE1:media_stream_manager.cc(1533)] MSPL::OnSpeedLimitChange({this=000000A400156D40}, {new_limit=27})
[19980:14964:0217/175142.902:VERBOSE1:media_stream_manager.cc(1533)] MSPL::OnSpeedLimitChange({this=000000A400156D40}, {new_limit=26})
[19980:14964:0217/175143.901:VERBOSE1:media_stream_manager.cc(1533)] MSPL::OnSpeedLimitChange({this=000000A400156D40}, {new_limit=25})
[19980:14964:0217/175152.904:VERBOSE1:media_stream_manager.cc(1533)] MSPL::OnSpeedLimitChange({this=000000A400156D40}, {new_limit=26})
[19980:14964:0217/175153.910:VERBOSE1:media_stream_manager.cc(1533)] MSPL::OnSpeedLimitChange({this=000000A400156D40}, {new_limit=27})
[19980:14964:0217/175158.908:VERBOSE1:media_stream_manager.cc(1533)] MSPL::OnSpeedLimitChange({this=000000A400156D40}, {new_limit=28})
[19980:14964:0217/175159.904:VERBOSE1:media_stream_manager.cc(1533)] MSPL::OnSpeedLimitChange({this=000000A400156D40}, {new_limit=27})
[19980:14964:0217/175219.907:VERBOSE1:media_stream_manager.cc(1533)] MSPL::OnSpeedLimitChange({this=000000A400156D40}, {new_limit=26})
[19980:14964:0217/175227.908:VERBOSE1:media_stream_manager.cc(1533)] MSPL::OnSpeedLimitChange({this=000000A400156D40}, {new_limit=25})
[19980:14964:0217/175228.908:VERBOSE1:media_stream_manager.cc(1533)] MSPL::OnSpeedLimitChange({this=000000A400156D40}, {new_limit=26})
[19980:14964:0217/175237.911:VERBOSE1:media_stream_manager.cc(1533)] MSPL::OnSpeedLimitChange({this=000000A400156D40}, {new_limit=27})
[19980:14964:0217/175306.918:VERBOSE1:media_stream_manager.cc(1533)] MSPL::OnSpeedLimitChange({this=000000A400156D40}, {new_limit=26})
[19980:14964:0217/175316.919:VERBOSE1:media_stream_manager.cc(1533)] MSPL::OnSpeedLimitChange({this=000000A400156D40}, {new_limit=27})
[19980:14964:0217/175327.925:VERBOSE1:media_stream_manager.cc(1533)] MSPL::OnSpeedLimitChange({this=000000A400156D40}, {new_limit=26})
[19980:14964:0217/175333.925:VERBOSE1:media_stream_manager.cc(1533)] MSPL::OnSpeedLimitChange({this=000000A400156D40}, {new_limit=25})
[19980:14964:0217/175335.921:VERBOSE1:media_stream_manager.cc(1533)] MSPL::OnSpeedLimitChange({this=000000A400156D40}, {new_limit=26})
[19980:14964:0217/175340.926:VERBOSE1:media_stream_manager.cc(1533)] MSPL::OnSpeedLimitChange({this=000000A400156D40}, {new_limit=27})
[19980:14964:0217/175342.925:VERBOSE1:media_stream_manager.cc(1533)] MSPL::OnSpeedLimitChange({this=000000A400156D40}, {new_limit=26})
[19980:14964:0217/175343.922:VERBOSE1:media_stream_manager.cc(1533)] MSPL::OnSpeedLimitChange({this=000000A400156D40}, {new_limit=27})
[19980:14964:0217/175415.938:VERBOSE1:media_stream_manager.cc(1533)] MSPL::OnSpeedLimitChange({this=000000A400156D40}, {new_limit=26})
[16920:14044:0217/175424.610:VERBOSE1:network_delegate.cc(36)] NetworkDelegate::NotifyBeforeURLRequest: https://optimizationguide-pa.googleapis.com/v1:GetModels?key=dummytoken
[16920:14044:0217/175424.668:VERBOSE1:tls_handshaker.cc(105)] TlsClient: Continuing handshake
[16920:14044:0217/175424.677:VERBOSE1:tls_handshaker.cc(126)] TlsClient: SSL_do_handshake returned when entering early data. After retry, rv=-1, SSL_in_early_data=1
[16920:14044:0217/175424.941:VERBOSE1:tls_handshaker.cc(105)] TlsClient: Continuing handshake
[16920:14044:0217/175424.942:VERBOSE1:tls_handshaker.cc(105)] TlsClient: Continuing handshake
[16920:14044:0217/175424.942:VERBOSE1:tls_client_handshaker.cc(528)] Client: handshake finished
[19980:14964:0217/175425.938:VERBOSE1:media_stream_manager.cc(1533)] MSPL::OnSpeedLimitChange({this=000000A400156D40}, {new_limit=27})
[19980:14964:0217/175522.945:VERBOSE1:media_stream_manager.cc(1533)] MSPL::OnSpeedLimitChange({this=000000A400156D40}, {new_limit=26})
[19980:14964:0217/175524.943:VERBOSE1:media_stream_manager.cc(1533)] MSPL::OnSpeedLimitChange({this=000000A400156D40}, {new_limit=27})
[19980:14964:0217/175525.944:VERBOSE1:media_stream_manager.cc(1533)] MSPL::OnSpeedLimitChange({this=000000A400156D40}, {new_limit=25})
[19980:14964:0217/175535.947:VERBOSE1:media_stream_manager.cc(1533)] MSPL::OnSpeedLimitChange({this=000000A400156D40}, {new_limit=26})
[19980:14964:0217/175540.952:VERBOSE1:media_stream_manager.cc(1533)] MSPL::OnSpeedLimitChange({this=000000A400156D40}, {new_limit=27})
[19980:14964:0217/175618.966:VERBOSE1:media_stream_manager.cc(1533)] MSPL::OnSpeedLimitChange({this=000000A400156D40}, {new_limit=26})
[19980:14964:0217/175620.964:VERBOSE1:media_stream_manager.cc(1533)] MSPL::OnSpeedLimitChange({this=000000A400156D40}, {new_limit=27})
[19980:14964:0217/175711.968:VERBOSE1:media_stream_manager.cc(1533)] MSPL::OnSpeedLimitChange({this=000000A400156D40}, {new_limit=26})
[16920:14044:0217/175717.639:VERBOSE1:network_delegate.cc(36)] NetworkDelegate::NotifyBeforeURLRequest: https://optimizationguide-pa.googleapis.com/v1:GetModels?key=dummytoken
[16920:14044:0217/175717.672:VERBOSE1:tls_handshaker.cc(105)] TlsClient: Continuing handshake
[16920:14044:0217/175717.679:VERBOSE1:tls_handshaker.cc(126)] TlsClient: SSL_do_handshake returned when entering early data. After retry, rv=-1, SSL_in_early_data=1
[16920:14044:0217/175717.921:VERBOSE1:tls_handshaker.cc(105)] TlsClient: Continuing handshake
[16920:14044:0217/175717.922:VERBOSE1:tls_handshaker.cc(105)] TlsClient: Continuing handshake
[16920:14044:0217/175717.922:VERBOSE1:tls_client_handshaker.cc(528)] Client: handshake finished
[19980:14964:0217/175721.974:VERBOSE1:media_stream_manager.cc(1533)] MSPL::OnSpeedLimitChange({this=000000A400156D40}, {new_limit=27})
[19980:14964:0217/175723.970:VERBOSE1:media_stream_manager.cc(1533)] MSPL::OnSpeedLimitChange({this=000000A400156D40}, {new_limit=26})
[19980:14964:0217/175724.969:VERBOSE1:media_stream_manager.cc(1533)] MSPL::OnSpeedLimitChange({this=000000A400156D40}, {new_limit=27})
[19980:14964:0217/175806.985:VERBOSE1:media_stream_manager.cc(1533)] MSPL::OnSpeedLimitChange({this=000000A400156D40}, {new_limit=28})
[19980:14964:0217/175818.984:VERBOSE1:media_stream_manager.cc(1533)] MSPL::OnSpeedLimitChange({this=000000A400156D40}, {new_limit=27})
[19980:5976:0217/175851.806:VERBOSE1:device_event_log_impl.cc(198)] [17:58:51.806] Display: EVENT: screen_win.cc:893 Displays updated, count: 1
[19980:5976:0217/175851.806:VERBOSE1:device_event_log_impl.cc(198)] [17:58:51.806] Display: EVENT: screen_win.cc:895 Display[3649455471] bounds=[0,0 1920x1080], workarea=[0,0 1920x1032], scale=1, rotation=0, panel_rotation=0 external detected
[19980:14964:0217/175853.995:VERBOSE1:media_stream_manager.cc(1533)] MSPL::OnSpeedLimitChange({this=000000A400156D40}, {new_limit=26})
[19980:14964:0217/175856.983:VERBOSE1:media_stream_manager.cc(1533)] MSPL::OnSpeedLimitChange({this=000000A400156D40}, {new_limit=25})
[19980:14964:0217/175858.992:VERBOSE1:media_stream_manager.cc(1533)] MSPL::OnSpeedLimitChange({this=000000A400156D40}, {new_limit=24})
[19980:14964:0217/175900.988:VERBOSE1:media_stream_manager.cc(1533)] MSPL::OnSpeedLimitChange({this=000000A400156D40}, {new_limit=23})
[19980:14964:0217/175923.123:VERBOSE1:media_stream_manager.cc(1533)] MSPL::OnSpeedLimitChange({this=000000A400156D40}, {new_limit=24})
[19980:5976:0217/175924.205:VERBOSE1:device_event_log_impl.cc(198)] [17:59:24.205] Display: EVENT: screen_win.cc:893 Displays updated, count: 1
[19980:5976:0217/175924.205:VERBOSE1:device_event_log_impl.cc(198)] [17:59:24.205] Display: EVENT: screen_win.cc:895 Display[3649455471] bounds=[0,0 1920x1080], workarea=[0,0 1920x1032], scale=1, rotation=0, panel_rotation=0 external detected
[19980:14964:0217/175931.015:VERBOSE1:media_stream_manager.cc(1533)] MSPL::OnSpeedLimitChange({this=000000A400156D40}, {new_limit=25})
[19980:14964:0217/175938.018:VERBOSE1:media_stream_manager.cc(1533)] MSPL::OnSpeedLimitChange({this=000000A400156D40}, {new_limit=24})
[19980:14964:0217/175939.020:VERBOSE1:media_stream_manager.cc(1533)] MSPL::OnSpeedLimitChange({this=000000A400156D40}, {new_limit=25})
[19980:14964:0217/175942.018:VERBOSE1:media_stream_manager.cc(1533)] MSPL::OnSpeedLimitChange({this=000000A400156D40}, {new_limit=24})
[16920:14044:0217/175950.555:VERBOSE1:network_delegate.cc(36)] NetworkDelegate::NotifyBeforeURLRequest: https://optimizationguide-pa.googleapis.com/v1:GetModels?key=dummytoken
[16920:14044:0217/175950.572:VERBOSE1:tls_handshaker.cc(105)] TlsClient: Continuing handshake
[16920:14044:0217/175950.574:VERBOSE1:tls_handshaker.cc(126)] TlsClient: SSL_do_handshake returned when entering early data. After retry, rv=-1, SSL_in_early_data=1
[16920:14044:0217/175950.822:VERBOSE1:tls_handshaker.cc(105)] TlsClient: Continuing handshake
[16920:14044:0217/175950.822:VERBOSE1:tls_handshaker.cc(105)] TlsClient: Continuing handshake
[16920:14044:0217/175950.822:VERBOSE1:tls_client_handshaker.cc(528)] Client: handshake finished
[19980:14964:0217/175951.021:VERBOSE1:media_stream_manager.cc(1533)] MSPL::OnSpeedLimitChange({this=000000A400156D40}, {new_limit=23})
[19980:14964:0217/175953.041:VERBOSE1:media_stream_manager.cc(1533)] MSPL::OnSpeedLimitChange({this=000000A400156D40}, {new_limit=24})
[19980:14964:0217/175957.028:VERBOSE1:media_stream_manager.cc(1533)] MSPL::OnSpeedLimitChange({this=000000A400156D40}, {new_limit=23})
[19980:14964:0217/180003.040:VERBOSE1:media_stream_manager.cc(1533)] MSPL::OnSpeedLimitChange({this=000000A400156D40}, {new_limit=22})
[19980:14964:0217/180008.041:VERBOSE1:media_stream_manager.cc(1533)] MSPL::OnSpeedLimitChange({this=000000A400156D40}, {new_limit=23})
[19980:14964:0217/180012.041:VERBOSE1:media_stream_manager.cc(1533)] MSPL::OnSpeedLimitChange({this=000000A400156D40}, {new_limit=24})
[19980:14964:0217/180019.045:VERBOSE1:media_stream_manager.cc(1533)] MSPL::OnSpeedLimitChange({this=000000A400156D40}, {new_limit=23})
[19980:14964:0217/180028.050:VERBOSE1:media_stream_manager.cc(1533)] MSPL::OnSpeedLimitChange({this=000000A400156D40}, {new_limit=22})
[19980:14964:0217/180031.061:VERBOSE1:media_stream_manager.cc(1533)] MSPL::OnSpeedLimitChange({this=000000A400156D40}, {new_limit=23})
[19980:14964:0217/180034.061:VERBOSE1:media_stream_manager.cc(1533)] MSPL::OnSpeedLimitChange({this=000000A400156D40}, {new_limit=22})
[19980:14964:0217/180038.065:VERBOSE1:media_stream_manager.cc(1533)] MSPL::OnSpeedLimitChange({this=000000A400156D40}, {new_limit=23})
[19980:14964:0217/180044.067:VERBOSE1:media_stream_manager.cc(1533)] MSPL::OnSpeedLimitChange({this=000000A400156D40}, {new_limit=24})
[19980:14964:0217/180133.086:VERBOSE1:media_stream_manager.cc(1533)] MSPL::OnSpeedLimitChange({this=000000A400156D40}, {new_limit=23})
[19980:14964:0217/180135.090:VERBOSE1:media_stream_manager.cc(1533)] MSPL::OnSpeedLimitChange({this=000000A400156D40}, {new_limit=24})
[19980:14964:0217/180140.095:VERBOSE1:media_stream_manager.cc(1533)] MSPL::OnSpeedLimitChange({this=000000A400156D40}, {new_limit=23})
[19980:14964:0217/180143.105:VERBOSE1:media_stream_manager.cc(1533)] MSPL::OnSpeedLimitChange({this=000000A400156D40}, {new_limit=24})
[19980:14964:0217/180147.106:VERBOSE1:media_stream_manager.cc(1533)] MSPL::OnSpeedLimitChange({this=000000A400156D40}, {new_limit=23})
[19980:14964:0217/180148.106:VERBOSE1:media_stream_manager.cc(1533)] MSPL::OnSpeedLimitChange({this=000000A400156D40}, {new_limit=24})
[19980:14964:0217/180154.106:VERBOSE1:media_stream_manager.cc(1533)] MSPL::OnSpeedLimitChange({this=000000A400156D40}, {new_limit=23})
[19980:14964:0217/180157.106:VERBOSE1:media_stream_manager.cc(1533)] MSPL::OnSpeedLimitChange({this=000000A400156D40}, {new_limit=24})
[19980:14964:0217/180200.116:VERBOSE1:media_stream_manager.cc(1533)] MSPL::OnSpeedLimitChange({this=000000A400156D40}, {new_limit=23})
[19980:14964:0217/180201.116:VERBOSE1:media_stream_manager.cc(1533)] MSPL::OnSpeedLimitChange({this=000000A400156D40}, {new_limit=24})
[19980:14964:0217/180204.107:VERBOSE1:media_stream_manager.cc(1533)] MSPL::OnSpeedLimitChange({this=000000A400156D40}, {new_limit=25})
[19980:14964:0217/180215.114:VERBOSE1:media_stream_manager.cc(1533)] MSPL::OnSpeedLimitChange({this=000000A400156D40}, {new_limit=26})
[19980:14964:0217/180220.117:VERBOSE1:media_stream_manager.cc(1533)] MSPL::OnSpeedLimitChange({this=000000A400156D40}, {new_limit=27})
[19980:14964:0217/180222.118:VERBOSE1:media_stream_manager.cc(1533)] MSPL::OnSpeedLimitChange({this=000000A400156D40}, {new_limit=26})
[19980:14964:0217/180223.120:VERBOSE1:media_stream_manager.cc(1533)] MSPL::OnSpeedLimitChange({this=000000A400156D40}, {new_limit=27})
[16920:14044:0217/180226.654:VERBOSE1:network_delegate.cc(36)] NetworkDelegate::NotifyBeforeURLRequest: https://optimizationguide-pa.googleapis.com/v1:GetModels?key=dummytoken
[16920:14044:0217/180226.667:VERBOSE1:tls_handshaker.cc(105)] TlsClient: Continuing handshake
[16920:14044:0217/180226.686:VERBOSE1:tls_handshaker.cc(105)] TlsClient: Continuing handshake
[16920:14044:0217/180226.687:VERBOSE1:tls_handshaker.cc(126)] TlsClient: SSL_do_handshake returned when entering early data. After retry, rv=-1, SSL_in_early_data=1
[16920:14044:0217/180226.910:VERBOSE1:tls_handshaker.cc(105)] TlsClient: Continuing handshake
[16920:14044:0217/180226.910:VERBOSE1:tls_handshaker.cc(105)] TlsClient: Continuing handshake
[16920:14044:0217/180226.911:VERBOSE1:tls_client_handshaker.cc(528)] Client: handshake finished
[19980:14964:0217/180230.124:VERBOSE1:media_stream_manager.cc(1533)] MSPL::OnSpeedLimitChange({this=000000A400156D40}, {new_limit=26})
[19980:14964:0217/180234.124:VERBOSE1:media_stream_manager.cc(1533)] MSPL::OnSpeedLimitChange({this=000000A400156D40}, {new_limit=25})
[19980:14964:0217/180237.141:VERBOSE1:media_stream_manager.cc(1533)] MSPL::OnSpeedLimitChange({this=000000A400156D40}, {new_limit=24})
[19980:14964:0217/180239.146:VERBOSE1:media_stream_manager.cc(1533)] MSPL::OnSpeedLimitChange({this=000000A400156D40}, {new_limit=23})
[19980:14964:0217/180241.141:VERBOSE1:media_stream_manager.cc(1533)] MSPL::OnSpeedLimitChange({this=000000A400156D40}, {new_limit=24})
[19980:14964:0217/180253.142:VERBOSE1:media_stream_manager.cc(1533)] MSPL::OnSpeedLimitChange({this=000000A400156D40}, {new_limit=23})
[19980:14964:0217/180256.142:VERBOSE1:media_stream_manager.cc(1533)] MSPL::OnSpeedLimitChange({this=000000A400156D40}, {new_limit=24})
[19980:14964:0217/180300.143:VERBOSE1:media_stream_manager.cc(1533)] MSPL::OnSpeedLimitChange({this=000000A400156D40}, {new_limit=23})
[19980:14964:0217/180310.162:VERBOSE1:media_stream_manager.cc(1533)] MSPL::OnSpeedLimitChange({this=000000A400156D40}, {new_limit=24})
[19980:14964:0217/180320.164:VERBOSE1:media_stream_manager.cc(1533)] MSPL::OnSpeedLimitChange({this=000000A400156D40}, {new_limit=23})
[19980:14964:0217/180340.173:VERBOSE1:media_stream_manager.cc(1533)] MSPL::OnSpeedLimitChange({this=000000A400156D40}, {new_limit=24})
[19980:14964:0217/180345.181:VERBOSE1:media_stream_manager.cc(1533)] MSPL::OnSpeedLimitChange({this=000000A400156D40}, {new_limit=25})
[19980:14964:0217/180354.187:VERBOSE1:media_stream_manager.cc(1533)] MSPL::OnSpeedLimitChange({this=000000A400156D40}, {new_limit=24})
[19980:14964:0217/180356.186:VERBOSE1:media_stream_manager.cc(1533)] MSPL::OnSpeedLimitChange({this=000000A400156D40}, {new_limit=23})
[19980:14964:0217/180400.352:VERBOSE1:media_stream_manager.cc(1533)] MSPL::OnSpeedLimitChange({this=000000A400156D40}, {new_limit=24})
[19980:14964:0217/180404.350:VERBOSE1:media_stream_manager.cc(1533)] MSPL::OnSpeedLimitChange({this=000000A400156D40}, {new_limit=25})
[19980:5976:0217/180405.631:VERBOSE1:device_event_log_impl.cc(198)] [18:04:05.631] Display: EVENT: screen_win.cc:893 Displays updated, count: 1
[19980:5976:0217/180405.631:VERBOSE1:device_event_log_impl.cc(198)] [18:04:05.631] Display: EVENT: screen_win.cc:895 Display[3649455471] bounds=[0,0 1920x1080], workarea=[0,0 1920x1032], scale=1, rotation=0, panel_rotation=0 external detected
[19980:14964:0217/180412.190:VERBOSE1:media_stream_manager.cc(1533)] MSPL::OnSpeedLimitChange({this=000000A400156D40}, {new_limit=24})
[19980:14964:0217/180415.203:VERBOSE1:media_stream_manager.cc(1533)] MSPL::OnSpeedLimitChange({this=000000A400156D40}, {new_limit=23})
[19980:14964:0217/180416.198:VERBOSE1:media_stream_manager.cc(1533)] MSPL::OnSpeedLimitChange({this=000000A400156D40}, {new_limit=24})
[19980:14964:0217/180419.298:VERBOSE1:media_stream_manager.cc(1533)] MSPL::OnSpeedLimitChange({this=000000A400156D40}, {new_limit=25})
[19980:5976:0217/180419.827:VERBOSE1:device_event_log_impl.cc(198)] [18:04:19.828] Display: EVENT: screen_win.cc:893 Displays updated, count: 1
[19980:5976:0217/180419.827:VERBOSE1:device_event_log_impl.cc(198)] [18:04:19.828] Display: EVENT: screen_win.cc:895 Display[3649455471] bounds=[0,0 1920x1080], workarea=[0,0 1920x1032], scale=1, rotation=0, panel_rotation=0 external detected
[19980:14964:0217/180422.208:VERBOSE1:media_stream_manager.cc(1533)] MSPL::OnSpeedLimitChange({this=000000A400156D40}, {new_limit=24})
[19980:14964:0217/180426.343:VERBOSE1:media_stream_manager.cc(1533)] MSPL::OnSpeedLimitChange({this=000000A400156D40}, {new_limit=25})
[19980:14964:0217/180431.353:VERBOSE1:media_stream_manager.cc(1533)] MSPL::OnSpeedLimitChange({this=000000A400156D40}, {new_limit=26})
[19980:14964:0217/180433.351:VERBOSE1:media_stream_manager.cc(1533)] MSPL::OnSpeedLimitChange({this=000000A400156D40}, {new_limit=27})
[19980:14964:0217/180438.359:VERBOSE1:media_stream_manager.cc(1533)] MSPL::OnSpeedLimitChange({this=000000A400156D40}, {new_limit=28})
[19980:14964:0217/180440.354:VERBOSE1:media_stream_manager.cc(1533)] MSPL::OnSpeedLimitChange({this=000000A400156D40}, {new_limit=27})
[19980:5976:0217/180440.473:VERBOSE1:device_event_log_impl.cc(198)] [18:04:40.472] Display: EVENT: screen_win.cc:893 Displays updated, count: 1
[19980:5976:0217/180440.473:VERBOSE1:device_event_log_impl.cc(198)] [18:04:40.473] Display: EVENT: screen_win.cc:895 Display[3649455471] bounds=[0,0 1920x1080], workarea=[0,0 1920x1032], scale=1, rotation=0, panel_rotation=0 external detected
[19980:14964:0217/180443.216:VERBOSE1:media_stream_manager.cc(1533)] MSPL::OnSpeedLimitChange({this=000000A400156D40}, {new_limit=26})
[19980:14964:0217/180448.319:VERBOSE1:media_stream_manager.cc(1533)] MSPL::OnSpeedLimitChange({this=000000A400156D40}, {new_limit=25})
[19980:14964:0217/180452.323:VERBOSE1:media_stream_manager.cc(1533)] MSPL::OnSpeedLimitChange({this=000000A400156D40}, {new_limit=26})
[19980:14964:0217/180506.319:VERBOSE1:media_stream_manager.cc(1533)] MSPL::OnSpeedLimitChange({this=000000A400156D40}, {new_limit=25})
[19980:14964:0217/180510.318:VERBOSE1:media_stream_manager.cc(1533)] MSPL::OnSpeedLimitChange({this=000000A400156D40}, {new_limit=26})
[19980:14964:0217/180516.321:VERBOSE1:media_stream_manager.cc(1533)] MSPL::OnSpeedLimitChange({this=000000A400156D40}, {new_limit=27})
[19980:14964:0217/180517.335:VERBOSE1:media_stream_manager.cc(1533)] MSPL::OnSpeedLimitChange({this=000000A400156D40}, {new_limit=26})
[19980:14964:0217/180518.320:VERBOSE1:media_stream_manager.cc(1533)] MSPL::OnSpeedLimitChange({this=000000A400156D40}, {new_limit=27})
[19980:14964:0217/180519.331:VERBOSE1:media_stream_manager.cc(1533)] MSPL::OnSpeedLimitChange({this=000000A400156D40}, {new_limit=26})
[16920:14044:0217/180521.345:VERBOSE1:network_delegate.cc(36)] NetworkDelegate::NotifyBeforeURLRequest: https://optimizationguide-pa.googleapis.com/v1:GetModels?key=dummytoken
[16920:14044:0217/180521.390:VERBOSE1:tls_handshaker.cc(105)] TlsClient: Continuing handshake
[16920:14044:0217/180521.391:VERBOSE1:tls_handshaker.cc(126)] TlsClient: SSL_do_handshake returned when entering early data. After retry, rv=-1, SSL_in_early_data=1
[16920:14044:0217/180521.655:VERBOSE1:tls_handshaker.cc(105)] TlsClient: Continuing handshake
[16920:14044:0217/180521.659:VERBOSE1:tls_handshaker.cc(105)] TlsClient: Continuing handshake
[16920:14044:0217/180521.660:VERBOSE1:tls_client_handshaker.cc(528)] Client: handshake finished
[19980:14964:0217/180534.322:VERBOSE1:media_stream_manager.cc(1533)] MSPL::OnSpeedLimitChange({this=000000A400156D40}, {new_limit=25})
[19980:14964:0217/180544.339:VERBOSE1:media_stream_manager.cc(1533)] MSPL::OnSpeedLimitChange({this=000000A400156D40}, {new_limit=26})
[19980:14964:0217/180549.327:VERBOSE1:media_stream_manager.cc(1533)] MSPL::OnSpeedLimitChange({this=000000A400156D40}, {new_limit=25})
[19980:14964:0217/180555.333:VERBOSE1:media_stream_manager.cc(1533)] MSPL::OnSpeedLimitChange({this=000000A400156D40}, {new_limit=24})
[19980:14964:0217/180556.348:VERBOSE1:media_stream_manager.cc(1533)] MSPL::OnSpeedLimitChange({this=000000A400156D40}, {new_limit=25})
[19980:14964:0217/180604.333:VERBOSE1:media_stream_manager.cc(1533)] MSPL::OnSpeedLimitChange({this=000000A400156D40}, {new_limit=26})
[19980:14964:0217/180610.346:VERBOSE1:media_stream_manager.cc(1533)] MSPL::OnSpeedLimitChange({this=000000A400156D40}, {new_limit=27})
[19980:14964:0217/180617.334:VERBOSE1:media_stream_manager.cc(1533)] MSPL::OnSpeedLimitChange({this=000000A400156D40}, {new_limit=26})
[19980:14964:0217/180629.350:VERBOSE1:media_stream_manager.cc(1533)] MSPL::OnSpeedLimitChange({this=000000A400156D40}, {new_limit=27})
[19980:14964:0217/180652.339:VERBOSE1:media_stream_manager.cc(1533)] MSPL::OnSpeedLimitChange({this=000000A400156D40}, {new_limit=26})
[19980:14964:0217/180658.346:VERBOSE1:media_stream_manager.cc(1533)] MSPL::OnSpeedLimitChange({this=000000A400156D40}, {new_limit=27})
[19980:14964:0217/180700.343:VERBOSE1:media_stream_manager.cc(1533)] MSPL::OnSpeedLimitChange({this=000000A400156D40}, {new_limit=26})
[19980:14964:0217/180702.342:VERBOSE1:media_stream_manager.cc(1533)] MSPL::OnSpeedLimitChange({this=000000A400156D40}, {new_limit=27})
[19980:14964:0217/180712.345:VERBOSE1:media_stream_manager.cc(1533)] MSPL::OnSpeedLimitChange({this=000000A400156D40}, {new_limit=26})
[19980:14964:0217/180716.348:VERBOSE1:media_stream_manager.cc(1533)] MSPL::OnSpeedLimitChange({this=000000A400156D40}, {new_limit=25})
[19980:14964:0217/180717.346:VERBOSE1:media_stream_manager.cc(1533)] MSPL::OnSpeedLimitChange({this=000000A400156D40}, {new_limit=24})
[19980:14964:0217/180719.347:VERBOSE1:media_stream_manager.cc(1533)] MSPL::OnSpeedLimitChange({this=000000A400156D40}, {new_limit=25})
[19980:14964:0217/180722.350:VERBOSE1:media_stream_manager.cc(1533)] MSPL::OnSpeedLimitChange({this=000000A400156D40}, {new_limit=26})
[19980:14964:0217/180727.360:VERBOSE1:media_stream_manager.cc(1533)] MSPL::OnSpeedLimitChange({this=000000A400156D40}, {new_limit=27})
[19980:5976:0217/180740.039:VERBOSE1:device_event_log_impl.cc(198)] [18:07:40.039] Display: EVENT: screen_win.cc:893 Displays updated, count: 1
[19980:5976:0217/180740.039:VERBOSE1:device_event_log_impl.cc(198)] [18:07:40.039] Display: EVENT: screen_win.cc:895 Display[3649455471] bounds=[0,0 1920x1080], workarea=[0,0 1920x1032], scale=1, rotation=0, panel_rotation=0 external detected
[19980:14964:0217/180801.894:VERBOSE1:media_stream_manager.cc(1533)] MSPL::OnSpeedLimitChange({this=000000A400156D40}, {new_limit=26})
[19980:14964:0217/180801.894:VERBOSE1:media_stream_manager.cc(1533)] MSPL::OnSpeedLimitChange({this=000000A400156D40}, {new_limit=27})
[19980:14964:0217/180801.894:VERBOSE1:media_stream_manager.cc(1533)] MSPL::OnSpeedLimitChange({this=000000A400156D40}, {new_limit=26})
[19980:14964:0217/180801.894:VERBOSE1:media_stream_manager.cc(1533)] MSPL::OnSpeedLimitChange({this=000000A400156D40}, {new_limit=25})
[16920:14044:0217/180801.896:VERBOSE1:network_delegate.cc(36)] NetworkDelegate::NotifyBeforeURLRequest: https://optimizationguide-pa.googleapis.com/v1:GetModels?key=dummytoken
[16920:14044:0217/180801.905:VERBOSE1:tls_handshaker.cc(105)] TlsClient: Continuing handshake
[16920:14044:0217/180801.906:VERBOSE1:tls_handshaker.cc(126)] TlsClient: SSL_do_handshake returned when entering early data. After retry, rv=-1, SSL_in_early_data=1
[16920:14044:0217/180802.167:VERBOSE1:tls_handshaker.cc(105)] TlsClient: Continuing handshake
[16920:14044:0217/180802.168:VERBOSE1:tls_handshaker.cc(105)] TlsClient: Continuing handshake
[16920:14044:0217/180802.168:VERBOSE1:tls_client_handshaker.cc(528)] Client: handshake finished
[19980:14964:0217/180803.378:VERBOSE1:media_stream_manager.cc(1533)] MSPL::OnSpeedLimitChange({this=000000A400156D40}, {new_limit=24})
[19980:14964:0217/180806.369:VERBOSE1:media_stream_manager.cc(1533)] MSPL::OnSpeedLimitChange({this=000000A400156D40}, {new_limit=23})
[19980:14964:0217/180808.369:VERBOSE1:media_stream_manager.cc(1533)] MSPL::OnSpeedLimitChange({this=000000A400156D40}, {new_limit=24})
[19980:14964:0217/180809.385:VERBOSE1:media_stream_manager.cc(1533)] MSPL::OnSpeedLimitChange({this=000000A400156D40}, {new_limit=23})
[19980:14964:0217/180815.386:VERBOSE1:media_stream_manager.cc(1533)] MSPL::OnSpeedLimitChange({this=000000A400156D40}, {new_limit=24})
[19980:14964:0217/180817.401:VERBOSE1:media_stream_manager.cc(1533)] MSPL::OnSpeedLimitChange({this=000000A400156D40}, {new_limit=25})
[19980:14964:0217/180820.417:VERBOSE1:media_stream_manager.cc(1533)] MSPL::OnSpeedLimitChange({this=000000A400156D40}, {new_limit=26})
[19980:5976:0217/180822.331:VERBOSE1:device_event_log_impl.cc(198)] [18:08:22.331] Display: EVENT: screen_win.cc:893 Displays updated, count: 1
[19980:5976:0217/180822.331:VERBOSE1:device_event_log_impl.cc(198)] [18:08:22.331] Display: EVENT: screen_win.cc:895 Display[3649455471] bounds=[0,0 1920x1080], workarea=[0,0 1920x1032], scale=1, rotation=0, panel_rotation=0 external detected
[19980:14964:0217/180833.418:VERBOSE1:media_stream_manager.cc(1533)] MSPL::OnSpeedLimitChange({this=000000A400156D40}, {new_limit=27})
[19980:5976:0217/180846.173:VERBOSE1:device_event_log_impl.cc(198)] [18:08:46.173] Display: EVENT: screen_win.cc:893 Displays updated, count: 1
[19980:5976:0217/180846.173:VERBOSE1:device_event_log_impl.cc(198)] [18:08:46.173] Display: EVENT: screen_win.cc:895 Display[3649455471] bounds=[0,0 1920x1080], workarea=[0,0 1920x1032], scale=1, rotation=0, panel_rotation=0 external detected
[19980:14964:0217/180851.525:VERBOSE1:media_stream_manager.cc(1533)] MSPL::OnSpeedLimitChange({this=000000A400156D40}, {new_limit=26})
[19980:14964:0217/180853.414:VERBOSE1:media_stream_manager.cc(1533)] MSPL::OnSpeedLimitChange({this=000000A400156D40}, {new_limit=25})
[19980:14964:0217/180854.412:VERBOSE1:media_stream_manager.cc(1533)] MSPL::OnSpeedLimitChange({this=000000A400156D40}, {new_limit=24})
[19980:14964:0217/180857.407:VERBOSE1:media_stream_manager.cc(1533)] MSPL::OnSpeedLimitChange({this=000000A400156D40}, {new_limit=23})
[19980:14964:0217/180859.421:VERBOSE1:media_stream_manager.cc(1533)] MSPL::OnSpeedLimitChange({this=000000A400156D40}, {new_limit=22})
[19980:14964:0217/180904.418:VERBOSE1:media_stream_manager.cc(1533)] MSPL::OnSpeedLimitChange({this=000000A400156D40}, {new_limit=23})
[19980:14964:0217/180906.422:VERBOSE1:media_stream_manager.cc(1533)] MSPL::OnSpeedLimitChange({this=000000A400156D40}, {new_limit=22})
[19980:14964:0217/180909.425:VERBOSE1:media_stream_manager.cc(1533)] MSPL::OnSpeedLimitChange({this=000000A400156D40}, {new_limit=23})
[19980:14964:0217/180929.438:VERBOSE1:media_stream_manager.cc(1533)] MSPL::OnSpeedLimitChange({this=000000A400156D40}, {new_limit=24})
[19980:14964:0217/180937.699:VERBOSE1:media_stream_manager.cc(1533)] MSPL::OnSpeedLimitChange({this=000000A400156D40}, {new_limit=25})
[19980:14964:0217/180942.703:VERBOSE1:media_stream_manager.cc(1533)] MSPL::OnSpeedLimitChange({this=000000A400156D40}, {new_limit=26})
[19980:14964:0217/180951.705:VERBOSE1:media_stream_manager.cc(1533)] MSPL::OnSpeedLimitChange({this=000000A400156D40}, {new_limit=27})
[19980:14964:0217/181001.701:VERBOSE1:media_stream_manager.cc(1533)] MSPL::OnSpeedLimitChange({this=000000A400156D40}, {new_limit=26})
[19980:14964:0217/181011.460:VERBOSE1:media_stream_manager.cc(1533)] MSPL::OnSpeedLimitChange({this=000000A400156D40}, {new_limit=25})
[19980:14964:0217/181013.500:VERBOSE1:media_stream_manager.cc(1533)] MSPL::OnSpeedLimitChange({this=000000A400156D40}, {new_limit=26})
[19980:14964:0217/181016.500:VERBOSE1:media_stream_manager.cc(1533)] MSPL::OnSpeedLimitChange({this=000000A400156D40}, {new_limit=25})
[19980:14964:0217/181020.500:VERBOSE1:media_stream_manager.cc(1533)] MSPL::OnSpeedLimitChange({this=000000A400156D40}, {new_limit=26})
[19980:14964:0217/181030.528:VERBOSE1:media_stream_manager.cc(1533)] MSPL::OnSpeedLimitChange({this=000000A400156D40}, {new_limit=27})
[16920:14044:0217/181032.507:VERBOSE1:network_delegate.cc(36)] NetworkDelegate::NotifyBeforeURLRequest: https://optimizationguide-pa.googleapis.com/v1:GetModels?key=dummytoken
[16920:14044:0217/181032.524:VERBOSE1:tls_handshaker.cc(105)] TlsClient: Continuing handshake
[16920:14044:0217/181032.526:VERBOSE1:tls_handshaker.cc(126)] TlsClient: SSL_do_handshake returned when entering early data. After retry, rv=-1, SSL_in_early_data=1
[16920:14044:0217/181032.785:VERBOSE1:tls_handshaker.cc(105)] TlsClient: Continuing handshake
[16920:14044:0217/181032.786:VERBOSE1:tls_handshaker.cc(105)] TlsClient: Continuing handshake
[16920:14044:0217/181032.786:VERBOSE1:tls_client_handshaker.cc(528)] Client: handshake finished
[19980:14964:0217/181045.511:VERBOSE1:media_stream_manager.cc(1533)] MSPL::OnSpeedLimitChange({this=000000A400156D40}, {new_limit=26})
[19980:14964:0217/181050.508:VERBOSE1:media_stream_manager.cc(1533)] MSPL::OnSpeedLimitChange({this=000000A400156D40}, {new_limit=27})
[19980:14964:0217/181051.516:VERBOSE1:media_stream_manager.cc(1533)] MSPL::OnSpeedLimitChange({this=000000A400156D40}, {new_limit=26})
[19980:14964:0217/181054.528:VERBOSE1:media_stream_manager.cc(1533)] MSPL::OnSpeedLimitChange({this=000000A400156D40}, {new_limit=27})
[19980:14964:0217/181055.508:VERBOSE1:media_stream_manager.cc(1533)] MSPL::OnSpeedLimitChange({this=000000A400156D40}, {new_limit=26})
[19980:14964:0217/181059.514:VERBOSE1:media_stream_manager.cc(1533)] MSPL::OnSpeedLimitChange({this=000000A400156D40}, {new_limit=25})
[19980:14964:0217/181105.512:VERBOSE1:media_stream_manager.cc(1533)] MSPL::OnSpeedLimitChange({this=000000A400156D40}, {new_limit=26})
[19980:14964:0217/181109.517:VERBOSE1:media_stream_manager.cc(1533)] MSPL::OnSpeedLimitChange({this=000000A400156D40}, {new_limit=27})
[19980:5976:0217/181115.846:VERBOSE1:device_event_log_impl.cc(198)] [18:11:15.846] Display: EVENT: screen_win.cc:893 Displays updated, count: 1
[19980:5976:0217/181115.847:VERBOSE1:device_event_log_impl.cc(198)] [18:11:15.847] Display: EVENT: screen_win.cc:895 Display[3649455471] bounds=[0,0 1920x1080], workarea=[0,0 1920x1032], scale=1, rotation=0, panel_rotation=0 external detected
[19980:5976:0217/181119.544:VERBOSE1:device_event_log_impl.cc(198)] [18:11:19.544] Display: EVENT: screen_win.cc:893 Displays updated, count: 1
[19980:5976:0217/181119.544:VERBOSE1:device_event_log_impl.cc(198)] [18:11:19.545] Display: EVENT: screen_win.cc:895 Display[3649455471] bounds=[0,0 1920x1080], workarea=[0,0 1920x1032], scale=1, rotation=0, panel_rotation=0 external detected
[19980:14964:0217/181119.700:VERBOSE1:media_stream_manager.cc(1533)] MSPL::OnSpeedLimitChange({this=000000A400156D40}, {new_limit=26})
[19980:14964:0217/181121.531:VERBOSE1:media_stream_manager.cc(1533)] MSPL::OnSpeedLimitChange({this=000000A400156D40}, {new_limit=25})
[19980:14964:0217/181122.534:VERBOSE1:media_stream_manager.cc(1533)] MSPL::OnSpeedLimitChange({this=000000A400156D40}, {new_limit=24})
[19980:14964:0217/181124.532:VERBOSE1:media_stream_manager.cc(1533)] MSPL::OnSpeedLimitChange({this=000000A400156D40}, {new_limit=23})
[19980:14964:0217/181125.525:VERBOSE1:media_stream_manager.cc(1533)] MSPL::OnSpeedLimitChange({this=000000A400156D40}, {new_limit=22})
[19980:14964:0217/181127.532:VERBOSE1:media_stream_manager.cc(1533)] MSPL::OnSpeedLimitChange({this=000000A400156D40}, {new_limit=21})
[19980:14964:0217/181131.538:VERBOSE1:media_stream_manager.cc(1533)] MSPL::OnSpeedLimitChange({this=000000A400156D40}, {new_limit=22})
[19980:14964:0217/181133.540:VERBOSE1:media_stream_manager.cc(1533)] MSPL::OnSpeedLimitChange({this=000000A400156D40}, {new_limit=23})
[19980:14964:0217/181145.800:VERBOSE1:media_stream_manager.cc(1533)] MSPL::OnSpeedLimitChange({this=000000A400156D40}, {new_limit=24})
[19980:14964:0217/181148.796:VERBOSE1:media_stream_manager.cc(1533)] MSPL::OnSpeedLimitChange({this=000000A400156D40}, {new_limit=25})
[19980:14964:0217/181150.803:VERBOSE1:media_stream_manager.cc(1533)] MSPL::OnSpeedLimitChange({this=000000A400156D40}, {new_limit=26})
[19980:14964:0217/181151.805:VERBOSE1:media_stream_manager.cc(1533)] MSPL::OnSpeedLimitChange({this=000000A400156D40}, {new_limit=25})
[19980:14964:0217/181152.799:VERBOSE1:media_stream_manager.cc(1533)] MSPL::OnSpeedLimitChange({this=000000A400156D40}, {new_limit=26})
[19980:14964:0217/181154.803:VERBOSE1:media_stream_manager.cc(1533)] MSPL::OnSpeedLimitChange({this=000000A400156D40}, {new_limit=25})
[19980:14964:0217/181200.804:VERBOSE1:media_stream_manager.cc(1533)] MSPL::OnSpeedLimitChange({this=000000A400156D40}, {new_limit=24})
[19980:14964:0217/181201.831:VERBOSE1:media_stream_manager.cc(1533)] MSPL::OnSpeedLimitChange({this=000000A400156D40}, {new_limit=25})
[19980:14964:0217/181206.814:VERBOSE1:media_stream_manager.cc(1533)] MSPL::OnSpeedLimitChange({this=000000A400156D40}, {new_limit=26})
[19980:5976:0217/181211.233:VERBOSE1:device_event_log_impl.cc(198)] [18:12:11.233] Display: EVENT: screen_win.cc:893 Displays updated, count: 1
[19980:5976:0217/181211.234:VERBOSE1:device_event_log_impl.cc(198)] [18:12:11.234] Display: EVENT: screen_win.cc:895 Display[3649455471] bounds=[0,0 1920x1080], workarea=[0,0 1920x1032], scale=1, rotation=0, panel_rotation=0 external detected
[19980:14964:0217/181215.558:VERBOSE1:media_stream_manager.cc(1533)] MSPL::OnSpeedLimitChange({this=000000A400156D40}, {new_limit=25})
[19980:14964:0217/181217.573:VERBOSE1:media_stream_manager.cc(1533)] MSPL::OnSpeedLimitChange({this=000000A400156D40}, {new_limit=24})
[19980:14964:0217/181220.566:VERBOSE1:media_stream_manager.cc(1533)] MSPL::OnSpeedLimitChange({this=000000A400156D40}, {new_limit=23})
[19980:14964:0217/181230.581:VERBOSE1:media_stream_manager.cc(1533)] MSPL::OnSpeedLimitChange({this=000000A400156D40}, {new_limit=24})
[19980:14964:0217/181235.761:VERBOSE1:media_stream_manager.cc(1533)] MSPL::OnSpeedLimitChange({this=000000A400156D40}, {new_limit=25})
[19980:14964:0217/181238.754:VERBOSE1:media_stream_manager.cc(1533)] MSPL::OnSpeedLimitChange({this=000000A400156D40}, {new_limit=26})
[19980:14964:0217/181242.755:VERBOSE1:media_stream_manager.cc(1533)] MSPL::OnSpeedLimitChange({this=000000A400156D40}, {new_limit=27})
[19980:5976:0217/181249.168:VERBOSE1:device_event_log_impl.cc(198)] [18:12:49.168] Display: EVENT: screen_win.cc:893 Displays updated, count: 1
[19980:5976:0217/181249.168:VERBOSE1:device_event_log_impl.cc(198)] [18:12:49.168] Display: EVENT: screen_win.cc:895 Display[3649455471] bounds=[0,0 1920x1080], workarea=[0,0 1920x1032], scale=1, rotation=0, panel_rotation=0 external detected
[19980:14964:0217/181324.557:VERBOSE1:media_stream_manager.cc(1533)] MSPL::OnSpeedLimitChange({this=000000A400156D40}, {new_limit=26})
[19980:14964:0217/181324.557:VERBOSE1:media_stream_manager.cc(1533)] MSPL::OnSpeedLimitChange({this=000000A400156D40}, {new_limit=25})
[19980:14964:0217/181324.557:VERBOSE1:media_stream_manager.cc(1533)] MSPL::OnSpeedLimitChange({this=000000A400156D40}, {new_limit=26})
[19980:14964:0217/181324.557:VERBOSE1:media_stream_manager.cc(1533)] MSPL::OnSpeedLimitChange({this=000000A400156D40}, {new_limit=27})
[19980:14964:0217/181324.557:VERBOSE1:media_stream_manager.cc(1533)] MSPL::OnSpeedLimitChange({this=000000A400156D40}, {new_limit=26})
[16920:14044:0217/181324.559:VERBOSE1:network_delegate.cc(36)] NetworkDelegate::NotifyBeforeURLRequest: https://optimizationguide-pa.googleapis.com/v1:GetModels?key=dummytoken
[16920:14044:0217/181324.572:VERBOSE1:tls_handshaker.cc(105)] TlsClient: Continuing handshake
[16920:14044:0217/181324.574:VERBOSE1:tls_handshaker.cc(126)] TlsClient: SSL_do_handshake returned when entering early data. After retry, rv=-1, SSL_in_early_data=1
[16920:14044:0217/181324.818:VERBOSE1:tls_handshaker.cc(105)] TlsClient: Continuing handshake
[16920:14044:0217/181324.818:VERBOSE1:tls_handshaker.cc(105)] TlsClient: Continuing handshake
[16920:14044:0217/181324.818:VERBOSE1:tls_client_handshaker.cc(528)] Client: handshake finished
[19980:14964:0217/181325.626:VERBOSE1:media_stream_manager.cc(1533)] MSPL::OnSpeedLimitChange({this=000000A400156D40}, {new_limit=25})
[19980:14964:0217/181328.634:VERBOSE1:media_stream_manager.cc(1533)] MSPL::OnSpeedLimitChange({this=000000A400156D40}, {new_limit=24})
[19980:14964:0217/181330.635:VERBOSE1:media_stream_manager.cc(1533)] MSPL::OnSpeedLimitChange({this=000000A400156D40}, {new_limit=23})
[19980:14964:0217/181341.641:VERBOSE1:media_stream_manager.cc(1533)] MSPL::OnSpeedLimitChange({this=000000A400156D40}, {new_limit=24})
[19980:14964:0217/181342.640:VERBOSE1:media_stream_manager.cc(1533)] MSPL::OnSpeedLimitChange({this=000000A400156D40}, {new_limit=23})
[19980:14964:0217/181348.632:VERBOSE1:media_stream_manager.cc(1533)] MSPL::OnSpeedLimitChange({this=000000A400156D40}, {new_limit=24})
[19980:14964:0217/181351.651:VERBOSE1:media_stream_manager.cc(1533)] MSPL::OnSpeedLimitChange({this=000000A400156D40}, {new_limit=25})
[19980:14964:0217/181357.652:VERBOSE1:media_stream_manager.cc(1533)] MSPL::OnSpeedLimitChange({this=000000A400156D40}, {new_limit=26})
[19980:14964:0217/181358.650:VERBOSE1:media_stream_manager.cc(1533)] MSPL::OnSpeedLimitChange({this=000000A400156D40}, {new_limit=25})
[19980:5976:0217/181401.523:VERBOSE1:device_event_log_impl.cc(198)] [18:14:01.523] Display: EVENT: screen_win.cc:893 Displays updated, count: 1
[19980:5976:0217/181401.523:VERBOSE1:device_event_log_impl.cc(198)] [18:14:01.523] Display: EVENT: screen_win.cc:895 Display[3649455471] bounds=[0,0 1920x1080], workarea=[0,0 1920x1032], scale=1, rotation=0, panel_rotation=0 external detected
[19980:14964:0217/181402.651:VERBOSE1:media_stream_manager.cc(1533)] MSPL::OnSpeedLimitChange({this=000000A400156D40}, {new_limit=24})
[19980:14964:0217/181408.593:VERBOSE1:media_stream_manager.cc(1533)] MSPL::OnSpeedLimitChange({this=000000A400156D40}, {new_limit=25})
[19980:14964:0217/181409.657:VERBOSE1:media_stream_manager.cc(1533)] MSPL::OnSpeedLimitChange({this=000000A400156D40}, {new_limit=23})
[19980:14964:0217/181412.655:VERBOSE1:media_stream_manager.cc(1533)] MSPL::OnSpeedLimitChange({this=000000A400156D40}, {new_limit=22})
[19980:14964:0217/181413.655:VERBOSE1:media_stream_manager.cc(1533)] MSPL::OnSpeedLimitChange({this=000000A400156D40}, {new_limit=23})
[19980:14964:0217/181415.667:VERBOSE1:media_stream_manager.cc(1533)] MSPL::OnSpeedLimitChange({this=000000A400156D40}, {new_limit=22})
[19980:14964:0217/181419.659:VERBOSE1:media_stream_manager.cc(1533)] MSPL::OnSpeedLimitChange({this=000000A400156D40}, {new_limit=24})
[19980:14964:0217/181422.663:VERBOSE1:media_stream_manager.cc(1533)] MSPL::OnSpeedLimitChange({this=000000A400156D40}, {new_limit=25})
[19980:14964:0217/181423.666:VERBOSE1:media_stream_manager.cc(1533)] MSPL::OnSpeedLimitChange({this=000000A400156D40}, {new_limit=24})
[19980:14964:0217/181428.194:VERBOSE1:media_stream_manager.cc(1533)] MSPL::OnSpeedLimitChange({this=000000A400156D40}, {new_limit=25})
[19980:14964:0217/181429.675:VERBOSE1:media_stream_manager.cc(1533)] MSPL::OnSpeedLimitChange({this=000000A400156D40}, {new_limit=24})
[19980:14964:0217/181432.681:VERBOSE1:media_stream_manager.cc(1533)] MSPL::OnSpeedLimitChange({this=000000A400156D40}, {new_limit=23})
[19980:14964:0217/181433.679:VERBOSE1:media_stream_manager.cc(1533)] MSPL::OnSpeedLimitChange({this=000000A400156D40}, {new_limit=22})
[19980:14964:0217/181436.679:VERBOSE1:media_stream_manager.cc(1533)] MSPL::OnSpeedLimitChange({this=000000A400156D40}, {new_limit=21})
[19980:14964:0217/181442.118:VERBOSE1:media_stream_manager.cc(1533)] MSPL::OnSpeedLimitChange({this=000000A400156D40}, {new_limit=22})
[19980:14964:0217/181442.118:VERBOSE1:media_stream_manager.cc(1533)] MSPL::OnSpeedLimitChange({this=000000A400156D40}, {new_limit=23})
[19980:14964:0217/181445.849:VERBOSE1:media_stream_manager.cc(1533)] MSPL::OnSpeedLimitChange({this=000000A400156D40}, {new_limit=24})
[19980:14964:0217/181452.729:VERBOSE1:media_stream_manager.cc(1533)] MSPL::OnSpeedLimitChange({this=000000A400156D40}, {new_limit=25})
[19980:14964:0217/181454.728:VERBOSE1:media_stream_manager.cc(1533)] MSPL::OnSpeedLimitChange({this=000000A400156D40}, {new_limit=26})
[19980:14964:0217/181457.736:VERBOSE1:media_stream_manager.cc(1533)] MSPL::OnSpeedLimitChange({this=000000A400156D40}, {new_limit=27})
[19980:14964:0217/181505.732:VERBOSE1:media_stream_manager.cc(1533)] MSPL::OnSpeedLimitChange({this=000000A400156D40}, {new_limit=26})
[19980:14964:0217/181513.734:VERBOSE1:media_stream_manager.cc(1533)] MSPL::OnSpeedLimitChange({this=000000A400156D40}, {new_limit=27})
[19980:14964:0217/181528.735:VERBOSE1:media_stream_manager.cc(1533)] MSPL::OnSpeedLimitChange({this=000000A400156D40}, {new_limit=26})
[19980:14964:0217/181530.741:VERBOSE1:media_stream_manager.cc(1533)] MSPL::OnSpeedLimitChange({this=000000A400156D40}, {new_limit=27})
[19980:14964:0217/181551.742:VERBOSE1:media_stream_manager.cc(1533)] MSPL::OnSpeedLimitChange({this=000000A400156D40}, {new_limit=26})
[19980:14964:0217/181602.745:VERBOSE1:media_stream_manager.cc(1533)] MSPL::OnSpeedLimitChange({this=000000A400156D40}, {new_limit=25})
[16920:14044:0217/181606.078:VERBOSE1:network_delegate.cc(36)] NetworkDelegate::NotifyBeforeURLRequest: https://optimizationguide-pa.googleapis.com/v1:GetModels?key=dummytoken
[16920:14044:0217/181606.089:VERBOSE1:tls_handshaker.cc(105)] TlsClient: Continuing handshake
[16920:14044:0217/181606.091:VERBOSE1:tls_handshaker.cc(126)] TlsClient: SSL_do_handshake returned when entering early data. After retry, rv=-1, SSL_in_early_data=1
[16920:14044:0217/181606.345:VERBOSE1:tls_handshaker.cc(105)] TlsClient: Continuing handshake
[16920:14044:0217/181606.345:VERBOSE1:tls_handshaker.cc(105)] TlsClient: Continuing handshake
[16920:14044:0217/181606.345:VERBOSE1:tls_client_handshaker.cc(528)] Client: handshake finished
[19980:14964:0217/181612.744:VERBOSE1:media_stream_manager.cc(1533)] MSPL::OnSpeedLimitChange({this=000000A400156D40}, {new_limit=26})
[19980:14964:0217/181613.749:VERBOSE1:media_stream_manager.cc(1533)] MSPL::OnSpeedLimitChange({this=000000A400156D40}, {new_limit=27})
[19980:14964:0217/181623.083:VERBOSE1:media_stream_manager.cc(1533)] MSPL::OnSpeedLimitChange({this=000000A400156D40}, {new_limit=26})
[19980:14964:0217/181625.084:VERBOSE1:media_stream_manager.cc(1533)] MSPL::OnSpeedLimitChange({this=000000A400156D40}, {new_limit=25})
[19980:14964:0217/181629.082:VERBOSE1:media_stream_manager.cc(1533)] MSPL::OnSpeedLimitChange({this=000000A400156D40}, {new_limit=24})
[19980:14964:0217/181633.083:VERBOSE1:media_stream_manager.cc(1533)] MSPL::OnSpeedLimitChange({this=000000A400156D40}, {new_limit=25})
[19980:14964:0217/181636.084:VERBOSE1:media_stream_manager.cc(1533)] MSPL::OnSpeedLimitChange({this=000000A400156D40}, {new_limit=26})
[19980:14964:0217/181653.088:VERBOSE1:media_stream_manager.cc(1533)] MSPL::OnSpeedLimitChange({this=000000A400156D40}, {new_limit=27})
[19980:14964:0217/181705.095:VERBOSE1:media_stream_manager.cc(1533)] MSPL::OnSpeedLimitChange({this=000000A400156D40}, {new_limit=28})
[19980:14964:0217/181710.098:VERBOSE1:media_stream_manager.cc(1533)] MSPL::OnSpeedLimitChange({this=000000A400156D40}, {new_limit=27})
[19980:5976:0217/181716.939:VERBOSE1:device_event_log_impl.cc(198)] [18:17:16.939] Display: EVENT: screen_win.cc:893 Displays updated, count: 1
[19980:5976:0217/181716.939:VERBOSE1:device_event_log_impl.cc(198)] [18:17:16.940] Display: EVENT: screen_win.cc:895 Display[3649455471] bounds=[0,0 1920x1080], workarea=[0,0 1920x1032], scale=1, rotation=0, panel_rotation=0 external detected
[19980:14964:0217/181718.794:VERBOSE1:media_stream_manager.cc(1533)] MSPL::OnSpeedLimitChange({this=000000A400156D40}, {new_limit=26})
[19980:14964:0217/181721.805:VERBOSE1:media_stream_manager.cc(1533)] MSPL::OnSpeedLimitChange({this=000000A400156D40}, {new_limit=25})
[19980:14964:0217/181724.804:VERBOSE1:media_stream_manager.cc(1533)] MSPL::OnSpeedLimitChange({this=000000A400156D40}, {new_limit=24})
[19980:14964:0217/181733.831:VERBOSE1:media_stream_manager.cc(1533)] MSPL::OnSpeedLimitChange({this=000000A400156D40}, {new_limit=25})
[19980:14964:0217/181736.837:VERBOSE1:media_stream_manager.cc(1533)] MSPL::OnSpeedLimitChange({this=000000A400156D40}, {new_limit=26})
[19980:14964:0217/181738.831:VERBOSE1:media_stream_manager.cc(1533)] MSPL::OnSpeedLimitChange({this=000000A400156D40}, {new_limit=27})
[19980:14964:0217/181753.835:VERBOSE1:media_stream_manager.cc(1533)] MSPL::OnSpeedLimitChange({this=000000A400156D40}, {new_limit=26})
[19980:14964:0217/181804.837:VERBOSE1:media_stream_manager.cc(1533)] MSPL::OnSpeedLimitChange({this=000000A400156D40}, {new_limit=27})
[19980:14964:0217/181807.838:VERBOSE1:media_stream_manager.cc(1533)] MSPL::OnSpeedLimitChange({this=000000A400156D40}, {new_limit=26})
[19980:14964:0217/181812.853:VERBOSE1:media_stream_manager.cc(1533)] MSPL::OnSpeedLimitChange({this=000000A400156D40}, {new_limit=27})
[19980:14964:0217/181826.174:VERBOSE1:media_stream_manager.cc(1533)] MSPL::OnSpeedLimitChange({this=000000A400156D40}, {new_limit=26})
[19980:14964:0217/181827.173:VERBOSE1:media_stream_manager.cc(1533)] MSPL::OnSpeedLimitChange({this=000000A400156D40}, {new_limit=27})
[19980:14964:0217/181828.842:VERBOSE1:media_stream_manager.cc(1533)] MSPL::OnSpeedLimitChange({this=000000A400156D40}, {new_limit=26})
[16920:14044:0217/181843.845:VERBOSE1:network_delegate.cc(36)] NetworkDelegate::NotifyBeforeURLRequest: https://optimizationguide-pa.googleapis.com/v1:GetModels?key=dummytoken
[16920:14044:0217/181843.860:VERBOSE1:tls_handshaker.cc(105)] TlsClient: Continuing handshake
[16920:14044:0217/181843.861:VERBOSE1:tls_handshaker.cc(126)] TlsClient: SSL_do_handshake returned when entering early data. After retry, rv=-1, SSL_in_early_data=1
[16920:14044:0217/181844.117:VERBOSE1:tls_handshaker.cc(105)] TlsClient: Continuing handshake
[16920:14044:0217/181844.117:VERBOSE1:tls_handshaker.cc(105)] TlsClient: Continuing handshake
[16920:14044:0217/181844.117:VERBOSE1:tls_client_handshaker.cc(528)] Client: handshake finished
[19980:14964:0217/181848.178:VERBOSE1:media_stream_manager.cc(1533)] MSPL::OnSpeedLimitChange({this=000000A400156D40}, {new_limit=27})
[19980:14964:0217/181855.178:VERBOSE1:media_stream_manager.cc(1533)] MSPL::OnSpeedLimitChange({this=000000A400156D40}, {new_limit=26})
[19980:14964:0217/181906.869:VERBOSE1:media_stream_manager.cc(1533)] MSPL::OnSpeedLimitChange({this=000000A400156D40}, {new_limit=27})
[19980:5976:0217/181957.643:VERBOSE1:device_event_log_impl.cc(198)] [18:19:57.642] Display: EVENT: screen_win.cc:893 Displays updated, count: 1
[19980:5976:0217/181957.643:VERBOSE1:device_event_log_impl.cc(198)] [18:19:57.642] Display: EVENT: screen_win.cc:895 Display[3649455471] bounds=[0,0 1920x1080], workarea=[0,0 1920x1032], scale=1, rotation=0, panel_rotation=0 external detected
[19980:14964:0217/181958.906:VERBOSE1:media_stream_manager.cc(1533)] MSPL::OnSpeedLimitChange({this=000000A400156D40}, {new_limit=26})
[19980:14964:0217/182008.074:VERBOSE1:media_stream_manager.cc(1533)] MSPL::OnSpeedLimitChange({this=000000A400156D40}, {new_limit=27})
[19980:14964:0217/182014.072:VERBOSE1:media_stream_manager.cc(1533)] MSPL::OnSpeedLimitChange({this=000000A400156D40}, {new_limit=28})
[19980:5976:0217/182038.130:VERBOSE1:device_event_log_impl.cc(198)] [18:20:38.130] Display: EVENT: screen_win.cc:893 Displays updated, count: 1
[19980:5976:0217/182038.130:VERBOSE1:device_event_log_impl.cc(198)] [18:20:38.130] Display: EVENT: screen_win.cc:895 Display[3649455471] bounds=[0,0 1920x1080], workarea=[0,0 1920x1032], scale=1, rotation=0, panel_rotation=0 external detected
[19980:14964:0217/182040.269:VERBOSE1:media_stream_manager.cc(1533)] MSPL::OnSpeedLimitChange({this=000000A400156D40}, {new_limit=27})
[19980:14964:0217/182047.270:VERBOSE1:media_stream_manager.cc(1533)] MSPL::OnSpeedLimitChange({this=000000A400156D40}, {new_limit=26})
[19980:14964:0217/182109.278:VERBOSE1:media_stream_manager.cc(1533)] MSPL::OnSpeedLimitChange({this=000000A400156D40}, {new_limit=27})
[19980:14964:0217/182112.276:VERBOSE1:media_stream_manager.cc(1533)] MSPL::OnSpeedLimitChange({this=000000A400156D40}, {new_limit=26})
[16920:14044:0217/182118.611:VERBOSE1:network_delegate.cc(36)] NetworkDelegate::NotifyBeforeURLRequest: https://optimizationguide-pa.googleapis.com/v1:GetModels?key=dummytoken
[16920:14044:0217/182118.627:VERBOSE1:tls_handshaker.cc(105)] TlsClient: Continuing handshake
[16920:14044:0217/182118.629:VERBOSE1:tls_handshaker.cc(126)] TlsClient: SSL_do_handshake returned when entering early data. After retry, rv=-1, SSL_in_early_data=1
[16920:14044:0217/182118.874:VERBOSE1:tls_handshaker.cc(105)] TlsClient: Continuing handshake
[16920:14044:0217/182118.874:VERBOSE1:tls_handshaker.cc(105)] TlsClient: Continuing handshake
[16920:14044:0217/182118.874:VERBOSE1:tls_client_handshaker.cc(528)] Client: handshake finished
[19980:14964:0217/182120.279:VERBOSE1:media_stream_manager.cc(1533)] MSPL::OnSpeedLimitChange({this=000000A400156D40}, {new_limit=25})
[19980:14964:0217/182122.290:VERBOSE1:media_stream_manager.cc(1533)] MSPL::OnSpeedLimitChange({this=000000A400156D40}, {new_limit=26})
[19980:14964:0217/182124.281:VERBOSE1:media_stream_manager.cc(1533)] MSPL::OnSpeedLimitChange({this=000000A400156D40}, {new_limit=25})
[19980:14964:0217/182126.281:VERBOSE1:media_stream_manager.cc(1533)] MSPL::OnSpeedLimitChange({this=000000A400156D40}, {new_limit=26})
[19980:14964:0217/182130.293:VERBOSE1:media_stream_manager.cc(1533)] MSPL::OnSpeedLimitChange({this=000000A400156D40}, {new_limit=27})
[19980:14964:0217/182136.291:VERBOSE1:media_stream_manager.cc(1533)] MSPL::OnSpeedLimitChange({this=000000A400156D40}, {new_limit=26})
[19980:14964:0217/182140.287:VERBOSE1:media_stream_manager.cc(1533)] MSPL::OnSpeedLimitChange({this=000000A400156D40}, {new_limit=25})
[19980:14964:0217/182146.287:VERBOSE1:media_stream_manager.cc(1533)] MSPL::OnSpeedLimitChange({this=000000A400156D40}, {new_limit=26})
[19980:5976:0217/182157.600:VERBOSE1:device_event_log_impl.cc(198)] [18:21:57.600] Display: EVENT: screen_win.cc:893 Displays updated, count: 1
[19980:5976:0217/182157.600:VERBOSE1:device_event_log_impl.cc(198)] [18:21:57.600] Display: EVENT: screen_win.cc:895 Display[3649455471] bounds=[0,0 1920x1080], workarea=[0,0 1920x1032], scale=1, rotation=0, panel_rotation=0 external detected
[19980:14964:0217/182157.993:VERBOSE1:media_stream_manager.cc(1533)] MSPL::OnSpeedLimitChange({this=000000A400156D40}, {new_limit=25})
[19980:14964:0217/182202.206:VERBOSE1:media_stream_manager.cc(1533)] MSPL::OnSpeedLimitChange({this=000000A400156D40}, {new_limit=26})
[19980:14964:0217/182208.231:VERBOSE1:media_stream_manager.cc(1533)] MSPL::OnSpeedLimitChange({this=000000A400156D40}, {new_limit=27})
[19980:14964:0217/182228.216:VERBOSE1:media_stream_manager.cc(1533)] MSPL::OnSpeedLimitChange({this=000000A400156D40}, {new_limit=28})
[19980:14964:0217/182233.211:VERBOSE1:media_stream_manager.cc(1533)] MSPL::OnSpeedLimitChange({this=000000A400156D40}, {new_limit=27})
[19980:5976:0217/182250.339:VERBOSE1:device_event_log_impl.cc(198)] [18:22:50.339] Display: EVENT: screen_win.cc:893 Displays updated, count: 1
[19980:5976:0217/182250.339:VERBOSE1:device_event_log_impl.cc(198)] [18:22:50.339] Display: EVENT: screen_win.cc:895 Display[3649455471] bounds=[0,0 1920x1080], workarea=[0,0 1920x1032], scale=1, rotation=0, panel_rotation=0 external detected
[19980:14964:0217/182253.041:VERBOSE1:media_stream_manager.cc(1533)] MSPL::OnSpeedLimitChange({this=000000A400156D40}, {new_limit=26})
[19980:14964:0217/182306.057:VERBOSE1:media_stream_manager.cc(1533)] MSPL::OnSpeedLimitChange({this=000000A400156D40}, {new_limit=25})
[19980:14964:0217/182309.049:VERBOSE1:media_stream_manager.cc(1533)] MSPL::OnSpeedLimitChange({this=000000A400156D40}, {new_limit=24})
[19980:14964:0217/182320.058:VERBOSE1:media_stream_manager.cc(1533)] MSPL::OnSpeedLimitChange({this=000000A400156D40}, {new_limit=25})
[19980:14964:0217/182321.059:VERBOSE1:media_stream_manager.cc(1533)] MSPL::OnSpeedLimitChange({this=000000A400156D40}, {new_limit=24})
[16920:14044:0217/182327.088:VERBOSE1:network_delegate.cc(36)] NetworkDelegate::NotifyBeforeURLRequest: https://safebrowsing.googleapis.com/v4/threatListUpdates:fetch?$req=ChoKCGNocm9taXVtEg4xMjguMC42NjEzLjEzOBoMCAUQASIEIAEgAigBGgwIARABIgQgASACKAEaDAgDEAEiBCABIAIoARoMCAcQASIEIAEgAigBGgwIARAIIgQgASACKAQaDAgPEAEiBCABIAIoARoMCAkQASIEIAEgAigBIgIIAQ==&$ct=application/x-protobuf&key=dummytoken
[16920:14044:0217/182327.096:VERBOSE1:tls_handshaker.cc(105)] TlsClient: Continuing handshake
[16920:14044:0217/182327.120:VERBOSE1:tls_handshaker.cc(105)] TlsClient: Continuing handshake
[16920:14044:0217/182327.121:VERBOSE1:tls_handshaker.cc(126)] TlsClient: SSL_do_handshake returned when entering early data. After retry, rv=-1, SSL_in_early_data=1
[16920:14044:0217/182327.368:VERBOSE1:tls_handshaker.cc(105)] TlsClient: Continuing handshake
[16920:14044:0217/182327.368:VERBOSE1:tls_handshaker.cc(105)] TlsClient: Continuing handshake
[16920:14044:0217/182327.368:VERBOSE1:tls_client_handshaker.cc(528)] Client: handshake finished
[19980:14964:0217/182332.159:VERBOSE1:media_stream_manager.cc(1533)] MSPL::OnSpeedLimitChange({this=000000A400156D40}, {new_limit=25})
[19980:5976:0217/182334.984:VERBOSE1:device_event_log_impl.cc(198)] [18:23:34.984] Display: EVENT: screen_win.cc:893 Displays updated, count: 1
[19980:5976:0217/182334.984:VERBOSE1:device_event_log_impl.cc(198)] [18:23:34.984] Display: EVENT: screen_win.cc:895 Display[3649455471] bounds=[0,0 1920x1080], workarea=[0,0 1920x1032], scale=1, rotation=0, panel_rotation=0 external detected
[19980:14964:0217/182335.158:VERBOSE1:media_stream_manager.cc(1533)] MSPL::OnSpeedLimitChange({this=000000A400156D40}, {new_limit=26})
[19980:14964:0217/182344.083:VERBOSE1:media_stream_manager.cc(1533)] MSPL::OnSpeedLimitChange({this=000000A400156D40}, {new_limit=25})
[19980:14964:0217/182349.083:VERBOSE1:media_stream_manager.cc(1533)] MSPL::OnSpeedLimitChange({this=000000A400156D40}, {new_limit=24})
[19980:14964:0217/182353.196:VERBOSE1:media_stream_manager.cc(1533)] MSPL::OnSpeedLimitChange({this=000000A400156D40}, {new_limit=25})
[19980:5976:0217/182354.530:VERBOSE1:device_event_log_impl.cc(198)] [18:23:54.530] Display: EVENT: screen_win.cc:893 Displays updated, count: 1
[19980:5976:0217/182354.530:VERBOSE1:device_event_log_impl.cc(198)] [18:23:54.530] Display: EVENT: screen_win.cc:895 Display[3649455471] bounds=[0,0 1920x1080], workarea=[0,0 1920x1032], scale=1, rotation=0, panel_rotation=0 external detected
[16920:14044:0217/182354.919:VERBOSE1:network_delegate.cc(36)] NetworkDelegate::NotifyBeforeURLRequest: https://optimizationguide-pa.googleapis.com/v1:GetModels?key=dummytoken
[16920:14044:0217/182354.931:VERBOSE1:tls_handshaker.cc(105)] TlsClient: Continuing handshake
[16920:14044:0217/182354.932:VERBOSE1:tls_handshaker.cc(126)] TlsClient: SSL_do_handshake returned when entering early data. After retry, rv=-1, SSL_in_early_data=1
[16920:14044:0217/182355.184:VERBOSE1:tls_handshaker.cc(105)] TlsClient: Continuing handshake
[16920:14044:0217/182355.184:VERBOSE1:tls_handshaker.cc(105)] TlsClient: Continuing handshake
[16920:14044:0217/182355.184:VERBOSE1:tls_client_handshaker.cc(528)] Client: handshake finished
[19980:14964:0217/182400.667:VERBOSE1:media_stream_manager.cc(1533)] MSPL::OnSpeedLimitChange({this=000000A400156D40}, {new_limit=26})
[19980:14964:0217/182402.087:VERBOSE1:media_stream_manager.cc(1533)] MSPL::OnSpeedLimitChange({this=000000A400156D40}, {new_limit=25})
[19980:14964:0217/182404.101:VERBOSE1:media_stream_manager.cc(1533)] MSPL::OnSpeedLimitChange({this=000000A400156D40}, {new_limit=24})
[19980:14964:0217/182408.096:VERBOSE1:media_stream_manager.cc(1533)] MSPL::OnSpeedLimitChange({this=000000A400156D40}, {new_limit=23})
[19980:14964:0217/182409.100:VERBOSE1:media_stream_manager.cc(1533)] MSPL::OnSpeedLimitChange({this=000000A400156D40}, {new_limit=22})
[19980:5976:0217/182411.013:VERBOSE1:device_event_log_impl.cc(198)] [18:24:11.013] Display: EVENT: screen_win.cc:893 Displays updated, count: 1
[19980:5976:0217/182411.013:VERBOSE1:device_event_log_impl.cc(198)] [18:24:11.013] Display: EVENT: screen_win.cc:895 Display[3649455471] bounds=[0,0 1920x1080], workarea=[0,0 1920x1032], scale=1, rotation=0, panel_rotation=0 external detected
[19980:14964:0217/182415.151:VERBOSE1:media_stream_manager.cc(1533)] MSPL::OnSpeedLimitChange({this=000000A400156D40}, {new_limit=23})
[19980:14964:0217/182418.151:VERBOSE1:media_stream_manager.cc(1533)] MSPL::OnSpeedLimitChange({this=000000A400156D40}, {new_limit=24})
[19980:14964:0217/182419.099:VERBOSE1:media_stream_manager.cc(1533)] MSPL::OnSpeedLimitChange({this=000000A400156D40}, {new_limit=25})
[19980:5976:0217/182420.639:VERBOSE1:device_event_log_impl.cc(198)] [18:24:20.639] Display: EVENT: screen_win.cc:893 Displays updated, count: 1
[19980:5976:0217/182420.639:VERBOSE1:device_event_log_impl.cc(198)] [18:24:20.639] Display: EVENT: screen_win.cc:895 Display[3649455471] bounds=[0,0 1920x1080], workarea=[0,0 1920x1032], scale=1, rotation=0, panel_rotation=0 external detected
[19980:14964:0217/182453.270:VERBOSE1:media_stream_manager.cc(1533)] MSPL::OnSpeedLimitChange({this=000000A400156D40}, {new_limit=26})
[19980:14964:0217/182453.270:VERBOSE1:media_stream_manager.cc(1533)] MSPL::OnSpeedLimitChange({this=000000A400156D40}, {new_limit=27})
[19980:14964:0217/182453.270:VERBOSE1:media_stream_manager.cc(1533)] MSPL::OnSpeedLimitChange({this=000000A400156D40}, {new_limit=26})
[19980:14964:0217/182453.270:VERBOSE1:media_stream_manager.cc(1533)] MSPL::OnSpeedLimitChange({this=000000A400156D40}, {new_limit=27})
[19980:14964:0217/182453.270:VERBOSE1:media_stream_manager.cc(1533)] MSPL::OnSpeedLimitChange({this=000000A400156D40}, {new_limit=26})
[19980:14964:0217/182453.270:VERBOSE1:media_stream_manager.cc(1533)] MSPL::OnSpeedLimitChange({this=000000A400156D40}, {new_limit=27})
[19980:14964:0217/182453.270:VERBOSE1:media_stream_manager.cc(1533)] MSPL::OnSpeedLimitChange({this=000000A400156D40}, {new_limit=26})
[19980:14964:0217/182453.270:VERBOSE1:media_stream_manager.cc(1533)] MSPL::OnSpeedLimitChange({this=000000A400156D40}, {new_limit=27})
[19980:14964:0217/182453.270:VERBOSE1:media_stream_manager.cc(1533)] MSPL::OnSpeedLimitChange({this=000000A400156D40}, {new_limit=26})
[19980:14964:0217/182453.270:VERBOSE1:media_stream_manager.cc(1533)] MSPL::OnSpeedLimitChange({this=000000A400156D40}, {new_limit=27})
[19980:14964:0217/182453.270:VERBOSE1:media_stream_manager.cc(1533)] MSPL::OnSpeedLimitChange({this=000000A400156D40}, {new_limit=26})
[19980:14964:0217/182453.270:VERBOSE1:media_stream_manager.cc(1533)] MSPL::OnSpeedLimitChange({this=000000A400156D40}, {new_limit=27})
[19980:14964:0217/182454.133:VERBOSE1:media_stream_manager.cc(1533)] MSPL::OnSpeedLimitChange({this=000000A400156D40}, {new_limit=26})
[19980:14964:0217/182456.132:VERBOSE1:media_stream_manager.cc(1533)] MSPL::OnSpeedLimitChange({this=000000A400156D40}, {new_limit=25})
[19980:14964:0217/182507.460:VERBOSE1:media_stream_manager.cc(1533)] MSPL::OnSpeedLimitChange({this=000000A400156D40}, {new_limit=26})
[19980:14964:0217/182509.461:VERBOSE1:media_stream_manager.cc(1533)] MSPL::OnSpeedLimitChange({this=000000A400156D40}, {new_limit=25})
[19980:14964:0217/182519.463:VERBOSE1:media_stream_manager.cc(1533)] MSPL::OnSpeedLimitChange({this=000000A400156D40}, {new_limit=26})
[19980:5976:0217/182535.094:VERBOSE1:device_event_log_impl.cc(198)] [18:25:35.094] Display: EVENT: screen_win.cc:893 Displays updated, count: 1
[19980:5976:0217/182535.094:VERBOSE1:device_event_log_impl.cc(198)] [18:25:35.094] Display: EVENT: screen_win.cc:895 Display[3649455471] bounds=[0,0 1920x1080], workarea=[0,0 1920x1032], scale=1, rotation=0, panel_rotation=0 external detected
[19980:5976:0217/182539.620:VERBOSE1:device_event_log_impl.cc(198)] [18:25:39.620] Display: EVENT: screen_win.cc:893 Displays updated, count: 1
[19980:5976:0217/182539.620:VERBOSE1:device_event_log_impl.cc(198)] [18:25:39.620] Display: EVENT: screen_win.cc:895 Display[3649455471] bounds=[0,0 1920x1080], workarea=[0,0 1920x1032], scale=1, rotation=0, panel_rotation=0 external detected
[19980:5976:0217/182545.891:VERBOSE1:device_event_log_impl.cc(198)] [18:25:45.892] Display: EVENT: screen_win.cc:893 Displays updated, count: 1
[19980:5976:0217/182545.891:VERBOSE1:device_event_log_impl.cc(198)] [18:25:45.892] Display: EVENT: screen_win.cc:895 Display[3649455471] bounds=[0,0 1920x1080], workarea=[0,0 1920x1032], scale=1, rotation=0, panel_rotation=0 external detected
[19980:14964:0217/182549.177:VERBOSE1:media_stream_manager.cc(1533)] MSPL::OnSpeedLimitChange({this=000000A400156D40}, {new_limit=25})
[19980:14964:0217/182552.178:VERBOSE1:media_stream_manager.cc(1533)] MSPL::OnSpeedLimitChange({this=000000A400156D40}, {new_limit=24})
[19980:5976:0217/182558.409:VERBOSE1:device_event_log_impl.cc(198)] [18:25:58.409] Display: EVENT: screen_win.cc:893 Displays updated, count: 1
[19980:5976:0217/182558.409:VERBOSE1:device_event_log_impl.cc(198)] [18:25:58.410] Display: EVENT: screen_win.cc:895 Display[3649455471] bounds=[0,0 1920x1080], workarea=[0,0 1920x1032], scale=1, rotation=0, panel_rotation=0 external detected
[19980:14964:0217/182600.197:VERBOSE1:media_stream_manager.cc(1533)] MSPL::OnSpeedLimitChange({this=000000A400156D40}, {new_limit=25})
[19980:14964:0217/182604.400:VERBOSE1:media_stream_manager.cc(1533)] MSPL::OnSpeedLimitChange({this=000000A400156D40}, {new_limit=24})
[19980:14964:0217/182611.388:VERBOSE1:media_stream_manager.cc(1533)] MSPL::OnSpeedLimitChange({this=000000A400156D40}, {new_limit=25})
[19980:14964:0217/182613.388:VERBOSE1:media_stream_manager.cc(1533)] MSPL::OnSpeedLimitChange({this=000000A400156D40}, {new_limit=26})
[19980:14964:0217/182616.390:VERBOSE1:media_stream_manager.cc(1533)] MSPL::OnSpeedLimitChange({this=000000A400156D40}, {new_limit=27})
[19980:14964:0217/182624.393:VERBOSE1:media_stream_manager.cc(1533)] MSPL::OnSpeedLimitChange({this=000000A400156D40}, {new_limit=28})
[16920:14044:0217/182627.730:VERBOSE1:network_delegate.cc(36)] NetworkDelegate::NotifyBeforeURLRequest: https://optimizationguide-pa.googleapis.com/v1:GetModels?key=dummytoken
[16920:14044:0217/182627.738:VERBOSE1:tls_handshaker.cc(105)] TlsClient: Continuing handshake
[16920:14044:0217/182627.739:VERBOSE1:tls_handshaker.cc(126)] TlsClient: SSL_do_handshake returned when entering early data. After retry, rv=-1, SSL_in_early_data=1
[16920:14044:0217/182628.000:VERBOSE1:tls_handshaker.cc(105)] TlsClient: Continuing handshake
[16920:14044:0217/182628.000:VERBOSE1:tls_handshaker.cc(105)] TlsClient: Continuing handshake
[16920:14044:0217/182628.000:VERBOSE1:tls_client_handshaker.cc(528)] Client: handshake finished
[19980:14964:0217/182630.390:VERBOSE1:media_stream_manager.cc(1533)] MSPL::OnSpeedLimitChange({this=000000A400156D40}, {new_limit=27})
[19980:14964:0217/182703.395:VERBOSE1:media_stream_manager.cc(1533)] MSPL::OnSpeedLimitChange({this=000000A400156D40}, {new_limit=26})
[19980:5976:0217/182708.785:VERBOSE1:device_event_log_impl.cc(198)] [18:27:08.784] Display: EVENT: screen_win.cc:893 Displays updated, count: 1
[19980:5976:0217/182708.785:VERBOSE1:device_event_log_impl.cc(198)] [18:27:08.784] Display: EVENT: screen_win.cc:895 Display[3649455471] bounds=[0,0 1920x1080], workarea=[0,0 1920x1032], scale=1, rotation=0, panel_rotation=0 external detected
[19980:14964:0217/182717.794:VERBOSE1:media_stream_manager.cc(1533)] MSPL::OnSpeedLimitChange({this=000000A400156D40}, {new_limit=25})
[19980:14964:0217/182720.251:VERBOSE1:media_stream_manager.cc(1533)] MSPL::OnSpeedLimitChange({this=000000A400156D40}, {new_limit=24})
[19980:14964:0217/182722.243:VERBOSE1:media_stream_manager.cc(1533)] MSPL::OnSpeedLimitChange({this=000000A400156D40}, {new_limit=23})
[19980:14964:0217/182724.253:VERBOSE1:media_stream_manager.cc(1533)] MSPL::OnSpeedLimitChange({this=000000A400156D40}, {new_limit=22})
[19980:14964:0217/182726.247:VERBOSE1:media_stream_manager.cc(1533)] MSPL::OnSpeedLimitChange({this=000000A400156D40}, {new_limit=21})
[19980:14964:0217/182730.341:VERBOSE1:media_stream_manager.cc(1533)] MSPL::OnSpeedLimitChange({this=000000A400156D40}, {new_limit=22})
[19980:14964:0217/182731.321:VERBOSE1:media_stream_manager.cc(1533)] MSPL::OnSpeedLimitChange({this=000000A400156D40}, {new_limit=23})
[19980:14964:0217/182732.323:VERBOSE1:media_stream_manager.cc(1533)] MSPL::OnSpeedLimitChange({this=000000A400156D40}, {new_limit=24})
[19980:14964:0217/182733.340:VERBOSE1:media_stream_manager.cc(1533)] MSPL::OnSpeedLimitChange({this=000000A400156D40}, {new_limit=25})
[19980:14964:0217/182735.318:VERBOSE1:media_stream_manager.cc(1533)] MSPL::OnSpeedLimitChange({this=000000A400156D40}, {new_limit=26})
[19980:14964:0217/182736.314:VERBOSE1:media_stream_manager.cc(1533)] MSPL::OnSpeedLimitChange({this=000000A400156D40}, {new_limit=27})
[19980:14964:0217/182757.333:VERBOSE1:media_stream_manager.cc(1533)] MSPL::OnSpeedLimitChange({this=000000A400156D40}, {new_limit=28})
[19980:14964:0217/182810.408:VERBOSE1:media_stream_manager.cc(1533)] MSPL::OnSpeedLimitChange({this=000000A400156D40}, {new_limit=27})
[19980:5976:0217/182810.537:VERBOSE1:device_event_log_impl.cc(198)] [18:28:10.537] Display: EVENT: screen_win.cc:893 Displays updated, count: 1
[19980:5976:0217/182810.537:VERBOSE1:device_event_log_impl.cc(198)] [18:28:10.537] Display: EVENT: screen_win.cc:895 Display[3649455471] bounds=[0,0 1920x1080], workarea=[0,0 1920x1032], scale=1, rotation=0, panel_rotation=0 external detected
[19980:14964:0217/182812.285:VERBOSE1:media_stream_manager.cc(1533)] MSPL::OnSpeedLimitChange({this=000000A400156D40}, {new_limit=26})
[19980:14964:0217/182822.539:VERBOSE1:media_stream_manager.cc(1533)] MSPL::OnSpeedLimitChange({this=000000A400156D40}, {new_limit=27})
[19980:5976:0217/182826.654:VERBOSE1:device_event_log_impl.cc(198)] [18:28:26.654] Display: EVENT: screen_win.cc:893 Displays updated, count: 1
[19980:5976:0217/182826.654:VERBOSE1:device_event_log_impl.cc(198)] [18:28:26.654] Display: EVENT: screen_win.cc:895 Display[3649455471] bounds=[0,0 1920x1080], workarea=[0,0 1920x1032], scale=1, rotation=0, panel_rotation=0 external detected
[19980:14964:0217/182828.303:VERBOSE1:media_stream_manager.cc(1533)] MSPL::OnSpeedLimitChange({this=000000A400156D40}, {new_limit=26})
[19980:5976:0217/182831.077:VERBOSE1:device_event_log_impl.cc(198)] [18:28:31.078] Display: EVENT: screen_win.cc:893 Displays updated, count: 1
[19980:5976:0217/182831.077:VERBOSE1:device_event_log_impl.cc(198)] [18:28:31.078] Display: EVENT: screen_win.cc:895 Display[3649455471] bounds=[0,0 1920x1080], workarea=[0,0 1920x1032], scale=1, rotation=0, panel_rotation=0 external detected
[19980:14964:0217/182833.305:VERBOSE1:media_stream_manager.cc(1533)] MSPL::OnSpeedLimitChange({this=000000A400156D40}, {new_limit=25})
[19980:14964:0217/182835.308:VERBOSE1:media_stream_manager.cc(1533)] MSPL::OnSpeedLimitChange({this=000000A400156D40}, {new_limit=24})
[19980:14964:0217/182839.317:VERBOSE1:media_stream_manager.cc(1533)] MSPL::OnSpeedLimitChange({this=000000A400156D40}, {new_limit=23})
[19980:14964:0217/182841.313:VERBOSE1:media_stream_manager.cc(1533)] MSPL::OnSpeedLimitChange({this=000000A400156D40}, {new_limit=22})
[19980:14964:0217/182842.301:VERBOSE1:media_stream_manager.cc(1533)] MSPL::OnSpeedLimitChange({this=000000A400156D40}, {new_limit=21})
[19980:14964:0217/182846.309:VERBOSE1:media_stream_manager.cc(1533)] MSPL::OnSpeedLimitChange({this=000000A400156D40}, {new_limit=22})
[19980:14964:0217/182850.307:VERBOSE1:media_stream_manager.cc(1533)] MSPL::OnSpeedLimitChange({this=000000A400156D40}, {new_limit=23})
[19980:14964:0217/182857.320:VERBOSE1:media_stream_manager.cc(1533)] MSPL::OnSpeedLimitChange({this=000000A400156D40}, {new_limit=24})
[16920:14044:0217/182901.023:VERBOSE1:network_delegate.cc(36)] NetworkDelegate::NotifyBeforeURLRequest: https://optimizationguide-pa.googleapis.com/v1:GetModels?key=dummytoken
[16920:14044:0217/182901.039:VERBOSE1:tls_handshaker.cc(105)] TlsClient: Continuing handshake
[16920:14044:0217/182901.040:VERBOSE1:tls_handshaker.cc(126)] TlsClient: SSL_do_handshake returned when entering early data. After retry, rv=-1, SSL_in_early_data=1
[16920:14044:0217/182901.287:VERBOSE1:tls_handshaker.cc(105)] TlsClient: Continuing handshake
[16920:14044:0217/182901.287:VERBOSE1:tls_handshaker.cc(105)] TlsClient: Continuing handshake
[16920:14044:0217/182901.287:VERBOSE1:tls_client_handshaker.cc(528)] Client: handshake finished
[19980:14964:0217/182918.358:VERBOSE1:media_stream_manager.cc(1533)] MSPL::OnSpeedLimitChange({this=000000A400156D40}, {new_limit=23})
[19980:14964:0217/182928.337:VERBOSE1:media_stream_manager.cc(1533)] MSPL::OnSpeedLimitChange({this=000000A400156D40}, {new_limit=24})
[19980:14964:0217/182937.345:VERBOSE1:media_stream_manager.cc(1533)] MSPL::OnSpeedLimitChange({this=000000A400156D40}, {new_limit=23})
[19980:14964:0217/182939.357:VERBOSE1:media_stream_manager.cc(1533)] MSPL::OnSpeedLimitChange({this=000000A400156D40}, {new_limit=22})
[19980:14964:0217/182941.360:VERBOSE1:media_stream_manager.cc(1533)] MSPL::OnSpeedLimitChange({this=000000A400156D40}, {new_limit=20})
[19980:14964:0217/182947.347:VERBOSE1:media_stream_manager.cc(1533)] MSPL::OnSpeedLimitChange({this=000000A400156D40}, {new_limit=21})
[19980:14964:0217/182949.356:VERBOSE1:media_stream_manager.cc(1533)] MSPL::OnSpeedLimitChange({this=000000A400156D40}, {new_limit=22})
[19980:14964:0217/182950.397:VERBOSE1:media_stream_manager.cc(1533)] MSPL::OnSpeedLimitChange({this=000000A400156D40}, {new_limit=23})
[19980:14964:0217/182951.359:VERBOSE1:media_stream_manager.cc(1533)] MSPL::OnSpeedLimitChange({this=000000A400156D40}, {new_limit=24})
[19980:5976:0217/182956.383:VERBOSE1:device_event_log_impl.cc(198)] [18:29:56.383] Display: EVENT: screen_win.cc:893 Displays updated, count: 1
[19980:5976:0217/182956.383:VERBOSE1:device_event_log_impl.cc(198)] [18:29:56.383] Display: EVENT: screen_win.cc:895 Display[3649455471] bounds=[0,0 1920x1080], workarea=[0,0 1920x1032], scale=1, rotation=0, panel_rotation=0 external detected
[19980:14964:0217/182957.356:VERBOSE1:media_stream_manager.cc(1533)] MSPL::OnSpeedLimitChange({this=000000A400156D40}, {new_limit=25})
[19980:14964:0217/182958.364:VERBOSE1:media_stream_manager.cc(1533)] MSPL::OnSpeedLimitChange({this=000000A400156D40}, {new_limit=24})
[19980:14964:0217/183001.406:VERBOSE1:media_stream_manager.cc(1533)] MSPL::OnSpeedLimitChange({this=000000A400156D40}, {new_limit=25})
[19980:5976:0217/183003.032:VERBOSE1:device_event_log_impl.cc(198)] [18:30:03.033] Display: EVENT: screen_win.cc:893 Displays updated, count: 1
[19980:5976:0217/183003.033:VERBOSE1:device_event_log_impl.cc(198)] [18:30:03.033] Display: EVENT: screen_win.cc:895 Display[3649455471] bounds=[0,0 1920x1080], workarea=[0,0 1920x1032], scale=1, rotation=0, panel_rotation=0 external detected
[19980:14964:0217/183011.371:VERBOSE1:media_stream_manager.cc(1533)] MSPL::OnSpeedLimitChange({this=000000A400156D40}, {new_limit=24})
[19980:14964:0217/183016.373:VERBOSE1:media_stream_manager.cc(1533)] MSPL::OnSpeedLimitChange({this=000000A400156D40}, {new_limit=23})
[19980:14964:0217/183025.385:VERBOSE1:media_stream_manager.cc(1533)] MSPL::OnSpeedLimitChange({this=000000A400156D40}, {new_limit=24})
[19980:14964:0217/183036.394:VERBOSE1:media_stream_manager.cc(1533)] MSPL::OnSpeedLimitChange({this=000000A400156D40}, {new_limit=23})
[19980:14964:0217/183039.383:VERBOSE1:media_stream_manager.cc(1533)] MSPL::OnSpeedLimitChange({this=000000A400156D40}, {new_limit=24})
[19980:14964:0217/183045.408:VERBOSE1:media_stream_manager.cc(1533)] MSPL::OnSpeedLimitChange({this=000000A400156D40}, {new_limit=23})
[19980:14964:0217/183056.395:VERBOSE1:media_stream_manager.cc(1533)] MSPL::OnSpeedLimitChange({this=000000A400156D40}, {new_limit=24})
[19980:14964:0217/183112.413:VERBOSE1:media_stream_manager.cc(1533)] MSPL::OnSpeedLimitChange({this=000000A400156D40}, {new_limit=23})
[19980:14964:0217/183119.699:VERBOSE1:media_stream_manager.cc(1533)] MSPL::OnSpeedLimitChange({this=000000A400156D40}, {new_limit=24})
[19980:5976:0217/183120.198:VERBOSE1:device_event_log_impl.cc(198)] [18:31:20.197] Display: EVENT: screen_win.cc:893 Displays updated, count: 1
[19980:5976:0217/183120.198:VERBOSE1:device_event_log_impl.cc(198)] [18:31:20.198] Display: EVENT: screen_win.cc:895 Display[3649455471] bounds=[0,0 1920x1080], workarea=[0,0 1920x1032], scale=1, rotation=0, panel_rotation=0 external detected
[19980:14964:0217/183121.411:VERBOSE1:media_stream_manager.cc(1533)] MSPL::OnSpeedLimitChange({this=000000A400156D40}, {new_limit=23})
[19980:14964:0217/183122.427:VERBOSE1:media_stream_manager.cc(1533)] MSPL::OnSpeedLimitChange({this=000000A400156D40}, {new_limit=24})
[19980:14964:0217/183125.413:VERBOSE1:media_stream_manager.cc(1533)] MSPL::OnSpeedLimitChange({this=000000A400156D40}, {new_limit=23})
[19980:14964:0217/183129.417:VERBOSE1:media_stream_manager.cc(1533)] MSPL::OnSpeedLimitChange({this=000000A400156D40}, {new_limit=22})
[19980:14964:0217/183134.446:VERBOSE1:media_stream_manager.cc(1533)] MSPL::OnSpeedLimitChange({this=000000A400156D40}, {new_limit=23})
[19980:14964:0217/183139.428:VERBOSE1:media_stream_manager.cc(1533)] MSPL::OnSpeedLimitChange({this=000000A400156D40}, {new_limit=22})
[16920:14044:0217/183147.047:VERBOSE1:network_delegate.cc(36)] NetworkDelegate::NotifyBeforeURLRequest: https://optimizationguide-pa.googleapis.com/v1:GetModels?key=dummytoken
[16920:14044:0217/183147.063:VERBOSE1:tls_handshaker.cc(105)] TlsClient: Continuing handshake
[16920:14044:0217/183147.063:VERBOSE1:tls_handshaker.cc(126)] TlsClient: SSL_do_handshake returned when entering early data. After retry, rv=-1, SSL_in_early_data=1
[16920:14044:0217/183147.306:VERBOSE1:tls_handshaker.cc(105)] TlsClient: Continuing handshake
[16920:14044:0217/183147.306:VERBOSE1:tls_handshaker.cc(105)] TlsClient: Continuing handshake
[16920:14044:0217/183147.306:VERBOSE1:tls_client_handshaker.cc(528)] Client: handshake finished
[19980:14964:0217/183149.428:VERBOSE1:media_stream_manager.cc(1533)] MSPL::OnSpeedLimitChange({this=000000A400156D40}, {new_limit=23})
[19980:14964:0217/183151.432:VERBOSE1:media_stream_manager.cc(1533)] MSPL::OnSpeedLimitChange({this=000000A400156D40}, {new_limit=24})
[19980:14964:0217/183204.445:VERBOSE1:media_stream_manager.cc(1533)] MSPL::OnSpeedLimitChange({this=000000A400156D40}, {new_limit=23})
[19980:14964:0217/183206.470:VERBOSE1:media_stream_manager.cc(1533)] MSPL::OnSpeedLimitChange({this=000000A400156D40}, {new_limit=24})
[19980:14964:0217/183214.630:VERBOSE1:media_stream_manager.cc(1533)] MSPL::OnSpeedLimitChange({this=000000A400156D40}, {new_limit=25})
[19980:5976:0217/183216.287:VERBOSE1:device_event_log_impl.cc(198)] [18:32:16.287] Display: EVENT: screen_win.cc:893 Displays updated, count: 1
[19980:5976:0217/183216.287:VERBOSE1:device_event_log_impl.cc(198)] [18:32:16.287] Display: EVENT: screen_win.cc:895 Display[3649455471] bounds=[0,0 1920x1080], workarea=[0,0 1920x1032], scale=1, rotation=0, panel_rotation=0 external detected
[19980:14964:0217/183216.447:VERBOSE1:media_stream_manager.cc(1533)] MSPL::OnSpeedLimitChange({this=000000A400156D40}, {new_limit=24})
[19980:14964:0217/183222.454:VERBOSE1:media_stream_manager.cc(1533)] MSPL::OnSpeedLimitChange({this=000000A400156D40}, {new_limit=23})
[19980:14964:0217/183229.161:VERBOSE1:media_stream_manager.cc(1533)] MSPL::OnSpeedLimitChange({this=000000A400156D40}, {new_limit=24})
[19980:14964:0217/183231.382:VERBOSE1:media_stream_manager.cc(1533)] MSPL::OnSpeedLimitChange({this=000000A400156D40}, {new_limit=25})
[19980:14964:0217/183233.002:VERBOSE1:media_stream_manager.cc(1533)] MSPL::OnSpeedLimitChange({this=000000A400156D40}, {new_limit=26})
[19980:14964:0217/183234.509:VERBOSE1:media_stream_manager.cc(1533)] MSPL::OnSpeedLimitChange({this=000000A400156D40}, {new_limit=27})
[19980:14964:0217/183237.286:VERBOSE1:media_stream_manager.cc(1533)] MSPL::OnSpeedLimitChange({this=000000A400156D40}, {new_limit=26})
[19980:14964:0217/183240.472:VERBOSE1:media_stream_manager.cc(1533)] MSPL::OnSpeedLimitChange({this=000000A400156D40}, {new_limit=25})
[19980:14964:0217/183243.485:VERBOSE1:media_stream_manager.cc(1533)] MSPL::OnSpeedLimitChange({this=000000A400156D40}, {new_limit=26})
[19980:14964:0217/183246.141:VERBOSE1:media_stream_manager.cc(1533)] MSPL::OnSpeedLimitChange({this=000000A400156D40}, {new_limit=25})
[19980:14964:0217/183246.474:VERBOSE1:media_stream_manager.cc(1533)] MSPL::OnSpeedLimitChange({this=000000A400156D40}, {new_limit=24})
[19980:14964:0217/183256.207:VERBOSE1:media_stream_manager.cc(1533)] MSPL::OnSpeedLimitChange({this=000000A400156D40}, {new_limit=23})
[19980:14964:0217/183256.207:VERBOSE1:media_stream_manager.cc(1533)] MSPL::OnSpeedLimitChange({this=000000A400156D40}, {new_limit=24})
[19980:14964:0217/183256.207:VERBOSE1:media_stream_manager.cc(1533)] MSPL::OnSpeedLimitChange({this=000000A400156D40}, {new_limit=25})
[19980:14964:0217/183256.479:VERBOSE1:media_stream_manager.cc(1533)] MSPL::OnSpeedLimitChange({this=000000A400156D40}, {new_limit=26})
[19980:14964:0217/183300.476:VERBOSE1:media_stream_manager.cc(1533)] MSPL::OnSpeedLimitChange({this=000000A400156D40}, {new_limit=25})
[19980:14964:0217/183302.477:VERBOSE1:media_stream_manager.cc(1533)] MSPL::OnSpeedLimitChange({this=000000A400156D40}, {new_limit=24})
[19980:14964:0217/183305.578:VERBOSE1:media_stream_manager.cc(1533)] MSPL::OnSpeedLimitChange({this=000000A400156D40}, {new_limit=25})
[19980:14964:0217/183308.617:VERBOSE1:media_stream_manager.cc(1533)] MSPL::OnSpeedLimitChange({this=000000A400156D40}, {new_limit=26})
[19980:14964:0217/183311.587:VERBOSE1:media_stream_manager.cc(1533)] MSPL::OnSpeedLimitChange({this=000000A400156D40}, {new_limit=27})
[19980:14964:0217/183357.585:VERBOSE1:media_stream_manager.cc(1533)] MSPL::OnSpeedLimitChange({this=000000A400156D40}, {new_limit=26})
[19980:14964:0217/183406.591:VERBOSE1:media_stream_manager.cc(1533)] MSPL::OnSpeedLimitChange({this=000000A400156D40}, {new_limit=27})
[19980:14964:0217/183425.598:VERBOSE1:media_stream_manager.cc(1533)] MSPL::OnSpeedLimitChange({this=000000A400156D40}, {new_limit=26})
[19980:14964:0217/183430.617:VERBOSE1:media_stream_manager.cc(1533)] MSPL::OnSpeedLimitChange({this=000000A400156D40}, {new_limit=27})
[16920:14044:0217/183440.936:VERBOSE1:network_delegate.cc(36)] NetworkDelegate::NotifyBeforeURLRequest: https://optimizationguide-pa.googleapis.com/v1:GetModels?key=dummytoken
[16920:14044:0217/183440.950:VERBOSE1:tls_handshaker.cc(105)] TlsClient: Continuing handshake
[16920:14044:0217/183441.198:VERBOSE1:tls_handshaker.cc(105)] TlsClient: Continuing handshake
[16920:14044:0217/183441.605:VERBOSE1:tls_handshaker.cc(105)] TlsClient: Continuing handshake
[16920:14044:0217/183441.605:VERBOSE1:tls_handshaker.cc(126)] TlsClient: SSL_do_handshake returned when entering early data. After retry, rv=-1, SSL_in_early_data=1
[16920:14044:0217/183441.606:VERBOSE1:tls_handshaker.cc(105)] TlsClient: Continuing handshake
[16920:14044:0217/183441.607:VERBOSE1:tls_client_handshaker.cc(528)] Client: handshake finished
[19980:14964:0217/183453.607:VERBOSE1:media_stream_manager.cc(1533)] MSPL::OnSpeedLimitChange({this=000000A400156D40}, {new_limit=26})
[19980:14964:0217/183504.609:VERBOSE1:media_stream_manager.cc(1533)] MSPL::OnSpeedLimitChange({this=000000A400156D40}, {new_limit=27})
[19980:14964:0217/183520.612:VERBOSE1:media_stream_manager.cc(1533)] MSPL::OnSpeedLimitChange({this=000000A400156D40}, {new_limit=26})
[19980:14964:0217/183528.615:VERBOSE1:media_stream_manager.cc(1533)] MSPL::OnSpeedLimitChange({this=000000A400156D40}, {new_limit=27})
[19980:5976:0217/183556.112:VERBOSE1:device_event_log_impl.cc(198)] [18:35:56.112] Display: EVENT: screen_win.cc:893 Displays updated, count: 1
[19980:5976:0217/183556.113:VERBOSE1:device_event_log_impl.cc(198)] [18:35:56.113] Display: EVENT: screen_win.cc:895 Display[3649455471] bounds=[0,0 1920x1080], workarea=[0,0 1920x1032], scale=1, rotation=0, panel_rotation=0 external detected
[19980:14964:0217/183556.627:VERBOSE1:media_stream_manager.cc(1533)] MSPL::OnSpeedLimitChange({this=000000A400156D40}, {new_limit=26})
[19980:14964:0217/183557.631:VERBOSE1:media_stream_manager.cc(1533)] MSPL::OnSpeedLimitChange({this=000000A400156D40}, {new_limit=25})
[19980:5976:0217/183601.626:VERBOSE1:device_event_log_impl.cc(198)] [18:36:01.626] Display: EVENT: screen_win.cc:893 Displays updated, count: 1
[19980:5976:0217/183601.626:VERBOSE1:device_event_log_impl.cc(198)] [18:36:01.626] Display: EVENT: screen_win.cc:895 Display[3649455471] bounds=[0,0 1920x1080], workarea=[0,0 1920x1032], scale=1, rotation=0, panel_rotation=0 external detected
[19980:14964:0217/183602.631:VERBOSE1:media_stream_manager.cc(1533)] MSPL::OnSpeedLimitChange({this=000000A400156D40}, {new_limit=24})
[19980:14964:0217/183609.165:VERBOSE1:media_stream_manager.cc(1533)] MSPL::OnSpeedLimitChange({this=000000A400156D40}, {new_limit=25})
[19980:14964:0217/183609.165:VERBOSE1:media_stream_manager.cc(1533)] MSPL::OnSpeedLimitChange({this=000000A400156D40}, {new_limit=26})
[19980:14964:0217/183614.649:VERBOSE1:media_stream_manager.cc(1533)] MSPL::OnSpeedLimitChange({this=000000A400156D40}, {new_limit=25})
[19980:5976:0217/183617.545:VERBOSE1:device_event_log_impl.cc(198)] [18:36:17.545] Display: EVENT: screen_win.cc:893 Displays updated, count: 1
[19980:5976:0217/183617.545:VERBOSE1:device_event_log_impl.cc(198)] [18:36:17.545] Display: EVENT: screen_win.cc:895 Display[3649455471] bounds=[0,0 1920x1080], workarea=[0,0 1920x1032], scale=1, rotation=0, panel_rotation=0 external detected
[19980:14964:0217/183621.968:VERBOSE1:media_stream_manager.cc(1533)] MSPL::OnSpeedLimitChange({this=000000A400156D40}, {new_limit=26})
[19980:14964:0217/183624.970:VERBOSE1:media_stream_manager.cc(1533)] MSPL::OnSpeedLimitChange({this=000000A400156D40}, {new_limit=27})
[19980:14964:0217/183636.973:VERBOSE1:media_stream_manager.cc(1533)] MSPL::OnSpeedLimitChange({this=000000A400156D40}, {new_limit=26})
[19980:14964:0217/183637.972:VERBOSE1:media_stream_manager.cc(1533)] MSPL::OnSpeedLimitChange({this=000000A400156D40}, {new_limit=27})
[19980:14964:0217/183638.972:VERBOSE1:media_stream_manager.cc(1533)] MSPL::OnSpeedLimitChange({this=000000A400156D40}, {new_limit=26})
[19980:14964:0217/183654.983:VERBOSE1:media_stream_manager.cc(1533)] MSPL::OnSpeedLimitChange({this=000000A400156D40}, {new_limit=25})
[19980:14964:0217/183659.011:VERBOSE1:media_stream_manager.cc(1533)] MSPL::OnSpeedLimitChange({this=000000A400156D40}, {new_limit=26})
[19980:14964:0217/183706.991:VERBOSE1:media_stream_manager.cc(1533)] MSPL::OnSpeedLimitChange({this=000000A400156D40}, {new_limit=27})
[19980:14964:0217/183708.976:VERBOSE1:media_stream_manager.cc(1533)] MSPL::OnSpeedLimitChange({this=000000A400156D40}, {new_limit=26})
[19980:14964:0217/183720.980:VERBOSE1:media_stream_manager.cc(1533)] MSPL::OnSpeedLimitChange({this=000000A400156D40}, {new_limit=27})
[16920:14044:0217/183726.652:VERBOSE1:network_delegate.cc(36)] NetworkDelegate::NotifyBeforeURLRequest: https://optimizationguide-pa.googleapis.com/v1:GetModels?key=dummytoken
[16920:14044:0217/183726.661:VERBOSE1:tls_handshaker.cc(105)] TlsClient: Continuing handshake
[16920:14044:0217/183726.662:VERBOSE1:tls_handshaker.cc(126)] TlsClient: SSL_do_handshake returned when entering early data. After retry, rv=-1, SSL_in_early_data=1
[16920:14044:0217/183726.914:VERBOSE1:tls_handshaker.cc(105)] TlsClient: Continuing handshake
[16920:14044:0217/183726.914:VERBOSE1:tls_handshaker.cc(105)] TlsClient: Continuing handshake
[16920:14044:0217/183726.914:VERBOSE1:tls_client_handshaker.cc(528)] Client: handshake finished
[19980:14964:0217/183727.983:VERBOSE1:media_stream_manager.cc(1533)] MSPL::OnSpeedLimitChange({this=000000A400156D40}, {new_limit=26})
[19980:14964:0217/183733.983:VERBOSE1:media_stream_manager.cc(1533)] MSPL::OnSpeedLimitChange({this=000000A400156D40}, {new_limit=25})
[19980:14964:0217/183735.982:VERBOSE1:media_stream_manager.cc(1533)] MSPL::OnSpeedLimitChange({this=000000A400156D40}, {new_limit=26})
[19980:14964:0217/183740.989:VERBOSE1:media_stream_manager.cc(1533)] MSPL::OnSpeedLimitChange({this=000000A400156D40}, {new_limit=27})
[19980:14964:0217/183758.989:VERBOSE1:media_stream_manager.cc(1533)] MSPL::OnSpeedLimitChange({this=000000A400156D40}, {new_limit=26})
[19980:14964:0217/183801.989:VERBOSE1:media_stream_manager.cc(1533)] MSPL::OnSpeedLimitChange({this=000000A400156D40}, {new_limit=27})
[19980:5976:0217/183804.877:VERBOSE1:device_event_log_impl.cc(198)] [18:38:04.878] Display: EVENT: screen_win.cc:893 Displays updated, count: 1
[19980:5976:0217/183804.877:VERBOSE1:device_event_log_impl.cc(198)] [18:38:04.878] Display: EVENT: screen_win.cc:895 Display[3649455471] bounds=[0,0 1920x1080], workarea=[0,0 1920x1032], scale=1, rotation=0, panel_rotation=0 external detected
[19980:5976:0217/183807.333:VERBOSE1:device_event_log_impl.cc(198)] [18:38:07.333] Display: EVENT: screen_win.cc:893 Displays updated, count: 1
[19980:5976:0217/183807.333:VERBOSE1:device_event_log_impl.cc(198)] [18:38:07.334] Display: EVENT: screen_win.cc:895 Display[3649455471] bounds=[0,0 1920x1080], workarea=[0,0 1920x1032], scale=1, rotation=0, panel_rotation=0 external detected
[19980:14964:0217/183807.949:VERBOSE1:media_stream_manager.cc(1533)] MSPL::OnSpeedLimitChange({this=000000A400156D40}, {new_limit=26})
[19980:14964:0217/183808.943:VERBOSE1:media_stream_manager.cc(1533)] MSPL::OnSpeedLimitChange({this=000000A400156D40}, {new_limit=27})
[19980:5976:0217/183843.767:VERBOSE1:device_event_log_impl.cc(198)] [18:38:43.767] Display: EVENT: screen_win.cc:893 Displays updated, count: 1
[19980:5976:0217/183843.767:VERBOSE1:device_event_log_impl.cc(198)] [18:38:43.768] Display: EVENT: screen_win.cc:895 Display[3649455471] bounds=[0,0 1920x1080], workarea=[0,0 1920x1032], scale=1, rotation=0, panel_rotation=0 external detected
[19980:14964:0217/183846.758:VERBOSE1:media_stream_manager.cc(1533)] MSPL::OnSpeedLimitChange({this=000000A400156D40}, {new_limit=26})
[19980:14964:0217/183847.755:VERBOSE1:media_stream_manager.cc(1533)] MSPL::OnSpeedLimitChange({this=000000A400156D40}, {new_limit=25})
[19980:14964:0217/183849.758:VERBOSE1:media_stream_manager.cc(1533)] MSPL::OnSpeedLimitChange({this=000000A400156D40}, {new_limit=24})
[19980:14964:0217/183851.759:VERBOSE1:media_stream_manager.cc(1533)] MSPL::OnSpeedLimitChange({this=000000A400156D40}, {new_limit=23})
[19980:14964:0217/183853.765:VERBOSE1:media_stream_manager.cc(1533)] MSPL::OnSpeedLimitChange({this=000000A400156D40}, {new_limit=22})
[19980:14964:0217/183856.766:VERBOSE1:media_stream_manager.cc(1533)] MSPL::OnSpeedLimitChange({this=000000A400156D40}, {new_limit=23})
[19980:14964:0217/183903.754:VERBOSE1:media_stream_manager.cc(1533)] MSPL::OnSpeedLimitChange({this=000000A400156D40}, {new_limit=24})
[19980:14964:0217/183904.770:VERBOSE1:media_stream_manager.cc(1533)] MSPL::OnSpeedLimitChange({this=000000A400156D40}, {new_limit=23})
[19980:14964:0217/183907.768:VERBOSE1:media_stream_manager.cc(1533)] MSPL::OnSpeedLimitChange({this=000000A400156D40}, {new_limit=22})
[19980:14964:0217/183908.901:VERBOSE1:media_stream_manager.cc(1533)] MSPL::OnSpeedLimitChange({this=000000A400156D40}, {new_limit=23})
[19980:14964:0217/183910.902:VERBOSE1:media_stream_manager.cc(1533)] MSPL::OnSpeedLimitChange({this=000000A400156D40}, {new_limit=24})
[19980:14964:0217/183912.898:VERBOSE1:media_stream_manager.cc(1533)] MSPL::OnSpeedLimitChange({this=000000A400156D40}, {new_limit=25})
[19980:14964:0217/183915.898:VERBOSE1:media_stream_manager.cc(1533)] MSPL::OnSpeedLimitChange({this=000000A400156D40}, {new_limit=26})
[19980:14964:0217/183916.900:VERBOSE1:media_stream_manager.cc(1533)] MSPL::OnSpeedLimitChange({this=000000A400156D40}, {new_limit=27})
[19980:14964:0217/183918.902:VERBOSE1:media_stream_manager.cc(1533)] MSPL::OnSpeedLimitChange({this=000000A400156D40}, {new_limit=28})
[19980:14964:0217/183923.901:VERBOSE1:media_stream_manager.cc(1533)] MSPL::OnSpeedLimitChange({this=000000A400156D40}, {new_limit=27})
[19980:14964:0217/183930.902:VERBOSE1:media_stream_manager.cc(1533)] MSPL::OnSpeedLimitChange({this=000000A400156D40}, {new_limit=26})
[19980:14964:0217/183938.908:VERBOSE1:media_stream_manager.cc(1533)] MSPL::OnSpeedLimitChange({this=000000A400156D40}, {new_limit=25})
[19980:14964:0217/183939.909:VERBOSE1:media_stream_manager.cc(1533)] MSPL::OnSpeedLimitChange({this=000000A400156D40}, {new_limit=26})
[19980:14964:0217/183940.926:VERBOSE1:media_stream_manager.cc(1533)] MSPL::OnSpeedLimitChange({this=000000A400156D40}, {new_limit=27})
[19980:14964:0217/184005.909:VERBOSE1:media_stream_manager.cc(1533)] MSPL::OnSpeedLimitChange({this=000000A400156D40}, {new_limit=26})
[19980:14964:0217/184008.912:VERBOSE1:media_stream_manager.cc(1533)] MSPL::OnSpeedLimitChange({this=000000A400156D40}, {new_limit=25})
[19980:14964:0217/184009.916:VERBOSE1:media_stream_manager.cc(1533)] MSPL::OnSpeedLimitChange({this=000000A400156D40}, {new_limit=24})
[19980:14964:0217/184016.917:VERBOSE1:media_stream_manager.cc(1533)] MSPL::OnSpeedLimitChange({this=000000A400156D40}, {new_limit=25})
[19980:14964:0217/184018.916:VERBOSE1:media_stream_manager.cc(1533)] MSPL::OnSpeedLimitChange({this=000000A400156D40}, {new_limit=26})
[19980:14964:0217/184020.922:VERBOSE1:media_stream_manager.cc(1533)] MSPL::OnSpeedLimitChange({this=000000A400156D40}, {new_limit=27})
[16920:14044:0217/184021.266:VERBOSE1:network_delegate.cc(36)] NetworkDelegate::NotifyBeforeURLRequest: https://optimizationguide-pa.googleapis.com/v1:GetModels?key=dummytoken
[16920:14044:0217/184021.282:VERBOSE1:tls_handshaker.cc(105)] TlsClient: Continuing handshake
[16920:14044:0217/184021.286:VERBOSE1:tls_handshaker.cc(126)] TlsClient: SSL_do_handshake returned when entering early data. After retry, rv=-1, SSL_in_early_data=1
[16920:14044:0217/184021.520:VERBOSE1:tls_handshaker.cc(105)] TlsClient: Continuing handshake
[16920:14044:0217/184021.520:VERBOSE1:tls_handshaker.cc(105)] TlsClient: Continuing handshake
[16920:14044:0217/184021.520:VERBOSE1:tls_client_handshaker.cc(528)] Client: handshake finished
[19980:14964:0217/184102.939:VERBOSE1:media_stream_manager.cc(1533)] MSPL::OnSpeedLimitChange({this=000000A400156D40}, {new_limit=26})
[19980:14964:0217/184104.933:VERBOSE1:media_stream_manager.cc(1533)] MSPL::OnSpeedLimitChange({this=000000A400156D40}, {new_limit=27})
[19980:14964:0217/184113.928:VERBOSE1:media_stream_manager.cc(1533)] MSPL::OnSpeedLimitChange({this=000000A400156D40}, {new_limit=26})
[19980:14964:0217/184119.940:VERBOSE1:media_stream_manager.cc(1533)] MSPL::OnSpeedLimitChange({this=000000A400156D40}, {new_limit=25})
[19980:14964:0217/184120.964:VERBOSE1:media_stream_manager.cc(1533)] MSPL::OnSpeedLimitChange({this=000000A400156D40}, {new_limit=26})
[19980:5976:0217/184126.717:VERBOSE1:device_event_log_impl.cc(198)] [18:41:26.717] Display: EVENT: screen_win.cc:893 Displays updated, count: 1
[19980:5976:0217/184126.717:VERBOSE1:device_event_log_impl.cc(198)] [18:41:26.717] Display: EVENT: screen_win.cc:895 Display[3649455471] bounds=[0,0 1920x1080], workarea=[0,0 1920x1032], scale=1, rotation=0, panel_rotation=0 external detected
[19980:14964:0217/184133.873:VERBOSE1:media_stream_manager.cc(1533)] MSPL::OnSpeedLimitChange({this=000000A400156D40}, {new_limit=25})
[19980:14964:0217/184136.881:VERBOSE1:media_stream_manager.cc(1533)] MSPL::OnSpeedLimitChange({this=000000A400156D40}, {new_limit=24})
[19980:14964:0217/184137.882:VERBOSE1:media_stream_manager.cc(1533)] MSPL::OnSpeedLimitChange({this=000000A400156D40}, {new_limit=25})
[19980:14964:0217/184138.879:VERBOSE1:media_stream_manager.cc(1533)] MSPL::OnSpeedLimitChange({this=000000A400156D40}, {new_limit=24})
[19980:14964:0217/184142.896:VERBOSE1:media_stream_manager.cc(1533)] MSPL::OnSpeedLimitChange({this=000000A400156D40}, {new_limit=23})
[19980:14964:0217/184143.872:VERBOSE1:media_stream_manager.cc(1533)] MSPL::OnSpeedLimitChange({this=000000A400156D40}, {new_limit=24})
[19980:14964:0217/184147.902:VERBOSE1:media_stream_manager.cc(1533)] MSPL::OnSpeedLimitChange({this=000000A400156D40}, {new_limit=25})
[19980:14964:0217/184150.898:VERBOSE1:media_stream_manager.cc(1533)] MSPL::OnSpeedLimitChange({this=000000A400156D40}, {new_limit=26})
[19980:14964:0217/184153.894:VERBOSE1:media_stream_manager.cc(1533)] MSPL::OnSpeedLimitChange({this=000000A400156D40}, {new_limit=27})
[19980:5976:0217/184155.250:VERBOSE1:device_event_log_impl.cc(198)] [18:41:55.250] Display: EVENT: screen_win.cc:893 Displays updated, count: 1
[19980:5976:0217/184155.250:VERBOSE1:device_event_log_impl.cc(198)] [18:41:55.250] Display: EVENT: screen_win.cc:895 Display[3649455471] bounds=[0,0 1920x1080], workarea=[0,0 1920x1032], scale=1, rotation=0, panel_rotation=0 external detected
[19980:14964:0217/184155.879:VERBOSE1:media_stream_manager.cc(1533)] MSPL::OnSpeedLimitChange({this=000000A400156D40}, {new_limit=26})
[19980:14964:0217/184158.890:VERBOSE1:media_stream_manager.cc(1533)] MSPL::OnSpeedLimitChange({this=000000A400156D40}, {new_limit=25})
[19980:14964:0217/184200.889:VERBOSE1:media_stream_manager.cc(1533)] MSPL::OnSpeedLimitChange({this=000000A400156D40}, {new_limit=24})
[19980:14964:0217/184203.894:VERBOSE1:media_stream_manager.cc(1533)] MSPL::OnSpeedLimitChange({this=000000A400156D40}, {new_limit=23})
[19980:14964:0217/184205.900:VERBOSE1:media_stream_manager.cc(1533)] MSPL::OnSpeedLimitChange({this=000000A400156D40}, {new_limit=24})
[19980:14964:0217/184206.900:VERBOSE1:media_stream_manager.cc(1533)] MSPL::OnSpeedLimitChange({this=000000A400156D40}, {new_limit=23})
[19980:14964:0217/184210.892:VERBOSE1:media_stream_manager.cc(1533)] MSPL::OnSpeedLimitChange({this=000000A400156D40}, {new_limit=24})
[19980:14964:0217/184216.898:VERBOSE1:media_stream_manager.cc(1533)] MSPL::OnSpeedLimitChange({this=000000A400156D40}, {new_limit=23})
[19980:14964:0217/184218.912:VERBOSE1:media_stream_manager.cc(1533)] MSPL::OnSpeedLimitChange({this=000000A400156D40}, {new_limit=24})
[19980:14964:0217/184219.911:VERBOSE1:media_stream_manager.cc(1533)] MSPL::OnSpeedLimitChange({this=000000A400156D40}, {new_limit=23})
[19980:14964:0217/184233.930:VERBOSE1:media_stream_manager.cc(1533)] MSPL::OnSpeedLimitChange({this=000000A400156D40}, {new_limit=24})
[16920:14044:0217/184252.873:VERBOSE1:network_delegate.cc(36)] NetworkDelegate::NotifyBeforeURLRequest: https://optimizationguide-pa.googleapis.com/v1:GetModels?key=dummytoken
[16920:14044:0217/184252.883:VERBOSE1:tls_handshaker.cc(105)] TlsClient: Continuing handshake
[16920:14044:0217/184252.883:VERBOSE1:tls_handshaker.cc(126)] TlsClient: SSL_do_handshake returned when entering early data. After retry, rv=-1, SSL_in_early_data=1
[16920:14044:0217/184253.126:VERBOSE1:tls_handshaker.cc(105)] TlsClient: Continuing handshake
[16920:14044:0217/184253.126:VERBOSE1:tls_handshaker.cc(105)] TlsClient: Continuing handshake
[16920:14044:0217/184253.126:VERBOSE1:tls_client_handshaker.cc(528)] Client: handshake finished
[19980:14964:0217/184311.937:VERBOSE1:media_stream_manager.cc(1533)] MSPL::OnSpeedLimitChange({this=000000A400156D40}, {new_limit=23})
[19980:14964:0217/184313.948:VERBOSE1:media_stream_manager.cc(1533)] MSPL::OnSpeedLimitChange({this=000000A400156D40}, {new_limit=24})
[19980:14964:0217/184314.944:VERBOSE1:media_stream_manager.cc(1533)] MSPL::OnSpeedLimitChange({this=000000A400156D40}, {new_limit=23})
[19980:14964:0217/184315.941:VERBOSE1:media_stream_manager.cc(1533)] MSPL::OnSpeedLimitChange({this=000000A400156D40}, {new_limit=24})
[19980:14964:0217/184323.952:VERBOSE1:media_stream_manager.cc(1533)] MSPL::OnSpeedLimitChange({this=000000A400156D40}, {new_limit=23})
[19980:14964:0217/184324.941:VERBOSE1:media_stream_manager.cc(1533)] MSPL::OnSpeedLimitChange({this=000000A400156D40}, {new_limit=24})
[19980:14964:0217/184334.966:VERBOSE1:media_stream_manager.cc(1533)] MSPL::OnSpeedLimitChange({this=000000A400156D40}, {new_limit=23})
[19980:14964:0217/184335.998:VERBOSE1:media_stream_manager.cc(1533)] MSPL::OnSpeedLimitChange({this=000000A400156D40}, {new_limit=21})
[19980:14964:0217/184338.971:VERBOSE1:media_stream_manager.cc(1533)] MSPL::OnSpeedLimitChange({this=000000A400156D40}, {new_limit=20})
[19980:14964:0217/184344.995:VERBOSE1:media_stream_manager.cc(1533)] MSPL::OnSpeedLimitChange({this=000000A400156D40}, {new_limit=22})
[19980:14964:0217/184345.969:VERBOSE1:media_stream_manager.cc(1533)] MSPL::OnSpeedLimitChange({this=000000A400156D40}, {new_limit=23})
[19980:14964:0217/184348.968:VERBOSE1:media_stream_manager.cc(1533)] MSPL::OnSpeedLimitChange({this=000000A400156D40}, {new_limit=24})
[19980:14964:0217/184349.958:VERBOSE1:media_stream_manager.cc(1533)] MSPL::OnSpeedLimitChange({this=000000A400156D40}, {new_limit=23})
[19980:14964:0217/184350.964:VERBOSE1:media_stream_manager.cc(1533)] MSPL::OnSpeedLimitChange({this=000000A400156D40}, {new_limit=24})
[19980:14964:0217/184353.963:VERBOSE1:media_stream_manager.cc(1533)] MSPL::OnSpeedLimitChange({this=000000A400156D40}, {new_limit=23})
[19980:14964:0217/184405.974:VERBOSE1:media_stream_manager.cc(1533)] MSPL::OnSpeedLimitChange({this=000000A400156D40}, {new_limit=24})
[19980:14964:0217/184409.980:VERBOSE1:media_stream_manager.cc(1533)] MSPL::OnSpeedLimitChange({this=000000A400156D40}, {new_limit=23})
[19980:14964:0217/184410.976:VERBOSE1:media_stream_manager.cc(1533)] MSPL::OnSpeedLimitChange({this=000000A400156D40}, {new_limit=24})
[19980:14964:0217/184419.992:VERBOSE1:media_stream_manager.cc(1533)] MSPL::OnSpeedLimitChange({this=000000A400156D40}, {new_limit=25})
[19980:14964:0217/184420.992:VERBOSE1:media_stream_manager.cc(1533)] MSPL::OnSpeedLimitChange({this=000000A400156D40}, {new_limit=24})
[19980:14964:0217/184426.992:VERBOSE1:media_stream_manager.cc(1533)] MSPL::OnSpeedLimitChange({this=000000A400156D40}, {new_limit=23})
[19980:14964:0217/184442.992:VERBOSE1:media_stream_manager.cc(1533)] MSPL::OnSpeedLimitChange({this=000000A400156D40}, {new_limit=24})
[19980:14964:0217/184455.011:VERBOSE1:media_stream_manager.cc(1533)] MSPL::OnSpeedLimitChange({this=000000A400156D40}, {new_limit=23})
[19980:14964:0217/184509.024:VERBOSE1:media_stream_manager.cc(1533)] MSPL::OnSpeedLimitChange({this=000000A400156D40}, {new_limit=24})
[19980:14964:0217/184527.352:VERBOSE1:media_stream_manager.cc(1533)] MSPL::OnSpeedLimitChange({this=000000A400156D40}, {new_limit=25})
[19980:14964:0217/184527.352:VERBOSE1:media_stream_manager.cc(1533)] MSPL::OnSpeedLimitChange({this=000000A400156D40}, {new_limit=26})
[19980:14964:0217/184530.037:VERBOSE1:media_stream_manager.cc(1533)] MSPL::OnSpeedLimitChange({this=000000A400156D40}, {new_limit=25})
[19980:14964:0217/184534.035:VERBOSE1:media_stream_manager.cc(1533)] MSPL::OnSpeedLimitChange({this=000000A400156D40}, {new_limit=24})
[19980:14964:0217/184538.042:VERBOSE1:media_stream_manager.cc(1533)] MSPL::OnSpeedLimitChange({this=000000A400156D40}, {new_limit=23})
[19980:14964:0217/184540.066:VERBOSE1:media_stream_manager.cc(1533)] MSPL::OnSpeedLimitChange({this=000000A400156D40}, {new_limit=24})
[16920:14044:0217/184543.406:VERBOSE1:network_delegate.cc(36)] NetworkDelegate::NotifyBeforeURLRequest: https://optimizationguide-pa.googleapis.com/v1:GetModels?key=dummytoken
[16920:14044:0217/184543.414:VERBOSE1:tls_handshaker.cc(105)] TlsClient: Continuing handshake
[16920:14044:0217/184543.414:VERBOSE1:tls_handshaker.cc(126)] TlsClient: SSL_do_handshake returned when entering early data. After retry, rv=-1, SSL_in_early_data=1
[16920:14044:0217/184543.675:VERBOSE1:tls_handshaker.cc(105)] TlsClient: Continuing handshake
[16920:14044:0217/184543.675:VERBOSE1:tls_handshaker.cc(105)] TlsClient: Continuing handshake
[16920:14044:0217/184543.675:VERBOSE1:tls_client_handshaker.cc(528)] Client: handshake finished
[19980:14964:0217/184552.049:VERBOSE1:media_stream_manager.cc(1533)] MSPL::OnSpeedLimitChange({this=000000A400156D40}, {new_limit=25})
[19980:14964:0217/184558.064:VERBOSE1:media_stream_manager.cc(1533)] MSPL::OnSpeedLimitChange({this=000000A400156D40}, {new_limit=24})
[19980:14964:0217/184602.065:VERBOSE1:media_stream_manager.cc(1533)] MSPL::OnSpeedLimitChange({this=000000A400156D40}, {new_limit=23})
[19980:14964:0217/184605.059:VERBOSE1:media_stream_manager.cc(1533)] MSPL::OnSpeedLimitChange({this=000000A400156D40}, {new_limit=22})
[19980:14964:0217/184606.058:VERBOSE1:media_stream_manager.cc(1533)] MSPL::OnSpeedLimitChange({this=000000A400156D40}, {new_limit=23})
[19980:14964:0217/184610.060:VERBOSE1:media_stream_manager.cc(1533)] MSPL::OnSpeedLimitChange({this=000000A400156D40}, {new_limit=24})
[19980:14964:0217/184614.073:VERBOSE1:media_stream_manager.cc(1533)] MSPL::OnSpeedLimitChange({this=000000A400156D40}, {new_limit=23})
[19980:14964:0217/184615.075:VERBOSE1:media_stream_manager.cc(1533)] MSPL::OnSpeedLimitChange({this=000000A400156D40}, {new_limit=24})
[19980:14964:0217/184616.062:VERBOSE1:media_stream_manager.cc(1533)] MSPL::OnSpeedLimitChange({this=000000A400156D40}, {new_limit=23})
[19980:14964:0217/184624.067:VERBOSE1:media_stream_manager.cc(1533)] MSPL::OnSpeedLimitChange({this=000000A400156D40}, {new_limit=24})
[19980:14964:0217/184627.985:VERBOSE1:media_stream_manager.cc(1533)] MSPL::OnSpeedLimitChange({this=000000A400156D40}, {new_limit=23})
[19980:14964:0217/184627.985:VERBOSE1:media_stream_manager.cc(1533)] MSPL::OnSpeedLimitChange({this=000000A400156D40}, {new_limit=24})
[19980:14964:0217/184628.069:VERBOSE1:media_stream_manager.cc(1533)] MSPL::OnSpeedLimitChange({this=000000A400156D40}, {new_limit=23})
[19980:14964:0217/184630.082:VERBOSE1:media_stream_manager.cc(1533)] MSPL::OnSpeedLimitChange({this=000000A400156D40}, {new_limit=24})
[19980:14964:0217/184636.763:VERBOSE1:media_stream_manager.cc(1533)] MSPL::OnSpeedLimitChange({this=000000A400156D40}, {new_limit=25})
[19980:14964:0217/184646.090:VERBOSE1:media_stream_manager.cc(1533)] MSPL::OnSpeedLimitChange({this=000000A400156D40}, {new_limit=24})
[19980:14964:0217/184648.085:VERBOSE1:media_stream_manager.cc(1533)] MSPL::OnSpeedLimitChange({this=000000A400156D40}, {new_limit=25})
[19980:14964:0217/184658.377:VERBOSE1:media_stream_manager.cc(1533)] MSPL::OnSpeedLimitChange({this=000000A400156D40}, {new_limit=26})
[19980:14964:0217/184701.381:VERBOSE1:media_stream_manager.cc(1533)] MSPL::OnSpeedLimitChange({this=000000A400156D40}, {new_limit=27})
[19980:14964:0217/184739.388:VERBOSE1:media_stream_manager.cc(1533)] MSPL::OnSpeedLimitChange({this=000000A400156D40}, {new_limit=26})
[19980:14964:0217/184746.380:VERBOSE1:media_stream_manager.cc(1533)] MSPL::OnSpeedLimitChange({this=000000A400156D40}, {new_limit=27})
[19980:14964:0217/184747.380:VERBOSE1:media_stream_manager.cc(1533)] MSPL::OnSpeedLimitChange({this=000000A400156D40}, {new_limit=26})
[19980:14964:0217/184748.380:VERBOSE1:media_stream_manager.cc(1533)] MSPL::OnSpeedLimitChange({this=000000A400156D40}, {new_limit=27})
[19980:14964:0217/184756.381:VERBOSE1:media_stream_manager.cc(1533)] MSPL::OnSpeedLimitChange({this=000000A400156D40}, {new_limit=26})
[19980:14964:0217/184757.379:VERBOSE1:media_stream_manager.cc(1533)] MSPL::OnSpeedLimitChange({this=000000A400156D40}, {new_limit=27})
[19980:14964:0217/184800.381:VERBOSE1:media_stream_manager.cc(1533)] MSPL::OnSpeedLimitChange({this=000000A400156D40}, {new_limit=26})
[19980:14964:0217/184807.390:VERBOSE1:media_stream_manager.cc(1533)] MSPL::OnSpeedLimitChange({this=000000A400156D40}, {new_limit=25})
[19980:14964:0217/184810.382:VERBOSE1:media_stream_manager.cc(1533)] MSPL::OnSpeedLimitChange({this=000000A400156D40}, {new_limit=26})
[19980:14964:0217/184816.386:VERBOSE1:media_stream_manager.cc(1533)] MSPL::OnSpeedLimitChange({this=000000A400156D40}, {new_limit=27})
[16920:14044:0217/184837.392:VERBOSE1:network_delegate.cc(36)] NetworkDelegate::NotifyBeforeURLRequest: https://optimizationguide-pa.googleapis.com/v1:GetModels?key=dummytoken
[16920:14044:0217/184837.404:VERBOSE1:tls_handshaker.cc(105)] TlsClient: Continuing handshake
[16920:14044:0217/184837.410:VERBOSE1:tls_handshaker.cc(126)] TlsClient: SSL_do_handshake returned when entering early data. After retry, rv=-1, SSL_in_early_data=1
[16920:14044:0217/184837.651:VERBOSE1:tls_handshaker.cc(105)] TlsClient: Continuing handshake
[16920:14044:0217/184837.652:VERBOSE1:tls_handshaker.cc(105)] TlsClient: Continuing handshake
[16920:14044:0217/184837.653:VERBOSE1:tls_client_handshaker.cc(528)] Client: handshake finished
[19980:14964:0217/184839.402:VERBOSE1:media_stream_manager.cc(1533)] MSPL::OnSpeedLimitChange({this=000000A400156D40}, {new_limit=26})
[19980:14964:0217/184848.394:VERBOSE1:media_stream_manager.cc(1533)] MSPL::OnSpeedLimitChange({this=000000A400156D40}, {new_limit=27})
[19980:14964:0217/184911.397:VERBOSE1:media_stream_manager.cc(1533)] MSPL::OnSpeedLimitChange({this=000000A400156D40}, {new_limit=26})
[19980:5976:0217/184912.816:VERBOSE1:device_event_log_impl.cc(198)] [18:49:12.815] Display: EVENT: screen_win.cc:893 Displays updated, count: 1
[19980:5976:0217/184912.816:VERBOSE1:device_event_log_impl.cc(198)] [18:49:12.815] Display: EVENT: screen_win.cc:895 Display[3649455471] bounds=[0,0 1920x1080], workarea=[0,0 1920x1032], scale=1, rotation=0, panel_rotation=0 external detected
[19980:14964:0217/184915.399:VERBOSE1:media_stream_manager.cc(1533)] MSPL::OnSpeedLimitChange({this=000000A400156D40}, {new_limit=27})
[19980:5976:0217/184917.223:VERBOSE1:device_event_log_impl.cc(198)] [18:49:17.222] Display: EVENT: screen_win.cc:893 Displays updated, count: 1
[19980:5976:0217/184917.223:VERBOSE1:device_event_log_impl.cc(198)] [18:49:17.223] Display: EVENT: screen_win.cc:895 Display[3649455471] bounds=[0,0 1920x1080], workarea=[0,0 1920x1032], scale=1, rotation=0, panel_rotation=0 external detected
[19980:14964:0217/184917.390:VERBOSE1:media_stream_manager.cc(1533)] MSPL::OnSpeedLimitChange({this=000000A400156D40}, {new_limit=26})
[19980:14964:0217/184922.201:VERBOSE1:media_stream_manager.cc(1533)] MSPL::OnSpeedLimitChange({this=000000A400156D40}, {new_limit=25})
[19980:14964:0217/184924.194:VERBOSE1:media_stream_manager.cc(1533)] MSPL::OnSpeedLimitChange({this=000000A400156D40}, {new_limit=24})
[19980:14964:0217/184926.197:VERBOSE1:media_stream_manager.cc(1533)] MSPL::OnSpeedLimitChange({this=000000A400156D40}, {new_limit=23})
[19980:14964:0217/184927.199:VERBOSE1:media_stream_manager.cc(1533)] MSPL::OnSpeedLimitChange({this=000000A400156D40}, {new_limit=22})
[19980:14964:0217/184929.200:VERBOSE1:media_stream_manager.cc(1533)] MSPL::OnSpeedLimitChange({this=000000A400156D40}, {new_limit=21})
[19980:14964:0217/184931.208:VERBOSE1:media_stream_manager.cc(1533)] MSPL::OnSpeedLimitChange({this=000000A400156D40}, {new_limit=20})
[19980:14964:0217/184932.193:VERBOSE1:media_stream_manager.cc(1533)] MSPL::OnSpeedLimitChange({this=000000A400156D40}, {new_limit=21})
[19980:14964:0217/184939.497:VERBOSE1:media_stream_manager.cc(1533)] MSPL::OnSpeedLimitChange({this=000000A400156D40}, {new_limit=22})
[19980:14964:0217/184941.490:VERBOSE1:media_stream_manager.cc(1533)] MSPL::OnSpeedLimitChange({this=000000A400156D40}, {new_limit=23})
[19980:14964:0217/184943.490:VERBOSE1:media_stream_manager.cc(1533)] MSPL::OnSpeedLimitChange({this=000000A400156D40}, {new_limit=24})
[19980:14964:0217/184944.493:VERBOSE1:media_stream_manager.cc(1533)] MSPL::OnSpeedLimitChange({this=000000A400156D40}, {new_limit=25})
[19980:5976:0217/184945.537:VERBOSE1:device_event_log_impl.cc(198)] [18:49:45.537] Display: EVENT: screen_win.cc:893 Displays updated, count: 1
[19980:5976:0217/184945.537:VERBOSE1:device_event_log_impl.cc(198)] [18:49:45.537] Display: EVENT: screen_win.cc:895 Display[3649455471] bounds=[0,0 1920x1080], workarea=[0,0 1920x1032], scale=1, rotation=0, panel_rotation=0 external detected
[19980:14964:0217/184948.207:VERBOSE1:media_stream_manager.cc(1533)] MSPL::OnSpeedLimitChange({this=000000A400156D40}, {new_limit=26})
[19980:14964:0217/184950.231:VERBOSE1:media_stream_manager.cc(1533)] MSPL::OnSpeedLimitChange({this=000000A400156D40}, {new_limit=25})
[19980:14964:0217/184951.216:VERBOSE1:media_stream_manager.cc(1533)] MSPL::OnSpeedLimitChange({this=000000A400156D40}, {new_limit=24})
[19980:14964:0217/184953.216:VERBOSE1:media_stream_manager.cc(1533)] MSPL::OnSpeedLimitChange({this=000000A400156D40}, {new_limit=23})
[19980:14964:0217/185001.215:VERBOSE1:media_stream_manager.cc(1533)] MSPL::OnSpeedLimitChange({this=000000A400156D40}, {new_limit=24})
[19980:14964:0217/185008.221:VERBOSE1:media_stream_manager.cc(1533)] MSPL::OnSpeedLimitChange({this=000000A400156D40}, {new_limit=23})
[19980:14964:0217/185013.240:VERBOSE1:media_stream_manager.cc(1533)] MSPL::OnSpeedLimitChange({this=000000A400156D40}, {new_limit=24})
[19980:14964:0217/185015.251:VERBOSE1:media_stream_manager.cc(1533)] MSPL::OnSpeedLimitChange({this=000000A400156D40}, {new_limit=23})
[19980:14964:0217/185019.234:VERBOSE1:media_stream_manager.cc(1533)] MSPL::OnSpeedLimitChange({this=000000A400156D40}, {new_limit=22})
[19980:14964:0217/185020.235:VERBOSE1:media_stream_manager.cc(1533)] MSPL::OnSpeedLimitChange({this=000000A400156D40}, {new_limit=23})
[19980:14964:0217/185021.236:VERBOSE1:media_stream_manager.cc(1533)] MSPL::OnSpeedLimitChange({this=000000A400156D40}, {new_limit=22})
[19980:14964:0217/185023.235:VERBOSE1:media_stream_manager.cc(1533)] MSPL::OnSpeedLimitChange({this=000000A400156D40}, {new_limit=23})
[19980:14964:0217/185028.240:VERBOSE1:media_stream_manager.cc(1533)] MSPL::OnSpeedLimitChange({this=000000A400156D40}, {new_limit=24})
[19980:14964:0217/185030.253:VERBOSE1:media_stream_manager.cc(1533)] MSPL::OnSpeedLimitChange({this=000000A400156D40}, {new_limit=23})
[19980:14964:0217/185031.254:VERBOSE1:media_stream_manager.cc(1533)] MSPL::OnSpeedLimitChange({this=000000A400156D40}, {new_limit=24})
[19980:14964:0217/185052.262:VERBOSE1:media_stream_manager.cc(1533)] MSPL::OnSpeedLimitChange({this=000000A400156D40}, {new_limit=23})
[19980:14964:0217/185108.477:VERBOSE1:media_stream_manager.cc(1533)] MSPL::OnSpeedLimitChange({this=000000A400156D40}, {new_limit=24})
[19980:5976:0217/185115.056:VERBOSE1:frame_host_impl.cc(515)] frame 6-D497EC8D437903340711ED439BB64503 (sub) detached (reason=RENDER_FRAME_DELETED, is_connected=1)
[24900:21112:0217/185115.056:VERBOSE1:dispatcher.cc(596)] Num tracked contexts: 1
[24900:21112:0217/185115.056:VERBOSE1:frame_impl.cc(620)] frame 6-D497EC8D437903340711ED439BB64503 disconnected (reason=DETACHED, current_state=CONNECTION_ACKED, FRAME_INVALID)
[24900:21112:0217/185115.056:VERBOSE1:script_context.cc(164)] Destroyed context for extension
  extension id: 
  effective extension id: 
[24900:21112:0217/185115.057:VERBOSE1:script_context.cc(164)] Destroyed context for extension
  extension id: 
  effective extension id: 
[24900:21112:0217/185115.057:VERBOSE1:frame_impl.cc(620)] frame 6-35ACA5D784F3F7CFAAF95BD9DFD326EF disconnected (reason=BROWSER_FRAME_DISCONNECT, current_state=CONNECTION_ACKED)
[24900:21112:0217/185115.057:VERBOSE1:frame_impl.cc(633)] frame 6-35ACA5D784F3F7CFAAF95BD9DFD326EF connection retry scheduled
[19980:5976:0217/185115.058:VERBOSE1:frame_host_impl.cc(515)] frame 6-35ACA5D784F3F7CFAAF95BD9DFD326EF (main) detached (reason=NEW_MAIN_FRAME, is_connected=1)
[19980:5976:0217/185115.067:VERBOSE1:account_reconcilor.cc(264)] AccountReconcilor::Shutdown
[19980:5976:0217/185115.067:VERBOSE1:account_reconcilor.cc(718)] AccountReconcilor::AbortReconcile: try again later
[19980:5976:0217/185115.067:VERBOSE1:account_reconcilor.cc(827)] AccountReconcilor::CalculateIfMultiloginReconcileIsDone: Error was 
[19980:5976:0217/185115.067:VERBOSE1:account_reconcilor.cc(313)] AccountReconcilor::UnregisterWithIdentityManager
[19980:5976:0217/185115.067:VERBOSE1:account_reconcilor.cc(286)] AccountReconcilor::UnregisterWithContentSettings
[19980:5976:0217/185115.067:VERBOSE1:gaia_cookie_manager_service.cc(628)] GaiaCookieManagerService::CancelAll
[19980:5976:0217/185115.067:VERBOSE1:mutable_profile_oauth2_token_service_delegate.cc(752)] MutablePO2TS::Shutdown
[19980:5976:0217/185115.067:VERBOSE1:mutable_profile_oauth2_token_service_delegate.cc(235)] MutablePO2TS::~MutablePO2TS
[19980:5976:0217/185115.067:VERBOSE1:device_event_log_impl.cc(198)] [18:51:15.067] Bluetooth: EVENT: bluetooth_api.cc:109 BluetoothAPI: Shutdown
[19980:5976:0217/185115.068:VERBOSE1:account_reconcilor.cc(193)] AccountReconcilor::~AccountReconcilor
[19980:5976:0217/185115.070:VERBOSE1:device_event_log_impl.cc(198)] [18:51:15.070] Bluetooth: EVENT: bluetooth_api.cc:95 ~BluetoothAPI: 000000A40033DA00
[19980:5976:0217/185115.234:VERBOSE1:component_updater_service.cc(180)] CrxUpdateService stopping
[19980:5976:0217/185115.234:WARNING:pref_notifier_impl.cc(41)] Pref observer for media_router.cast_allow_all_ips found at shutdown.
