[35008:37800:0218/225434.582:WARNING:chrome_main_delegate.cc(745)] This is Chrome version 128.0.6613.138 (not a warning)
[35008:37800:0218/225434.587:ERROR:persistent_memory_allocator.cc(908)] Corruption detected in shared-memory segment.
[35008:12576:0218/225434.649:ERROR:google_update_settings.cc(265)] Failed opening key Software\Chromium to set usagestats; result: 5
[35008:37800:0218/225434.679:WARNING:account_consistency_mode_manager.cc(77)] Desktop Identity Consistency cannot be enabled as no OAuth client ID and client secret have been configured.
[36352:25152:0218/225438.719:WARNING:frame_impl.cc(430)] virtual CefFrameImpl::SendProcessMessage sent to detached frame 5-A31CEC4FBC221C63B7430E701C1E23A9 will be ignored
[35008:35616:0218/225441.382:ERROR:cast_crl.cc(443)] CRL - Verification failed.
[35008:35616:0218/230233.975:VERBOSE1:media_stream_manager.cc(1533)] MSPL::OnSpeedLimitChange({this=0000704402356D40}, {new_limit=18})
[35008:35616:0218/230234.969:VERBOSE1:media_stream_manager.cc(1533)] MSPL::OnSpeedLimitChange({this=0000704402356D40}, {new_limit=19})
[35008:35616:0218/230247.991:VERBOSE1:media_stream_manager.cc(1533)] MSPL::OnSpeedLimitChange({this=0000704402356D40}, {new_limit=20})
[35008:35616:0218/230250.986:VERBOSE1:media_stream_manager.cc(1533)] MSPL::OnSpeedLimitChange({this=0000704402356D40}, {new_limit=19})
[35008:35616:0218/230252.036:VERBOSE1:media_stream_manager.cc(1533)] MSPL::OnSpeedLimitChange({this=0000704402356D40}, {new_limit=20})
[35008:35616:0218/230252.991:VERBOSE1:media_stream_manager.cc(1533)] MSPL::OnSpeedLimitChange({this=0000704402356D40}, {new_limit=19})
[35008:35616:0218/230302.986:VERBOSE1:media_stream_manager.cc(1533)] MSPL::OnSpeedLimitChange({this=0000704402356D40}, {new_limit=20})
[35008:35616:0218/230306.995:VERBOSE1:media_stream_manager.cc(1533)] MSPL::OnSpeedLimitChange({this=0000704402356D40}, {new_limit=21})
[35008:35616:0218/230310.994:VERBOSE1:media_stream_manager.cc(1533)] MSPL::OnSpeedLimitChange({this=0000704402356D40}, {new_limit=22})
[35008:35616:0218/230312.994:VERBOSE1:media_stream_manager.cc(1533)] MSPL::OnSpeedLimitChange({this=0000704402356D40}, {new_limit=21})
[20212:15572:0218/230314.594:VERBOSE1:network_delegate.cc(36)] NetworkDelegate::NotifyBeforeURLRequest: https://optimizationguide-pa.googleapis.com/v1:GetModels?key=dummytoken
[20212:15572:0218/230314.613:VERBOSE1:tls_handshaker.cc(105)] TlsClient: Continuing handshake
[20212:15572:0218/230314.613:VERBOSE1:tls_handshaker.cc(126)] TlsClient: SSL_do_handshake returned when entering early data. After retry, rv=-1, SSL_in_early_data=1
[20212:15572:0218/230314.656:VERBOSE1:tls_handshaker.cc(105)] TlsClient: Continuing handshake
[20212:15572:0218/230314.657:VERBOSE1:tls_handshaker.cc(105)] TlsClient: Continuing handshake
[20212:15572:0218/230314.657:VERBOSE1:tls_client_handshaker.cc(528)] Client: handshake finished
[35008:35616:0218/230316.083:VERBOSE1:media_stream_manager.cc(1533)] MSPL::OnSpeedLimitChange({this=0000704402356D40}, {new_limit=22})
[35008:35616:0218/230317.995:VERBOSE1:media_stream_manager.cc(1533)] MSPL::OnSpeedLimitChange({this=0000704402356D40}, {new_limit=21})
[35008:35616:0218/230324.010:VERBOSE1:media_stream_manager.cc(1533)] MSPL::OnSpeedLimitChange({this=0000704402356D40}, {new_limit=20})
[35008:35616:0218/230333.003:VERBOSE1:media_stream_manager.cc(1533)] MSPL::OnSpeedLimitChange({this=0000704402356D40}, {new_limit=21})
[35008:35616:0218/230356.016:VERBOSE1:media_stream_manager.cc(1533)] MSPL::OnSpeedLimitChange({this=0000704402356D40}, {new_limit=22})
[35008:35616:0218/230359.033:VERBOSE1:media_stream_manager.cc(1533)] MSPL::OnSpeedLimitChange({this=0000704402356D40}, {new_limit=21})
[35008:35616:0218/230402.033:VERBOSE1:media_stream_manager.cc(1533)] MSPL::OnSpeedLimitChange({this=0000704402356D40}, {new_limit=22})
[35008:35616:0218/230414.034:VERBOSE1:media_stream_manager.cc(1533)] MSPL::OnSpeedLimitChange({this=0000704402356D40}, {new_limit=21})
[35008:35616:0218/230429.038:VERBOSE1:media_stream_manager.cc(1533)] MSPL::OnSpeedLimitChange({this=0000704402356D40}, {new_limit=22})
[35008:35616:0218/230438.053:VERBOSE1:media_stream_manager.cc(1533)] MSPL::OnSpeedLimitChange({this=0000704402356D40}, {new_limit=21})
[35008:35616:0218/230448.053:VERBOSE1:media_stream_manager.cc(1533)] MSPL::OnSpeedLimitChange({this=0000704402356D40}, {new_limit=22})
[35008:35616:0218/230449.053:VERBOSE1:media_stream_manager.cc(1533)] MSPL::OnSpeedLimitChange({this=0000704402356D40}, {new_limit=21})
[35008:35616:0218/230452.053:VERBOSE1:media_stream_manager.cc(1533)] MSPL::OnSpeedLimitChange({this=0000704402356D40}, {new_limit=22})
[35008:35616:0218/230453.053:VERBOSE1:media_stream_manager.cc(1533)] MSPL::OnSpeedLimitChange({this=0000704402356D40}, {new_limit=21})
[35008:35616:0218/230511.071:VERBOSE1:media_stream_manager.cc(1533)] MSPL::OnSpeedLimitChange({this=0000704402356D40}, {new_limit=22})
[35008:35616:0218/230512.070:VERBOSE1:media_stream_manager.cc(1533)] MSPL::OnSpeedLimitChange({this=0000704402356D40}, {new_limit=21})
[35008:35616:0218/230531.083:VERBOSE1:media_stream_manager.cc(1533)] MSPL::OnSpeedLimitChange({this=0000704402356D40}, {new_limit=20})
[35008:35616:0218/230543.084:VERBOSE1:media_stream_manager.cc(1533)] MSPL::OnSpeedLimitChange({this=0000704402356D40}, {new_limit=21})
[35008:35616:0218/230544.083:VERBOSE1:media_stream_manager.cc(1533)] MSPL::OnSpeedLimitChange({this=0000704402356D40}, {new_limit=20})
[35008:35616:0218/230547.084:VERBOSE1:media_stream_manager.cc(1533)] MSPL::OnSpeedLimitChange({this=0000704402356D40}, {new_limit=21})
[35008:35616:0218/230559.100:VERBOSE1:media_stream_manager.cc(1533)] MSPL::OnSpeedLimitChange({this=0000704402356D40}, {new_limit=22})
[20212:15572:0218/230606.742:VERBOSE1:network_delegate.cc(36)] NetworkDelegate::NotifyBeforeURLRequest: https://optimizationguide-pa.googleapis.com/v1:GetModels?key=dummytoken
[20212:15572:0218/230606.758:VERBOSE1:tls_handshaker.cc(105)] TlsClient: Continuing handshake
[20212:15572:0218/230606.759:VERBOSE1:tls_handshaker.cc(126)] TlsClient: SSL_do_handshake returned when entering early data. After retry, rv=-1, SSL_in_early_data=1
[20212:15572:0218/230606.798:VERBOSE1:tls_handshaker.cc(105)] TlsClient: Continuing handshake
[20212:15572:0218/230606.798:VERBOSE1:tls_handshaker.cc(105)] TlsClient: Continuing handshake
[20212:15572:0218/230606.798:VERBOSE1:tls_client_handshaker.cc(528)] Client: handshake finished
[35008:35616:0218/230607.111:VERBOSE1:media_stream_manager.cc(1533)] MSPL::OnSpeedLimitChange({this=0000704402356D40}, {new_limit=21})
[35008:35616:0218/230631.110:VERBOSE1:media_stream_manager.cc(1533)] MSPL::OnSpeedLimitChange({this=0000704402356D40}, {new_limit=22})
[35008:35616:0218/230634.127:VERBOSE1:media_stream_manager.cc(1533)] MSPL::OnSpeedLimitChange({this=0000704402356D40}, {new_limit=23})
[35008:35616:0218/230635.123:VERBOSE1:media_stream_manager.cc(1533)] MSPL::OnSpeedLimitChange({this=0000704402356D40}, {new_limit=24})
[35008:35616:0218/230637.131:VERBOSE1:media_stream_manager.cc(1533)] MSPL::OnSpeedLimitChange({this=0000704402356D40}, {new_limit=25})
[35008:35616:0218/230646.130:VERBOSE1:media_stream_manager.cc(1533)] MSPL::OnSpeedLimitChange({this=0000704402356D40}, {new_limit=24})
[35008:35616:0218/230650.134:VERBOSE1:media_stream_manager.cc(1533)] MSPL::OnSpeedLimitChange({this=0000704402356D40}, {new_limit=23})
[35008:35616:0218/230651.132:VERBOSE1:media_stream_manager.cc(1533)] MSPL::OnSpeedLimitChange({this=0000704402356D40}, {new_limit=22})
[35008:35616:0218/230655.126:VERBOSE1:media_stream_manager.cc(1533)] MSPL::OnSpeedLimitChange({this=0000704402356D40}, {new_limit=21})
[35008:35616:0218/230703.141:VERBOSE1:media_stream_manager.cc(1533)] MSPL::OnSpeedLimitChange({this=0000704402356D40}, {new_limit=20})
[35008:35616:0218/230707.139:VERBOSE1:media_stream_manager.cc(1533)] MSPL::OnSpeedLimitChange({this=0000704402356D40}, {new_limit=21})
[35008:35616:0218/230708.145:VERBOSE1:media_stream_manager.cc(1533)] MSPL::OnSpeedLimitChange({this=0000704402356D40}, {new_limit=22})
[35008:35616:0218/230710.246:VERBOSE1:media_stream_manager.cc(1533)] MSPL::OnSpeedLimitChange({this=0000704402356D40}, {new_limit=23})
[35008:35616:0218/230711.132:VERBOSE1:media_stream_manager.cc(1533)] MSPL::OnSpeedLimitChange({this=0000704402356D40}, {new_limit=22})
[35008:35616:0218/230714.152:VERBOSE1:media_stream_manager.cc(1533)] MSPL::OnSpeedLimitChange({this=0000704402356D40}, {new_limit=23})
[35008:35616:0218/230715.151:VERBOSE1:media_stream_manager.cc(1533)] MSPL::OnSpeedLimitChange({this=0000704402356D40}, {new_limit=22})
[35008:35616:0218/230717.146:VERBOSE1:media_stream_manager.cc(1533)] MSPL::OnSpeedLimitChange({this=0000704402356D40}, {new_limit=21})
[35008:35616:0218/230720.149:VERBOSE1:media_stream_manager.cc(1533)] MSPL::OnSpeedLimitChange({this=0000704402356D40}, {new_limit=20})
[35008:35616:0218/230721.149:VERBOSE1:media_stream_manager.cc(1533)] MSPL::OnSpeedLimitChange({this=0000704402356D40}, {new_limit=21})
[35008:35616:0218/230730.159:VERBOSE1:media_stream_manager.cc(1533)] MSPL::OnSpeedLimitChange({this=0000704402356D40}, {new_limit=22})
[35008:35616:0218/230733.150:VERBOSE1:media_stream_manager.cc(1533)] MSPL::OnSpeedLimitChange({this=0000704402356D40}, {new_limit=23})
[35008:35616:0218/230739.164:VERBOSE1:media_stream_manager.cc(1533)] MSPL::OnSpeedLimitChange({this=0000704402356D40}, {new_limit=22})
[35008:35616:0218/230741.165:VERBOSE1:media_stream_manager.cc(1533)] MSPL::OnSpeedLimitChange({this=0000704402356D40}, {new_limit=23})
[35008:35616:0218/230745.162:VERBOSE1:media_stream_manager.cc(1533)] MSPL::OnSpeedLimitChange({this=0000704402356D40}, {new_limit=24})
[35008:35616:0218/230751.164:VERBOSE1:media_stream_manager.cc(1533)] MSPL::OnSpeedLimitChange({this=0000704402356D40}, {new_limit=23})
[35008:35616:0218/230755.163:VERBOSE1:media_stream_manager.cc(1533)] MSPL::OnSpeedLimitChange({this=0000704402356D40}, {new_limit=22})
[35008:35616:0218/230803.182:VERBOSE1:media_stream_manager.cc(1533)] MSPL::OnSpeedLimitChange({this=0000704402356D40}, {new_limit=21})
[35008:35616:0218/230811.177:VERBOSE1:media_stream_manager.cc(1533)] MSPL::OnSpeedLimitChange({this=0000704402356D40}, {new_limit=22})
[35008:35616:0218/230814.176:VERBOSE1:media_stream_manager.cc(1533)] MSPL::OnSpeedLimitChange({this=0000704402356D40}, {new_limit=21})
[35008:35616:0218/230825.400:VERBOSE1:media_stream_manager.cc(1533)] MSPL::OnSpeedLimitChange({this=0000704402356D40}, {new_limit=22})
[35008:35616:0218/230826.402:VERBOSE1:media_stream_manager.cc(1533)] MSPL::OnSpeedLimitChange({this=0000704402356D40}, {new_limit=23})
[35008:35616:0218/230828.412:VERBOSE1:media_stream_manager.cc(1533)] MSPL::OnSpeedLimitChange({this=0000704402356D40}, {new_limit=24})
[35008:35616:0218/230830.395:VERBOSE1:media_stream_manager.cc(1533)] MSPL::OnSpeedLimitChange({this=0000704402356D40}, {new_limit=25})
[35008:35616:0218/230831.397:VERBOSE1:media_stream_manager.cc(1533)] MSPL::OnSpeedLimitChange({this=0000704402356D40}, {new_limit=26})
[35008:35616:0218/230833.396:VERBOSE1:media_stream_manager.cc(1533)] MSPL::OnSpeedLimitChange({this=0000704402356D40}, {new_limit=28})
[35008:35616:0218/230835.395:VERBOSE1:media_stream_manager.cc(1533)] MSPL::OnSpeedLimitChange({this=0000704402356D40}, {new_limit=27})
[35008:37800:0218/230844.829:VERBOSE1:device_event_log_impl.cc(198)] [23:08:44.828] Display: EVENT: screen_win.cc:893 Displays updated, count: 1
[35008:37800:0218/230844.829:VERBOSE1:device_event_log_impl.cc(198)] [23:08:44.828] Display: EVENT: screen_win.cc:895 Display[3649455471] bounds=[0,0 1920x1080], workarea=[0,0 1920x1032], scale=1, rotation=0, panel_rotation=0 external detected
[35008:35616:0218/230846.204:VERBOSE1:media_stream_manager.cc(1533)] MSPL::OnSpeedLimitChange({this=0000704402356D40}, {new_limit=26})
[35008:35616:0218/230847.203:VERBOSE1:media_stream_manager.cc(1533)] MSPL::OnSpeedLimitChange({this=0000704402356D40}, {new_limit=25})
[35008:35616:0218/230848.203:VERBOSE1:media_stream_manager.cc(1533)] MSPL::OnSpeedLimitChange({this=0000704402356D40}, {new_limit=24})
[35008:35616:0218/230850.203:VERBOSE1:media_stream_manager.cc(1533)] MSPL::OnSpeedLimitChange({this=0000704402356D40}, {new_limit=23})
[35008:35616:0218/230855.313:VERBOSE1:media_stream_manager.cc(1533)] MSPL::OnSpeedLimitChange({this=0000704402356D40}, {new_limit=24})
[35008:35616:0218/230856.329:VERBOSE1:media_stream_manager.cc(1533)] MSPL::OnSpeedLimitChange({this=0000704402356D40}, {new_limit=25})
[35008:37800:0218/230857.142:VERBOSE1:device_event_log_impl.cc(198)] [23:08:57.142] Display: EVENT: screen_win.cc:893 Displays updated, count: 1
[35008:37800:0218/230857.142:VERBOSE1:device_event_log_impl.cc(198)] [23:08:57.142] Display: EVENT: screen_win.cc:895 Display[3649455471] bounds=[0,0 1920x1080], workarea=[0,0 1920x1032], scale=1, rotation=0, panel_rotation=0 external detected
[20212:15572:0218/230857.303:VERBOSE1:network_delegate.cc(36)] NetworkDelegate::NotifyBeforeURLRequest: https://optimizationguide-pa.googleapis.com/v1:GetModels?key=dummytoken
[20212:15572:0218/230857.323:VERBOSE1:tls_handshaker.cc(105)] TlsClient: Continuing handshake
[20212:15572:0218/230857.324:VERBOSE1:tls_handshaker.cc(126)] TlsClient: SSL_do_handshake returned when entering early data. After retry, rv=-1, SSL_in_early_data=1
[20212:15572:0218/230857.367:VERBOSE1:tls_handshaker.cc(105)] TlsClient: Continuing handshake
[20212:15572:0218/230857.367:VERBOSE1:tls_handshaker.cc(105)] TlsClient: Continuing handshake
[20212:15572:0218/230857.367:VERBOSE1:tls_client_handshaker.cc(528)] Client: handshake finished
[35008:35616:0218/230902.213:VERBOSE1:media_stream_manager.cc(1533)] MSPL::OnSpeedLimitChange({this=0000704402356D40}, {new_limit=24})
[35008:37800:0218/230915.090:VERBOSE1:frame_host_impl.cc(515)] frame 6-7772B9B419BDE204691F1BFC9865C82D (sub) detached (reason=RENDER_FRAME_DELETED, is_connected=1)
[34000:36500:0218/230915.091:VERBOSE1:dispatcher.cc(596)] Num tracked contexts: 1
[34000:36500:0218/230915.092:VERBOSE1:frame_impl.cc(620)] frame 6-7772B9B419BDE204691F1BFC9865C82D disconnected (reason=DETACHED, current_state=CONNECTION_ACKED, FRAME_INVALID)
[34000:36500:0218/230915.092:VERBOSE1:script_context.cc(164)] Destroyed context for extension
  extension id: 
  effective extension id: 
[34000:36500:0218/230915.092:VERBOSE1:script_context.cc(164)] Destroyed context for extension
  extension id: 
  effective extension id: 
[34000:36500:0218/230915.092:VERBOSE1:frame_impl.cc(620)] frame 6-F58DC15CBE1CB79262DB3C9F33569735 disconnected (reason=BROWSER_FRAME_DISCONNECT, current_state=CONNECTION_ACKED)
[34000:36500:0218/230915.092:VERBOSE1:frame_impl.cc(633)] frame 6-F58DC15CBE1CB79262DB3C9F33569735 connection retry scheduled
[35008:37800:0218/230915.095:VERBOSE1:frame_host_impl.cc(515)] frame 6-F58DC15CBE1CB79262DB3C9F33569735 (main) detached (reason=NEW_MAIN_FRAME, is_connected=1)
[35008:37800:0218/230915.110:VERBOSE1:account_reconcilor.cc(264)] AccountReconcilor::Shutdown
[35008:37800:0218/230915.110:VERBOSE1:account_reconcilor.cc(718)] AccountReconcilor::AbortReconcile: try again later
[35008:37800:0218/230915.110:VERBOSE1:account_reconcilor.cc(827)] AccountReconcilor::CalculateIfMultiloginReconcileIsDone: Error was 
[35008:37800:0218/230915.110:VERBOSE1:account_reconcilor.cc(313)] AccountReconcilor::UnregisterWithIdentityManager
[35008:37800:0218/230915.110:VERBOSE1:account_reconcilor.cc(286)] AccountReconcilor::UnregisterWithContentSettings
[35008:37800:0218/230915.110:VERBOSE1:gaia_cookie_manager_service.cc(628)] GaiaCookieManagerService::CancelAll
[35008:37800:0218/230915.110:VERBOSE1:mutable_profile_oauth2_token_service_delegate.cc(752)] MutablePO2TS::Shutdown
[35008:37800:0218/230915.110:VERBOSE1:mutable_profile_oauth2_token_service_delegate.cc(235)] MutablePO2TS::~MutablePO2TS
[35008:37800:0218/230915.112:VERBOSE1:device_event_log_impl.cc(198)] [23:09:15.112] Bluetooth: EVENT: bluetooth_api.cc:109 BluetoothAPI: Shutdown
[35008:37800:0218/230915.118:VERBOSE1:account_reconcilor.cc(193)] AccountReconcilor::~AccountReconcilor
[35008:37800:0218/230915.126:VERBOSE1:device_event_log_impl.cc(198)] [23:09:15.127] Bluetooth: EVENT: bluetooth_api.cc:95 ~BluetoothAPI: 000070440254DA00
[35008:35616:0218/230915.159:VERBOSE1:cast_transport.cc(340)] [192.168.100.4:8009, auth=SSL_VERIFIED] Read error, peer closed the socket.
[35008:35616:0218/230915.159:VERBOSE1:cast_socket.cc(627)] [192.168.100.4:8009, auth=SSL_VERIFIED] Close ReadyState = ReadyState::OPEN
[35008:35616:0218/230915.160:VERBOSE1:cast_socket.cc(227)] [192.168.100.4:8009, auth=SSL_VERIFIED] Connect readyState = ReadyState::NONE
[35008:35616:0218/230915.160:VERBOSE1:cast_socket.cc(391)] [192.168.100.4:8009, auth=SSL_VERIFIED] DoTcpConnect
[35008:37800:0218/230915.315:VERBOSE1:component_updater_service.cc(180)] CrxUpdateService stopping
[35008:37800:0218/230915.315:WARNING:pref_notifier_impl.cc(41)] Pref observer for media_router.cast_allow_all_ips found at shutdown.
[35008:37800:0218/230915.344:VERBOSE1:statistics_recorder.cc(607)] Collections of all histograms
Histogram: API.StorageAccess.AllowedRequests2 recorded 117 samples, mean = 0.1 (flags = 0x1)
0  ------------------------------------------------------------------------O (107 = 91.5%)
1  -------O                                                                  (10 = 8.5%) {91.5%}
2  ... 

Histogram: API.StorageAccess.DocumentInheritedStorageAccess recorded 7 samples, mean = 0.0 (flags = 0x1)
0  -------O                                                                  (7 = 100.0%)
1  ... 

Histogram: API.StorageAccess.DocumentLoadedWithStorageAccess recorded 7 samples, mean = 0.0 (flags = 0x1)
0  -------O                                                                  (7 = 100.0%)
1  ... 

Histogram: Accessibility.CaptionSettingsLoadedFromSystemSettings recorded 1 samples, mean = 0.0 (flags = 0x1)
0  -O                                                                        (1 = 100.0%)
1  ... 

Histogram: Accessibility.ImageLabels2 recorded 1 samples, mean = 0.0 (flags = 0x1)
0  -O                                                                        (1 = 100.0%)
1  ... 

Histogram: Accessibility.LiveCaption.FeatureEnabled2 recorded 1 samples, mean = 1.0 (flags = 0x1)
0  O                                                                         (0 = 0.0%)
1  -O                                                                        (1 = 100.0%) {0.0%}
2  O                                                                         (0 = 0.0%) {100.0%}

Histogram: Accessibility.LiveCaption2 recorded 1 samples, mean = 0.0 (flags = 0x1)
0  -O                                                                        (1 = 100.0%)
1  ... 

Histogram: Accessibility.ManuallyEnabled recorded 1 samples, mean = 0.0 (flags = 0x1)
0  -O                                                                        (1 = 100.0%)
1  ... 

Histogram: Accessibility.WinJAWS recorded 1 samples, mean = 0.0 (flags = 0x1)
0  -O                                                                        (1 = 100.0%)
1  ... 

Histogram: Accessibility.WinNVDA recorded 1 samples, mean = 0.0 (flags = 0x1)
0  -O                                                                        (1 = 100.0%)
1  ... 

Histogram: Accessibility.WinSAToGo recorded 1 samples, mean = 0.0 (flags = 0x1)
0  -O                                                                        (1 = 100.0%)
1  ... 

Histogram: Accessibility.WinScreenReader2 recorded 1 samples, mean = 0.0 (flags = 0x1)
0  -O                                                                        (1 = 100.0%)
1  ... 

Histogram: Accessibility.WinStickyKeys recorded 1 samples, mean = 0.0 (flags = 0x1)
0  -O                                                                        (1 = 100.0%)
1  ... 

Histogram: Accessibility.WinSupernova recorded 1 samples, mean = 0.0 (flags = 0x1)
0  -O                                                                        (1 = 100.0%)
1  ... 

Histogram: Accessibility.WinZoomText recorded 1 samples, mean = 0.0 (flags = 0x1)
0  -O                                                                        (1 = 100.0%)
1  ... 

Histogram: AppBanners.InstallableStatusCode recorded 1 samples (flags = 0x1)
8  -O                                                                        (1 = 100.0%)

Histogram: Apps.PreferredApps.EntryCount recorded 1 samples, mean = 0.0 (flags = 0x1)
0  -O                                                                        (1 = 100.0%)
1  ... 

Histogram: Autofill.Address.IsEnabled.PageLoad recorded 1 samples, mean = 1.0 (flags = 0x1)
0  O                                                                         (0 = 0.0%)
1  -O                                                                        (1 = 100.0%) {0.0%}
2  O                                                                         (0 = 0.0%) {100.0%}

Histogram: Autofill.Address.IsEnabled.PageLoad.SignedOut recorded 1 samples, mean = 1.0 (flags = 0x1)
0  O                                                                         (0 = 0.0%)
1  -O                                                                        (1 = 100.0%) {0.0%}
2  O                                                                         (0 = 0.0%) {100.0%}

Histogram: Autofill.Address.IsEnabled.Startup recorded 1 samples, mean = 1.0 (flags = 0x1)
0  O                                                                         (0 = 0.0%)
1  -O                                                                        (1 = 100.0%) {0.0%}
2  O                                                                         (0 = 0.0%) {100.0%}

Histogram: Autofill.CreditCard.IsEnabled.PageLoad recorded 1 samples, mean = 1.0 (flags = 0x1)
0  O                                                                         (0 = 0.0%)
1  -O                                                                        (1 = 100.0%) {0.0%}
2  O                                                                         (0 = 0.0%) {100.0%}

Histogram: Autofill.CreditCard.IsEnabled.PageLoad.SignedOut recorded 1 samples, mean = 1.0 (flags = 0x1)
0  O                                                                         (0 = 0.0%)
1  -O                                                                        (1 = 100.0%) {0.0%}
2  O                                                                         (0 = 0.0%) {100.0%}

Histogram: Autofill.CreditCard.IsEnabled.Startup recorded 1 samples, mean = 1.0 (flags = 0x1)
0  O                                                                         (0 = 0.0%)
1  -O                                                                        (1 = 100.0%) {0.0%}
2  O                                                                         (0 = 0.0%) {100.0%}

Histogram: Autofill.DOMContentLoadedInOutermostMainFrame recorded 3 samples, mean = 0.3 (flags = 0x1)
0  --O                                                                       (2 = 66.7%)
1  -O                                                                        (1 = 33.3%) {66.7%}
2  O                                                                         (0 = 0.0%) {100.0%}

Histogram: Autofill.ExtractFormUnowned.FieldCount recorded 4 samples, mean = 0.0 (flags = 0x1)
0  ----O                                                                     (4 = 100.0%)
1  ... 

Histogram: Autofill.FormForest.GetBrowserFormOfRendererForm.Duration recorded 1 samples, mean = 0.0 (flags = 0x1)
0  -O                                                                        (1 = 100.0%)
1  ... 

Histogram: Autofill.FormForest.UpdateTreeOfRendererForm.Duration recorded 1 samples, mean = 22.0 (flags = 0x1)
0   ... 
21  -O                                                                        (1 = 100.0%) {0.0%}
28  ... 

Histogram: Autofill.FormForest.UpdateTreeOfRendererForm.Visits recorded 1 samples, mean = 2.0 (flags = 0x1)
0  ... 
2  -O                                                                        (1 = 100.0%) {0.0%}
3  ... 

Histogram: Autofill.Funnel.ParsedAsType.Address recorded 6 samples, mean = 0.0 (flags = 0x1)
0  ------O                                                                   (6 = 100.0%)
1  ... 

Histogram: Autofill.Funnel.ParsedAsType.CreditCard recorded 6 samples, mean = 0.0 (flags = 0x1)
0  ------O                                                                   (6 = 100.0%)
1  ... 

Histogram: Autofill.Funnel.ParsedAsType.VirtualCard.StandaloneCvc recorded 6 samples, mean = 0.0 (flags = 0x1)
0  ------O                                                                   (6 = 100.0%)
1  ... 

Histogram: Autofill.IsEnabled.PageLoad recorded 1 samples, mean = 1.0 (flags = 0x1)
0  O                                                                         (0 = 0.0%)
1  -O                                                                        (1 = 100.0%) {0.0%}
2  O                                                                         (0 = 0.0%) {100.0%}

Histogram: Autofill.IsEnabled.PageLoad.SignedOut recorded 1 samples, mean = 1.0 (flags = 0x1)
0  O                                                                         (0 = 0.0%)
1  -O                                                                        (1 = 100.0%) {0.0%}
2  O                                                                         (0 = 0.0%) {100.0%}

Histogram: Autofill.IsEnabled.Startup recorded 1 samples, mean = 1.0 (flags = 0x1)
0  O                                                                         (0 = 0.0%)
1  -O                                                                        (1 = 100.0%) {0.0%}
2  O                                                                         (0 = 0.0%) {100.0%}

Histogram: Autofill.Leipzig.Duplication.NumberOfLocalSupersetProfilesOnStartup recorded 1 samples, mean = 0.0 (flags = 0x1)
0  -O                                                                        (1 = 100.0%)
1  ... 

Histogram: Autofill.NumberOfDriversPerFactory recorded 1 samples, mean = 3.0 (flags = 0x1)
0  ... 
3  -O                                                                        (1 = 100.0%) {0.0%}
4  ... 

Histogram: Autofill.Offer.StoredOfferCount2.CardLinkedOffer recorded 1 samples, mean = 0.0 (flags = 0x1)
0  -O                                                                        (1 = 100.0%)
1  ... 

Histogram: Autofill.Offer.StoredOfferCount2.GPayPromoCodeOffer recorded 1 samples, mean = 0.0 (flags = 0x1)
0  -O                                                                        (1 = 100.0%)
1  ... 

Histogram: Autofill.PaymentMethods.CvcStorageIsEnabled.Startup recorded 1 samples, mean = 0.0 (flags = 0x1)
0  -O                                                                        (1 = 100.0%)
1  ... 

Histogram: Autofill.StoredCreditCardCount recorded 1 samples, mean = 0.0 (flags = 0x1)
0  -O                                                                        (1 = 100.0%)
1  ... 

Histogram: Autofill.StoredCreditCardCount.Local recorded 1 samples, mean = 0.0 (flags = 0x1)
0  -O                                                                        (1 = 100.0%)
1  ... 

Histogram: Autofill.StoredCreditCardCount.Local.WithInvalidCardNumber recorded 1 samples, mean = 0.0 (flags = 0x1)
0  -O                                                                        (1 = 100.0%)
1  ... 

Histogram: Autofill.StoredCreditCardCount.Local.WithNickname recorded 1 samples, mean = 0.0 (flags = 0x1)
0  -O                                                                        (1 = 100.0%)
1  ... 

Histogram: Autofill.StoredCreditCardCount.Server recorded 1 samples, mean = 0.0 (flags = 0x1)
0  -O                                                                        (1 = 100.0%)
1  ... 

Histogram: Autofill.StoredCreditCardCount.Server.Masked recorded 1 samples, mean = 0.0 (flags = 0x1)
0  -O                                                                        (1 = 100.0%)
1  ... 

Histogram: Autofill.StoredCreditCardCount.Server.Masked.WithNickname recorded 1 samples, mean = 0.0 (flags = 0x1)
0  -O                                                                        (1 = 100.0%)
1  ... 

Histogram: Autofill.StoredCreditCardCount.Server.Unmasked recorded 1 samples, mean = 0.0 (flags = 0x1)
0  -O                                                                        (1 = 100.0%)
1  ... 

Histogram: Autofill.StoredCreditCardCount.Server.WithCardArtImage recorded 1 samples, mean = 0.0 (flags = 0x1)
0  -O                                                                        (1 = 100.0%)
1  ... 

Histogram: Autofill.StoredCreditCardCount.Server.WithVirtualCardMetadata recorded 1 samples, mean = 0.0 (flags = 0x1)
0  -O                                                                        (1 = 100.0%)
1  ... 

Histogram: Autofill.StoredIbanCount recorded 1 samples, mean = 0.0 (flags = 0x1)
0  -O                                                                        (1 = 100.0%)
1  ... 

Histogram: Autofill.StoredProfileCount.AccountChrome recorded 1 samples, mean = 0.0 (flags = 0x1)
0  -O                                                                        (1 = 100.0%)
1  ... 

Histogram: Autofill.StoredProfileCount.AccountNonChrome recorded 1 samples, mean = 0.0 (flags = 0x1)
0  -O                                                                        (1 = 100.0%)
1  ... 

Histogram: Autofill.StoredProfileCount.Legacy recorded 1 samples, mean = 0.0 (flags = 0x1)
0  -O                                                                        (1 = 100.0%)
1  ... 

Histogram: Autofill.StoredProfileCount.Total recorded 1 samples, mean = 0.0 (flags = 0x1)
0  -O                                                                        (1 = 100.0%)
1  ... 

Histogram: Autofill.SubmissionDetectionSource.FormTracker recorded 2 samples, mean = 3.0 (flags = 0x1)
0  ... 
3  --O                                                                       (2 = 100.0%) {0.0%}
4  ... 

Histogram: Autofill.Timing.ParseFormsAsync recorded 1 samples, mean = 0.0 (flags = 0x1)
0  -O                                                                        (1 = 100.0%)
1  ... 

Histogram: Autofill.Timing.ParseFormsAsync.RunHeuristics recorded 1 samples, mean = 0.0 (flags = 0x1)
0  -O                                                                        (1 = 100.0%)
1  ... 

Histogram: Autofill.Timing.ParseFormsAsync.UpdateCache recorded 1 samples, mean = 0.0 (flags = 0x1)
0  -O                                                                        (1 = 100.0%)
1  ... 

Histogram: Autofill.TimingInterval.ExtractFormData.GetFormDataFromUnownedInputElements.AutofillAgentReset recorded 2 samples, mean = 605124.0 (flags = 0x1)
0       ... 
453284  -O                                                                        (1 = 50.0%) {0.0%}
529117  ... 
720966  -O                                                                        (1 = 50.0%) {50.0%}
841582  ... 

Histogram: Autofill.TimingInterval.ExtractFormData.GetFormDataFromUnownedInputElements.DOMContentLoaded recorded 2 samples, mean = 1073884288.0 (flags = 0x1)
0         ... 
244143    -O                                                                        (1 = 50.0%) {0.0%}
284987    ... 
10000000  -O                                                                        (1 = 50.0%) {50.0%}

Histogram: Autofill.TimingInterval.ExtractFormData.UpdateFormCache.AutofillAgentReset recorded 4 samples, mean = 302618.5 (flags = 0x1)
0       ... 
79      -O                                                                        (1 = 25.0%) {0.0%}
92      O                                                                         (0 = 0.0%) {25.0%}
107     -O                                                                        (1 = 25.0%) {25.0%}
125     ... 
453284  -O                                                                        (1 = 25.0%) {50.0%}
529117  ... 
720966  -O                                                                        (1 = 25.0%) {75.0%}
841582  ... 

Histogram: Autofill.TimingInterval.ExtractFormData.UpdateFormCache.DOMContentLoaded recorded 4 samples, mean = 71215.8 (flags = 0x1)
0       ... 
3       -O                                                                        (1 = 25.0%) {0.0%}
4       ... 
8       -O                                                                        (1 = 25.0%) {25.0%}
9       ... 
43      -O                                                                        (1 = 25.0%) {50.0%}
50      ... 
244143  -O                                                                        (1 = 25.0%) {75.0%}
284987  ... 

Histogram: Autofill.TimingInterval.UpdateFormCache.UpdateFormCache.AutofillAgentReset recorded 4 samples, mean = 302631.0 (flags = 0x1)
0       ... 
92      -O                                                                        (1 = 25.0%) {0.0%}
107     ... 
146     -O                                                                        (1 = 25.0%) {25.0%}
170     ... 
453284  -O                                                                        (1 = 25.0%) {50.0%}
529117  ... 
720966  -O                                                                        (1 = 25.0%) {75.0%}
841582  ... 

Histogram: Autofill.TimingInterval.UpdateFormCache.UpdateFormCache.DOMContentLoaded recorded 4 samples, mean = 71228.2 (flags = 0x1)
0       ... 
9       -O                                                                        (1 = 25.0%) {0.0%}
11      O                                                                         (0 = 0.0%) {25.0%}
13      -O                                                                        (1 = 25.0%) {25.0%}
15      ... 
79      -O                                                                        (1 = 25.0%) {50.0%}
92      ... 
244143  -O                                                                        (1 = 25.0%) {75.0%}
284987  ... 

Histogram: Autofill.TimingPrecise.ExtractFormData recorded 6 samples, mean = 19.2 (flags = 0x1)
0   ... 
2   --O                                                                       (2 = 33.3%) {0.0%}
3   ... 
7   -O                                                                        (1 = 16.7%) {33.3%}
8   ... 
22  -O                                                                        (1 = 16.7%) {50.0%}
25  ... 
36  -O                                                                        (1 = 16.7%) {66.7%}
41  -O                                                                        (1 = 16.7%) {83.3%}
47  ... 

Histogram: Autofill.TimingPrecise.ExtractFormData.GetFormDataFromUnownedInputElements recorded 2 samples, mean = 22.0 (flags = 0x1)
0   ... 
2   -O                                                                        (1 = 50.0%) {0.0%}
3   ... 
41  -O                                                                        (1 = 50.0%) {50.0%}
47  ... 

Histogram: Autofill.TimingPrecise.ExtractFormData.UpdateFormCache recorded 4 samples, mean = 17.8 (flags = 0x1)
0   ... 
2   -O                                                                        (1 = 25.0%) {0.0%}
3   ... 
7   -O                                                                        (1 = 25.0%) {25.0%}
8   ... 
22  -O                                                                        (1 = 25.0%) {50.0%}
25  ... 
36  -O                                                                        (1 = 25.0%) {75.0%}
41  ... 

Histogram: Autofill.TimingPrecise.InferLabelForElement recorded 6 samples, mean = 0.2 (flags = 0x1)
0  -----O                                                                    (5 = 83.3%)
1  -O                                                                        (1 = 16.7%) {83.3%}
2  ... 

Histogram: Autofill.TimingPrecise.UpdateFormCache recorded 4 samples, mean = 33.0 (flags = 0x1)
0   ... 
9   -O                                                                        (1 = 25.0%) {0.0%}
10  ... 
13  -O                                                                        (1 = 25.0%) {25.0%}
15  ... 
32  -O                                                                        (1 = 25.0%) {50.0%}
36  ... 
77  -O                                                                        (1 = 25.0%) {75.0%}
88  ... 

Histogram: Autofill.TimingPrecise.UpdateFormCache.UpdateFormCache recorded 4 samples, mean = 33.0 (flags = 0x1)
0   ... 
9   -O                                                                        (1 = 25.0%) {0.0%}
10  ... 
13  -O                                                                        (1 = 25.0%) {25.0%}
15  ... 
32  -O                                                                        (1 = 25.0%) {50.0%}
36  ... 
77  -O                                                                        (1 = 25.0%) {75.0%}
88  ... 

Histogram: Autofill.VirtualCardUsageData.StoredUsageDataCount recorded 1 samples, mean = 0.0 (flags = 0x1)
0  -O                                                                        (1 = 100.0%)
1  ... 

Histogram: Blink.CSSStyleSheetResource.ParseTime recorded 8 samples, mean = 694.9 (flags = 0x1)
0     ... 
76    ---O                                                                      (3 = 37.5%) {0.0%}
105   -O                                                                        (1 = 12.5%) {37.5%}
146   -O                                                                        (1 = 12.5%) {50.0%}
203   ... 
542   -O                                                                        (1 = 12.5%) {62.5%}
752   -O                                                                        (1 = 12.5%) {75.0%}
1043  ... 
2786  -O                                                                        (1 = 12.5%) {87.5%}
3865  ... 

Histogram: Blink.CommitDocumentLoaderTime recorded 7 samples, mean = 3.7 (flags = 0x1)
0   --O                                                                       (2 = 28.6%)
1   ---O                                                                      (3 = 42.9%) {28.6%}
2   ... 
10  -O                                                                        (1 = 14.3%) {71.4%}
12  -O                                                                        (1 = 14.3%) {85.7%}
14  ... 

Histogram: Blink.CookiesTime recorded 1 samples, mean = 17.0 (flags = 0x1)
0   ... 
17  -O                                                                        (1 = 100.0%) {0.0%}
20  ... 

Histogram: Blink.CullRect.UpdateTime recorded 23 samples, mean = 3.8 (flags = 0x1)
0   -O                                                                        (1 = 4.3%)
1   -------------O                                                            (13 = 56.5%) {4.3%}
2   ... 
4   ---O                                                                      (3 = 13.0%) {60.9%}
6   --O                                                                       (2 = 8.7%) {73.9%}
8   ---O                                                                      (3 = 13.0%) {82.6%}
11  O                                                                         (0 = 0.0%) {95.7%}
15  -O                                                                        (1 = 4.3%) {95.7%}
21  ... 

Histogram: Blink.DecodedImage.WebPDensity.Count.02MP recorded 1 samples, mean = 291.0 (flags = 0x1)
0    ... 
285  -O                                                                        (1 = 100.0%) {0.0%}
300  ... 

Histogram: Blink.DecodedImage.WebPDensity.KiBWeighted2 recorded 392 samples, mean = 291.0 (flags = 0x1)
0    ... 
285  ------------------------------------------------------------------------O (392 = 100.0%) {0.0%}
300  ... 

Histogram: Blink.DecodedImage.WebPFileFormat recorded 1 samples, mean = 0.0 (flags = 0x1)
0  -O                                                                        (1 = 100.0%)
1  ... 

Histogram: Blink.DecodedImageType recorded 1 samples, mean = 4.0 (flags = 0x1)
0  ... 
4  -O                                                                        (1 = 100.0%) {0.0%}
5  ... 

Histogram: Blink.DocumentLoader.CommitNavigationToStartLoadingResponse.Time.OutermostMainFrame.NewNavigation.IsHTTPOrHTTPS recorded 1 samples, mean = 1.0 (flags = 0x1)
0  O                                                                         (0 = 0.0%)
1  -O                                                                        (1 = 100.0%) {0.0%}
2  ... 

Histogram: Blink.DocumentLoader.CreateParserPostCommit.Time.OutermostMainFrame.NewNavigation.IsHTTPOrHTTPS recorded 1 samples, mean = 9.0 (flags = 0x1)
0  ... 
8  -O                                                                        (1 = 100.0%) {0.0%}
10 ... 

Histogram: Blink.Experimental.Cookies.CacheLookupResult2 recorded 1 samples, mean = 0.0 (flags = 0x1)
0  -O                                                                        (1 = 100.0%)
1  ... 

Histogram: Blink.Experimental.Cookies.FirstCookieRequest recorded 1 samples, mean = 1.0 (flags = 0x1)
0  O                                                                         (0 = 0.0%)
1  -O                                                                        (1 = 100.0%) {0.0%}
2  ... 

Histogram: Blink.Fetch.RequestResourceTime2 recorded 120 samples, mean = 169.8 (flags = 0x1)
0      ... 
15     ---------------------------------O                                        (33 = 27.5%) {0.0%}
21     -----------------O                                                        (17 = 14.2%) {27.5%}
29     --------------O                                                           (14 = 11.7%) {41.7%}
40     -------------O                                                            (13 = 10.8%) {53.3%}
55     --------O                                                                 (8 = 6.7%) {64.2%}
76     --------O                                                                 (8 = 6.7%) {70.8%}
105    --------O                                                                 (8 = 6.7%) {77.5%}
146    ---O                                                                      (3 = 2.5%) {84.2%}
203    -----------O                                                              (11 = 9.2%) {86.7%}
282    -O                                                                        (1 = 0.8%) {95.8%}
391    --O                                                                       (2 = 1.7%) {96.7%}
542    O                                                                         (0 = 0.0%) {98.3%}
752    -O                                                                        (1 = 0.8%) {98.3%}
1043   ... 
10321  -O                                                                        (1 = 0.8%) {99.2%}
14319  ... 

Histogram: Blink.Fetch.RequestResourceTime2.Preload recorded 41 samples, mean = 97.9 (flags = 0x1)
0    ... 
15   -O                                                                        (1 = 2.4%) {0.0%}
21   --O                                                                       (2 = 4.9%) {2.4%}
29   --------O                                                                 (8 = 19.5%) {7.3%}
40   -----------O                                                              (11 = 26.8%) {26.8%}
55   ----O                                                                     (4 = 9.8%) {53.7%}
76   ----O                                                                     (4 = 9.8%) {63.4%}
105  ----O                                                                     (4 = 9.8%) {73.2%}
146  --O                                                                       (2 = 4.9%) {82.9%}
203  ----O                                                                     (4 = 9.8%) {87.8%}
282  ... 
752  -O                                                                        (1 = 2.4%) {97.6%}
1043 ... 

Histogram: Blink.FetchQueuedPreloadsTime.MainFrame.Initial recorded 1 samples, mean = 2.0 (flags = 0x1)
0  ... 
2  -O                                                                        (1 = 100.0%) {0.0%}
3  ... 

Histogram: Blink.Fonts.DecodeTime recorded 5 samples, mean = 6254.2 (flags = 0x1)
0      ... 
3865   ---O                                                                      (3 = 60.0%) {0.0%}
5362   -O                                                                        (1 = 20.0%) {60.0%}
7439   O                                                                         (0 = 0.0%) {80.0%}
10321  -O                                                                        (1 = 20.0%) {80.0%}
14319  ... 

Histogram: Blink.Fonts.VariableFontsRatio recorded 5 samples, mean = 1.2 (flags = 0x1)
0  O                                                                         (0 = 0.0%)
1  ----O                                                                     (4 = 80.0%) {0.0%}
2  -O                                                                        (1 = 20.0%) {80.0%}
3  ... 

Histogram: Blink.ForcedStyleAndLayout.UpdateTime.PreFCP recorded 2 samples, mean = 8.5 (flags = 0x1)
0   ... 
2   -O                                                                        (1 = 50.0%) {0.0%}
3   ... 
15  -O                                                                        (1 = 50.0%) {50.0%}
21  ... 

Histogram: Blink.HTMLFastPathParser.AbortedParseSize recorded 25 samples, mean = 1.6 (flags = 0x1)
0  -----O                                                                    (5 = 20.0%)
1  O                                                                         (0 = 0.0%) {20.0%}
2  --------------------O                                                     (20 = 80.0%) {20.0%}
3  ... 

Histogram: Blink.HTMLFastPathParser.AbortedParseTime2 recorded 25 samples, mean = 2.0 (flags = 0x1)
0   --------O                                                                 (8 = 32.0%)
1   --------O                                                                 (8 = 32.0%) {32.0%}
2   -----O                                                                    (5 = 20.0%) {64.0%}
3   --O                                                                       (2 = 8.0%) {84.0%}
4   ... 
9   -O                                                                        (1 = 4.0%) {92.0%}
10  ... 
17  -O                                                                        (1 = 4.0%) {96.0%}
18  ... 

Histogram: Blink.HTMLFastPathParser.ParseResult recorded 49 samples, mean = 7.8 (flags = 0x1)
0   ------------------------O                                                 (24 = 49.0%)
1   ... 
4   -----O                                                                    (5 = 10.2%) {49.0%}
5   ... 
18  --------------------O                                                     (20 = 40.8%) {59.2%}
19  ... 

Histogram: Blink.HTMLFastPathParser.SuccessfulParseSize recorded 24 samples, mean = 231.0 (flags = 0x1)
0    ... 
146  ----O                                                                     (4 = 16.7%) {0.0%}
203  ----------------O                                                         (16 = 66.7%) {16.7%}
282  ----O                                                                     (4 = 16.7%) {83.3%}
391  ... 

Histogram: Blink.HTMLFastPathParser.SuccessfulParseTime2 recorded 24 samples, mean = 4.0 (flags = 0x1)
0   O                                                                         (0 = 0.0%)
1   -------O                                                                  (7 = 29.2%) {0.0%}
2   -------O                                                                  (7 = 29.2%) {29.2%}
3   ---O                                                                      (3 = 12.5%) {58.3%}
4   ---O                                                                      (3 = 12.5%) {70.8%}
5   -O                                                                        (1 = 4.2%) {83.3%}
6   ... 
8   -O                                                                        (1 = 4.2%) {87.5%}
9   ... 
14  -O                                                                        (1 = 4.2%) {91.7%}
15  ... 
25  -O                                                                        (1 = 4.2%) {95.8%}
27  ... 

Histogram: Blink.HTMLFastPathParser.TotalParseTime2 recorded 49 samples, mean = 17.7 (flags = 0x1)
0   O                                                                         (0 = 0.0%)
1   ---O                                                                      (3 = 6.1%) {0.0%}
2   ------O                                                                   (6 = 12.2%) {6.1%}
3   ------O                                                                   (6 = 12.2%) {18.4%}
4   --O                                                                       (2 = 4.1%) {30.6%}
5   ------O                                                                   (6 = 12.2%) {34.7%}
6   -O                                                                        (1 = 2.0%) {46.9%}
7   --O                                                                       (2 = 4.1%) {49.0%}
8   -O                                                                        (1 = 2.0%) {53.1%}
9   O                                                                         (0 = 0.0%) {55.1%}
10  --O                                                                       (2 = 4.1%) {55.1%}
11  ... 
14  -O                                                                        (1 = 2.0%) {59.2%}
15  -O                                                                        (1 = 2.0%) {61.2%}
16  -O                                                                        (1 = 2.0%) {63.3%}
17  O                                                                         (0 = 0.0%) {65.3%}
18  --O                                                                       (2 = 4.1%) {65.3%}
19  ... 
23  -O                                                                        (1 = 2.0%) {69.4%}
25  -O                                                                        (1 = 2.0%) {71.4%}
27  -O                                                                        (1 = 2.0%) {73.5%}
29  O                                                                         (0 = 0.0%) {75.5%}
31  --O                                                                       (2 = 4.1%) {75.5%}
34  -O                                                                        (1 = 2.0%) {79.6%}
37  --O                                                                       (2 = 4.1%) {81.6%}
40  O                                                                         (0 = 0.0%) {85.7%}
43  --O                                                                       (2 = 4.1%) {85.7%}
46  -O                                                                        (1 = 2.0%) {89.8%}
50  O                                                                         (0 = 0.0%) {91.8%}
54  --O                                                                       (2 = 4.1%) {91.8%}
58  ... 
74  -O                                                                        (1 = 2.0%) {95.9%}
80  O                                                                         (0 = 0.0%) {98.0%}
86  -O                                                                        (1 = 2.0%) {98.0%}
93  ... 

Histogram: Blink.HTMLParsing.ChunkCount4 recorded 1 samples, mean = 1.0 (flags = 0x1)
0  O                                                                         (0 = 0.0%)
1  -O                                                                        (1 = 100.0%) {0.0%}
2  ... 

Histogram: Blink.HTMLParsing.InputCharacterCount4 recorded 1 samples, mean = 132936.0 (flags = 0x1)
0       ... 
102126  -O                                                                        (1 = 100.0%) {0.0%}
141691  ... 

Histogram: Blink.HTMLParsing.ParsingTimeMax4 recorded 1 samples, mean = 2588.0 (flags = 0x1)
0     ... 
2587  -O                                                                        (1 = 100.0%) {0.0%}
2627  ... 

Histogram: Blink.HTMLParsing.ParsingTimeMin4 recorded 1 samples, mean = 2588.0 (flags = 0x1)
0     ... 
2545  -O                                                                        (1 = 100.0%) {0.0%}
2898  ... 

Histogram: Blink.HTMLParsing.ParsingTimeTotal4 recorded 1 samples, mean = 2588.0 (flags = 0x1)
0     ... 
2587  -O                                                                        (1 = 100.0%) {0.0%}
2627  ... 

Histogram: Blink.HTMLParsing.PreloadRequestCount recorded 1 samples, mean = 33.0 (flags = 0x1)
0   ... 
33  -O                                                                        (1 = 100.0%) {0.0%}
37  ... 

Histogram: Blink.HTMLParsing.TimeToDeferredPumpTokenizer4 recorded 1 samples, mean = 323.0 (flags = 0x1)
0    ... 
320  -O                                                                        (1 = 100.0%) {0.0%}
364  ... 

Histogram: Blink.HTMLParsing.TokensParsedAverage4 recorded 1 samples, mean = 110.0 (flags = 0x1)
0   ... 
86  -O                                                                        (1 = 100.0%) {0.0%}
113 ... 

Histogram: Blink.HTMLParsing.TokensParsedMax4 recorded 1 samples, mean = 110.0 (flags = 0x1)
0   ... 
86  -O                                                                        (1 = 100.0%) {0.0%}
113 ... 

Histogram: Blink.HTMLParsing.TokensParsedMin4 recorded 1 samples, mean = 110.0 (flags = 0x1)
0   ... 
96  -O                                                                        (1 = 100.0%) {0.0%}
114 ... 

Histogram: Blink.HTMLParsing.TokensParsedTotal4 recorded 1 samples, mean = 110.0 (flags = 0x1)
0    ... 
105  -O                                                                        (1 = 100.0%) {0.0%}
146  ... 

Histogram: Blink.HTMLParsing.YieldedTimeAverage4 recorded 1 samples, mean = 286.0 (flags = 0x1)
0    ... 
270  -O                                                                        (1 = 100.0%) {0.0%}
315  ... 

Histogram: Blink.HTMLParsing.YieldedTimeMax4 recorded 1 samples, mean = 338.0 (flags = 0x1)
0    ... 
338  -O                                                                        (1 = 100.0%) {0.0%}
343  ... 

Histogram: Blink.HTMLParsing.YieldedTimeMin4 recorded 1 samples, mean = 234.0 (flags = 0x1)
0    ... 
231  -O                                                                        (1 = 100.0%) {0.0%}
270  ... 

Histogram: Blink.History.VisitedLinks.IsLinkStyledAsVisited recorded 15 samples, mean = 0.0 (flags = 0x1)
0  ---------------O                                                          (15 = 100.0%)
1  ... 

Histogram: Blink.ImageDecoders.ImageHasMultipleGeneratorClientIds recorded 1 samples, mean = 0.0 (flags = 0x1)
0  -O                                                                        (1 = 100.0%)
1  ... 

Histogram: Blink.JavascriptDocumentUpdate.UpdateTime.PreFCP recorded 1 samples, mean = 2.0 (flags = 0x1)
0  ... 
2  -O                                                                        (1 = 100.0%) {0.0%}
3  ... 

Histogram: Blink.Layout.InlineNode.ShapeText.MaxTime.InOutermostMainFrame3 recorded 1 samples, mean = 0.0 (flags = 0x1)
0  -O                                                                        (1 = 100.0%)
1  ... 

Histogram: Blink.Layout.InlineNode.ShapeText.TotalTime.InOutermostMainFrame3 recorded 1 samples, mean = 0.0 (flags = 0x1)
0  -O                                                                        (1 = 100.0%)
1  ... 

Histogram: Blink.Layout.SVGImage.Count.InOutermostMainFrame recorded 1 samples, mean = 0.0 (flags = 0x1)
0  -O                                                                        (1 = 100.0%)
1  ... 

Histogram: Blink.Layout.SVGImage.TotalTime.InOutermostMainFrame recorded 1 samples, mean = 0.0 (flags = 0x1)
0  -O                                                                        (1 = 100.0%)
1  ... 

Histogram: Blink.MainFrame.UpdateTime.PreFCP recorded 23 samples, mean = 1767.2 (flags = 0x1)
0      ... 
55     --O                                                                       (2 = 8.7%) {0.0%}
76     -----O                                                                    (5 = 21.7%) {8.7%}
105    ---O                                                                      (3 = 13.0%) {30.4%}
146    -O                                                                        (1 = 4.3%) {43.5%}
203    ---O                                                                      (3 = 13.0%) {47.8%}
282    -O                                                                        (1 = 4.3%) {60.9%}
391    -O                                                                        (1 = 4.3%) {65.2%}
542    --O                                                                       (2 = 8.7%) {69.6%}
752    -O                                                                        (1 = 4.3%) {78.3%}
1043   ... 
2786   -O                                                                        (1 = 4.3%) {82.6%}
3865   O                                                                         (0 = 0.0%) {87.0%}
5362   -O                                                                        (1 = 4.3%) {87.0%}
7439   -O                                                                        (1 = 4.3%) {91.3%}
10321  O                                                                         (0 = 0.0%) {95.7%}
14319  -O                                                                        (1 = 4.3%) {95.7%}
19866  ... 

Histogram: Blink.MemoryCache.RevalidationPolicy.AsyncScript recorded 46 samples, mean = 1.5 (flags = 0x1)
0  -----------------------O                                                  (23 = 50.0%)
1  ... 
3  -----------------------O                                                  (23 = 50.0%) {50.0%}
4  ... 

Histogram: Blink.MemoryCache.RevalidationPolicy.CSSStyleSheet recorded 8 samples, mean = 0.0 (flags = 0x1)
0  --------O                                                                 (8 = 100.0%)
1  ... 

Histogram: Blink.MemoryCache.RevalidationPolicy.Dead.CSSStyleSheet recorded 1 samples, mean = 0.0 (flags = 0x1)
0  -O                                                                        (1 = 100.0%)
1  ... 

Histogram: Blink.MemoryCache.RevalidationPolicy.Dead.Font recorded 2 samples, mean = 0.0 (flags = 0x1)
0  --O                                                                       (2 = 100.0%)
1  ... 

Histogram: Blink.MemoryCache.RevalidationPolicy.Dead.Script recorded 22 samples, mean = 0.0 (flags = 0x1)
0  ----------------------O                                                   (22 = 100.0%)
1  ... 

Histogram: Blink.MemoryCache.RevalidationPolicy.Font recorded 23 samples, mean = 4.0 (flags = 0x1)
0  -O                                                                        (1 = 4.3%)
1  ... 
4  ------------------O                                                       (18 = 78.3%) {4.3%}
5  ----O                                                                     (4 = 17.4%) {82.6%}
6  O                                                                         (0 = 0.0%) {100.0%}

Histogram: Blink.MemoryCache.RevalidationPolicy.Image recorded 22 samples, mean = 4.0 (flags = 0x1)
0  ... 
3  --O                                                                       (2 = 9.1%) {0.0%}
4  -------------------O                                                      (19 = 86.4%) {9.1%}
5  -O                                                                        (1 = 4.5%) {95.5%}
6  O                                                                         (0 = 0.0%) {100.0%}

Histogram: Blink.MemoryCache.RevalidationPolicy.Manifest recorded 1 samples, mean = 3.0 (flags = 0x1)
0  ... 
3  -O                                                                        (1 = 100.0%) {0.0%}
4  ... 

Histogram: Blink.MemoryCache.RevalidationPolicy.Preload.CSSStyleSheet recorded 15 samples, mean = 1.6 (flags = 0x1)
0  -------O                                                                  (7 = 46.7%)
1  ... 
3  --------O                                                                 (8 = 53.3%) {46.7%}
4  ... 

Histogram: Blink.MemoryCache.RevalidationPolicy.Preload.Font recorded 2 samples, mean = 1.5 (flags = 0x1)
0  -O                                                                        (1 = 50.0%)
1  ... 
3  -O                                                                        (1 = 50.0%) {50.0%}
4  ... 

Histogram: Blink.MemoryCache.RevalidationPolicy.Preload.Script recorded 24 samples, mean = 2.8 (flags = 0x1)
0  --O                                                                       (2 = 8.3%)
1  ... 
3  ----------------------O                                                   (22 = 91.7%) {8.3%}
4  ... 

Histogram: Blink.MemoryCache.RevalidationPolicy.Raw recorded 5 samples, mean = 3.0 (flags = 0x1)
0  ... 
3  -----O                                                                    (5 = 100.0%) {0.0%}
4  ... 

Histogram: Blink.MemoryCache.RevalidationPolicy.Script recorded 24 samples, mean = 0.2 (flags = 0x1)
0  ----------------------O                                                   (22 = 91.7%)
1  ... 
3  --O                                                                       (2 = 8.3%) {91.7%}
4  ... 

Histogram: Blink.PreloadRequestStartDuration recorded 41 samples, mean = 100.3 (flags = 0x1)
0    ... 
15   -O                                                                        (1 = 2.4%) {0.0%}
21   -O                                                                        (1 = 2.4%) {2.4%}
29   --------O                                                                 (8 = 19.5%) {4.9%}
40   -----------O                                                              (11 = 26.8%) {24.4%}
55   -----O                                                                    (5 = 12.2%) {51.2%}
76   ----O                                                                     (4 = 9.8%) {63.4%}
105  ----O                                                                     (4 = 9.8%) {73.2%}
146  --O                                                                       (2 = 4.9%) {82.9%}
203  ----O                                                                     (4 = 9.8%) {87.8%}
282  ... 
752  -O                                                                        (1 = 2.4%) {97.6%}
1043 ... 

Histogram: Blink.PreloadRequestWaitTime recorded 31 samples, mean = 1.4 (flags = 0x1)
0  --O                                                                       (2 = 6.5%)
1  ---------------O                                                          (15 = 48.4%) {6.5%}
2  --------------O                                                           (14 = 45.2%) {54.8%}
3  ... 

Histogram: Blink.PrepareToStopParsingTime recorded 32 samples, mean = 0.3 (flags = 0x1)
0   ------------------------------O                                           (30 = 93.8%)
1   -O                                                                        (1 = 3.1%) {93.8%}
2   ... 
10  -O                                                                        (1 = 3.1%) {96.9%}
12  ... 

Histogram: Blink.PumpTokenizerTime recorded 60 samples, mean = 0.2 (flags = 0x1)
0  ----------------------------------------------------------O               (58 = 96.7%)
1  ... 
3  -O                                                                        (1 = 1.7%) {96.7%}
4  ... 
6  -O                                                                        (1 = 1.7%) {98.3%}
7  ... 

Histogram: Blink.ResourceRequest.BackgroundResourceFetchSupportStatus recorded 46 samples, mean = 0.0 (flags = 0x1)
0  ---------------------------------------------O                            (45 = 97.8%)
1  O                                                                         (0 = 0.0%) {97.8%}
2  -O                                                                        (1 = 2.2%) {97.8%}
3  ... 

Histogram: Blink.ResourceRequest.CompletionDelay2 recorded 46 samples, mean = 9.8 (flags = 0x1)
0   ---------O                                                                (9 = 19.6%)
1   ---------O                                                                (9 = 19.6%) {19.6%}
2   -------O                                                                  (7 = 15.2%) {39.1%}
3   --------O                                                                 (8 = 17.4%) {54.3%}
4   ---O                                                                      (3 = 6.5%) {71.7%}
5   --O                                                                       (2 = 4.3%) {78.3%}
6   ... 
10  -O                                                                        (1 = 2.2%) {82.6%}
12  ... 
17  -O                                                                        (1 = 2.2%) {84.8%}
20  -O                                                                        (1 = 2.2%) {87.0%}
24  ... 
40  -O                                                                        (1 = 2.2%) {89.1%}
48  -O                                                                        (1 = 2.2%) {91.3%}
57  -O                                                                        (1 = 2.2%) {93.5%}
68  -O                                                                        (1 = 2.2%) {95.7%}
81  O                                                                         (0 = 0.0%) {97.8%}
96  -O                                                                        (1 = 2.2%) {97.8%}
114 ... 

Histogram: Blink.ResourceRequest.RedirectDelay2 recorded 1 samples, mean = 0.0 (flags = 0x1)
0  -O                                                                        (1 = 100.0%)
1  ... 

Histogram: Blink.ResourceRequest.ResponseDelay2 recorded 46 samples, mean = 9.3 (flags = 0x1)
0   ----O                                                                     (4 = 8.7%)
1   ----------O                                                               (10 = 21.7%) {8.7%}
2   ----O                                                                     (4 = 8.7%) {30.4%}
3   ----------O                                                               (10 = 21.7%) {39.1%}
4   ----O                                                                     (4 = 8.7%) {60.9%}
5   -----O                                                                    (5 = 10.9%) {69.6%}
6   -O                                                                        (1 = 2.2%) {80.4%}
7   O                                                                         (0 = 0.0%) {82.6%}
8   -O                                                                        (1 = 2.2%) {82.6%}
10  O                                                                         (0 = 0.0%) {84.8%}
12  -O                                                                        (1 = 2.2%) {84.8%}
14  O                                                                         (0 = 0.0%) {87.0%}
17  -O                                                                        (1 = 2.2%) {87.0%}
20  O                                                                         (0 = 0.0%) {89.1%}
24  -O                                                                        (1 = 2.2%) {89.1%}
29  ... 
48  --O                                                                       (2 = 4.3%) {91.3%}
57  -O                                                                        (1 = 2.2%) {95.7%}
68  ... 
96  -O                                                                        (1 = 2.2%) {97.8%}
114 ... 

Histogram: Blink.ResourceRequest.StartDelay2 recorded 46 samples, mean = 28.3 (flags = 0x1)
0   ... 
3   -O                                                                        (1 = 2.2%) {0.0%}
4   ... 
7   -O                                                                        (1 = 2.2%) {2.2%}
8   O                                                                         (0 = 0.0%) {4.3%}
10  -----O                                                                    (5 = 10.9%) {4.3%}
12  ... 
17  -O                                                                        (1 = 2.2%) {15.2%}
20  --O                                                                       (2 = 4.3%) {17.4%}
24  ----------------O                                                         (16 = 34.8%) {21.7%}
29  --------O                                                                 (8 = 17.4%) {56.5%}
34  -----O                                                                    (5 = 10.9%) {73.9%}
40  ---O                                                                      (3 = 6.5%) {84.8%}
48  ----O                                                                     (4 = 8.7%) {91.3%}
57  ... 

Histogram: Blink.ScanAndPreloadTime.MainFrame.Initial recorded 1 samples, mean = 3.0 (flags = 0x1)
0  ... 
3  -O                                                                        (1 = 100.0%) {0.0%}
4  ... 

Histogram: Blink.ScanAndPreloadTime.MainFrame.NonInitial recorded 1 samples, mean = 0.0 (flags = 0x1)
0  -O                                                                        (1 = 100.0%)
1  ... 

Histogram: Blink.ScanAndPreloadTime2.MainFrame.Initial recorded 1 samples, mean = 3040.0 (flags = 0x1)
0     ... 
2786  -O                                                                        (1 = 100.0%) {0.0%}
3865  ... 

Histogram: Blink.ScanAndPreloadTime2.MainFrame.NonInitial recorded 1 samples, mean = 11.0 (flags = 0x1)
0   ... 
11  -O                                                                        (1 = 100.0%) {0.0%}
15  ... 

Histogram: Blink.ScanAndPreloadTime2.Preload.MainFrame.Initial recorded 1 samples, mean = 2180.0 (flags = 0x1)
0     ... 
2008  -O                                                                        (1 = 100.0%) {0.0%}
2786  ... 

Histogram: Blink.ScanAndPreloadTime2.Preload.MainFrame.NonInitial recorded 1 samples, mean = 1.0 (flags = 0x1)
0  O                                                                         (0 = 0.0%)
1  -O                                                                        (1 = 100.0%) {0.0%}
2  ... 

Histogram: Blink.ScanAndPreloadTime2.Scan.MainFrame.Initial recorded 1 samples, mean = 839.0 (flags = 0x1)
0    ... 
752  -O                                                                        (1 = 100.0%) {0.0%}
1043 ... 

Histogram: Blink.ScanAndPreloadTime2.Scan.MainFrame.NonInitial recorded 1 samples, mean = 1.0 (flags = 0x1)
0  O                                                                         (0 = 0.0%)
1  -O                                                                        (1 = 100.0%) {0.0%}
2  ... 

Histogram: Blink.Script.AsyncScript.FromReadyToStartExecution.Time recorded 24 samples, mean = 0.7 (flags = 0x1)
0  ---------------------O                                                    (21 = 87.5%)
1  ... 
5  --O                                                                       (2 = 8.3%) {87.5%}
6  -O                                                                        (1 = 4.2%) {95.8%}
8  ... 

Histogram: Blink.Script.SchedulingType recorded 39 samples, mean = 5.3 (flags = 0x1)
0  ... 
3  -O                                                                        (1 = 2.6%) {0.0%}
4  O                                                                         (0 = 0.0%) {2.6%}
5  -----------------------O                                                  (23 = 59.0%) {2.6%}
6  ---------------O                                                          (15 = 38.5%) {61.5%}
7  ... 

Histogram: Blink.UseCounter.AnimatedCSSProperties recorded 1 samples, mean = 1.0 (flags = 0x1)
0  O                                                                         (0 = 0.0%)
1  -O                                                                        (1 = 100.0%) {0.0%}
2  ... 

Histogram: Blink.UseCounter.CSSProperties recorded 96 samples, mean = 275.0 (flags = 0x1)
0    O                                                                         (0 = 0.0%)
1    -O                                                                        (1 = 1.0%) {0.0%}
2    -O                                                                        (1 = 1.0%) {1.0%}
3    -O                                                                        (1 = 1.0%) {2.1%}
4    -O                                                                        (1 = 1.0%) {3.1%}
5    -O                                                                        (1 = 1.0%) {4.2%}
6    -O                                                                        (1 = 1.0%) {5.2%}
7    -O                                                                        (1 = 1.0%) {6.2%}
8    -O                                                                        (1 = 1.0%) {7.3%}
9    O                                                                         (0 = 0.0%) {8.3%}
10   -O                                                                        (1 = 1.0%) {8.3%}
11   ... 
14   -O                                                                        (1 = 1.0%) {9.4%}
15   ... 
20   -O                                                                        (1 = 1.0%) {10.4%}
21   -O                                                                        (1 = 1.0%) {11.5%}
22   ... 
24   -O                                                                        (1 = 1.0%) {12.5%}
25   ... 
34   -O                                                                        (1 = 1.0%) {13.5%}
35   ... 
42   -O                                                                        (1 = 1.0%) {14.6%}
43   ... 
53   -O                                                                        (1 = 1.0%) {15.6%}
54   ... 
59   -O                                                                        (1 = 1.0%) {16.7%}
60   ... 
66   -O                                                                        (1 = 1.0%) {17.7%}
67   ... 
69   -O                                                                        (1 = 1.0%) {18.8%}
70   ... 
72   -O                                                                        (1 = 1.0%) {19.8%}
73   O                                                                         (0 = 0.0%) {20.8%}
74   -O                                                                        (1 = 1.0%) {20.8%}
75   ... 
77   -O                                                                        (1 = 1.0%) {21.9%}
78   ... 
81   -O                                                                        (1 = 1.0%) {22.9%}
82   ... 
84   -O                                                                        (1 = 1.0%) {24.0%}
85   ... 
89   -O                                                                        (1 = 1.0%) {25.0%}
90   ... 
95   -O                                                                        (1 = 1.0%) {26.0%}
96   -O                                                                        (1 = 1.0%) {27.1%}
97   -O                                                                        (1 = 1.0%) {28.1%}
98   -O                                                                        (1 = 1.0%) {29.2%}
99   O                                                                         (0 = 0.0%) {30.2%}
100  -O                                                                        (1 = 1.0%) {30.2%}
101  ... 
105  -O                                                                        (1 = 1.0%) {31.2%}
106  -O                                                                        (1 = 1.0%) {32.3%}
107  -O                                                                        (1 = 1.0%) {33.3%}
108  O                                                                         (0 = 0.0%) {34.4%}
109  -O                                                                        (1 = 1.0%) {34.4%}
110  ... 
118  -O                                                                        (1 = 1.0%) {35.4%}
119  -O                                                                        (1 = 1.0%) {36.5%}
120  ... 
124  -O                                                                        (1 = 1.0%) {37.5%}
125  ... 
127  -O                                                                        (1 = 1.0%) {38.5%}
128  -O                                                                        (1 = 1.0%) {39.6%}
129  -O                                                                        (1 = 1.0%) {40.6%}
130  ... 
143  -O                                                                        (1 = 1.0%) {41.7%}
144  ... 
150  -O                                                                        (1 = 1.0%) {42.7%}
151  O                                                                         (0 = 0.0%) {43.8%}
152  -O                                                                        (1 = 1.0%) {43.8%}
153  -O                                                                        (1 = 1.0%) {44.8%}
154  -O                                                                        (1 = 1.0%) {45.8%}
155  O                                                                         (0 = 0.0%) {46.9%}
156  -O                                                                        (1 = 1.0%) {46.9%}
157  -O                                                                        (1 = 1.0%) {47.9%}
158  O                                                                         (0 = 0.0%) {49.0%}
159  -O                                                                        (1 = 1.0%) {49.0%}
160  O                                                                         (0 = 0.0%) {50.0%}
161  -O                                                                        (1 = 1.0%) {50.0%}
162  ... 
164  -O                                                                        (1 = 1.0%) {51.0%}
165  -O                                                                        (1 = 1.0%) {52.1%}
166  ... 
175  -O                                                                        (1 = 1.0%) {53.1%}
176  ... 
231  -O                                                                        (1 = 1.0%) {54.2%}
232  -O                                                                        (1 = 1.0%) {55.2%}
233  O                                                                         (0 = 0.0%) {56.2%}
234  -O                                                                        (1 = 1.0%) {56.2%}
235  -O                                                                        (1 = 1.0%) {57.3%}
236  O                                                                         (0 = 0.0%) {58.3%}
237  -O                                                                        (1 = 1.0%) {58.3%}
238  -O                                                                        (1 = 1.0%) {59.4%}
239  -O                                                                        (1 = 1.0%) {60.4%}
240  -O                                                                        (1 = 1.0%) {61.5%}
241  O                                                                         (0 = 0.0%) {62.5%}
242  -O                                                                        (1 = 1.0%) {62.5%}
243  ... 
303  -O                                                                        (1 = 1.0%) {63.5%}
304  ... 
369  -O                                                                        (1 = 1.0%) {64.6%}
370  -O                                                                        (1 = 1.0%) {65.6%}
371  ... 
415  -O                                                                        (1 = 1.0%) {66.7%}
416  ... 
432  -O                                                                        (1 = 1.0%) {67.7%}
433  -O                                                                        (1 = 1.0%) {68.8%}
434  ... 
437  -O                                                                        (1 = 1.0%) {69.8%}
438  ... 
446  -O                                                                        (1 = 1.0%) {70.8%}
447  ... 
508  -O                                                                        (1 = 1.0%) {71.9%}
509  ... 
514  -O                                                                        (1 = 1.0%) {72.9%}
515  -O                                                                        (1 = 1.0%) {74.0%}
516  -O                                                                        (1 = 1.0%) {75.0%}
517  ... 
537  -O                                                                        (1 = 1.0%) {76.0%}
538  ... 
549  -O                                                                        (1 = 1.0%) {77.1%}
550  ... 
563  -O                                                                        (1 = 1.0%) {78.1%}
564  ... 
591  -O                                                                        (1 = 1.0%) {79.2%}
592  -O                                                                        (1 = 1.0%) {80.2%}
593  O                                                                         (0 = 0.0%) {81.2%}
594  -O                                                                        (1 = 1.0%) {81.2%}
595  -O                                                                        (1 = 1.0%) {82.3%}
596  ... 
598  -O                                                                        (1 = 1.0%) {83.3%}
599  -O                                                                        (1 = 1.0%) {84.4%}
600  ... 
618  -O                                                                        (1 = 1.0%) {85.4%}
619  -O                                                                        (1 = 1.0%) {86.5%}
620  -O                                                                        (1 = 1.0%) {87.5%}
621  -O                                                                        (1 = 1.0%) {88.5%}
622  ... 
636  -O                                                                        (1 = 1.0%) {89.6%}
637  ... 
657  -O                                                                        (1 = 1.0%) {90.6%}
658  -O                                                                        (1 = 1.0%) {91.7%}
659  ... 
662  -O                                                                        (1 = 1.0%) {92.7%}
663  ... 
672  -O                                                                        (1 = 1.0%) {93.8%}
673  -O                                                                        (1 = 1.0%) {94.8%}
674  O                                                                         (0 = 0.0%) {95.8%}
675  -O                                                                        (1 = 1.0%) {95.8%}
676  ... 
696  -O                                                                        (1 = 1.0%) {96.9%}
697  ... 
746  -O                                                                        (1 = 1.0%) {97.9%}
747  ... 
770  -O                                                                        (1 = 1.0%) {99.0%}
771  ... 

Histogram: Blink.UseCounter.Features recorded 163 samples, mean = 2240.6 (flags = 0x1)
0     ... 
13    -O                                                                        (1 = 0.6%) {0.0%}
14    ... 
16    -O                                                                        (1 = 0.6%) {0.6%}
17    ... 
52    -O                                                                        (1 = 0.6%) {1.2%}
53    ... 
69    -O                                                                        (1 = 0.6%) {1.8%}
70    ... 
123   -O                                                                        (1 = 0.6%) {2.5%}
124   -O                                                                        (1 = 0.6%) {3.1%}
125   -O                                                                        (1 = 0.6%) {3.7%}
126   ... 
138   -O                                                                        (1 = 0.6%) {4.3%}
139   ... 
240   -O                                                                        (1 = 0.6%) {4.9%}
241   ... 
250   -O                                                                        (1 = 0.6%) {5.5%}
251   ... 
429   -O                                                                        (1 = 0.6%) {6.1%}
430   -O                                                                        (1 = 0.6%) {6.7%}
431   -O                                                                        (1 = 0.6%) {7.4%}
432   -O                                                                        (1 = 0.6%) {8.0%}
433   ... 
469   -O                                                                        (1 = 0.6%) {8.6%}
470   ... 
523   -O                                                                        (1 = 0.6%) {9.2%}
524   ... 
587   -O                                                                        (1 = 0.6%) {9.8%}
588   -O                                                                        (1 = 0.6%) {10.4%}
589   ... 
675   -O                                                                        (1 = 0.6%) {11.0%}
676   O                                                                         (0 = 0.0%) {11.7%}
677   -O                                                                        (1 = 0.6%) {11.7%}
678   ... 
710   -O                                                                        (1 = 0.6%) {12.3%}
711   -O                                                                        (1 = 0.6%) {12.9%}
712   -O                                                                        (1 = 0.6%) {13.5%}
713   ... 
717   -O                                                                        (1 = 0.6%) {14.1%}
718   ... 
730   -O                                                                        (1 = 0.6%) {14.7%}
731   ... 
744   -O                                                                        (1 = 0.6%) {15.3%}
745   ... 
780   -O                                                                        (1 = 0.6%) {16.0%}
781   -O                                                                        (1 = 0.6%) {16.6%}
782   ... 
786   -O                                                                        (1 = 0.6%) {17.2%}
787   -O                                                                        (1 = 0.6%) {17.8%}
788   ... 
804   -O                                                                        (1 = 0.6%) {18.4%}
805   ... 
900   -O                                                                        (1 = 0.6%) {19.0%}
901   -O                                                                        (1 = 0.6%) {19.6%}
902   ... 
907   -O                                                                        (1 = 0.6%) {20.2%}
908   ... 
954   -O                                                                        (1 = 0.6%) {20.9%}
955   ... 
970   -O                                                                        (1 = 0.6%) {21.5%}
971   O                                                                         (0 = 0.0%) {22.1%}
972   -O                                                                        (1 = 0.6%) {22.1%}
973   -O                                                                        (1 = 0.6%) {22.7%}
974   ... 
976   -O                                                                        (1 = 0.6%) {23.3%}
977   ... 
1023  -O                                                                        (1 = 0.6%) {23.9%}
1024  ... 
1069  -O                                                                        (1 = 0.6%) {24.5%}
1070  -O                                                                        (1 = 0.6%) {25.2%}
1071  ... 
1075  -O                                                                        (1 = 0.6%) {25.8%}
1076  -O                                                                        (1 = 0.6%) {26.4%}
1077  ... 
1124  -O                                                                        (1 = 0.6%) {27.0%}
1125  ... 
1302  -O                                                                        (1 = 0.6%) {27.6%}
1303  ... 
1307  -O                                                                        (1 = 0.6%) {28.2%}
1308  ... 
1347  -O                                                                        (1 = 0.6%) {28.8%}
1348  ... 
1351  -O                                                                        (1 = 0.6%) {29.4%}
1352  ... 
1354  -O                                                                        (1 = 0.6%) {30.1%}
1355  ... 
1368  -O                                                                        (1 = 0.6%) {30.7%}
1369  ... 
1417  -O                                                                        (1 = 0.6%) {31.3%}
1418  ... 
1441  -O                                                                        (1 = 0.6%) {31.9%}
1442  ... 
1467  -O                                                                        (1 = 0.6%) {32.5%}
1468  ... 
1502  -O                                                                        (1 = 0.6%) {33.1%}
1503  ... 
1692  -O                                                                        (1 = 0.6%) {33.7%}
1693  -O                                                                        (1 = 0.6%) {34.4%}
1694  ... 
1827  -O                                                                        (1 = 0.6%) {35.0%}
1828  ... 
2013  -O                                                                        (1 = 0.6%) {35.6%}
2014  ... 
2077  -O                                                                        (1 = 0.6%) {36.2%}
2078  ... 
2094  -O                                                                        (1 = 0.6%) {36.8%}
2095  O                                                                         (0 = 0.0%) {37.4%}
2096  -O                                                                        (1 = 0.6%) {37.4%}
2097  ... 
2100  -O                                                                        (1 = 0.6%) {38.0%}
2101  ... 
2112  -O                                                                        (1 = 0.6%) {38.7%}
2113  ... 
2121  -O                                                                        (1 = 0.6%) {39.3%}
2122  ... 
2203  -O                                                                        (1 = 0.6%) {39.9%}
2204  -O                                                                        (1 = 0.6%) {40.5%}
2205  ... 
2217  -O                                                                        (1 = 0.6%) {41.1%}
2218  ... 
2226  -O                                                                        (1 = 0.6%) {41.7%}
2227  O                                                                         (0 = 0.0%) {42.3%}
2228  -O                                                                        (1 = 0.6%) {42.3%}
2229  -O                                                                        (1 = 0.6%) {42.9%}
2230  ... 
2236  -O                                                                        (1 = 0.6%) {43.6%}
2237  ... 
2298  -O                                                                        (1 = 0.6%) {44.2%}
2299  ... 
2314  -O                                                                        (1 = 0.6%) {44.8%}
2315  ... 
2319  -O                                                                        (1 = 0.6%) {45.4%}
2320  ... 
2322  -O                                                                        (1 = 0.6%) {46.0%}
2323  ... 
2347  -O                                                                        (1 = 0.6%) {46.6%}
2348  -O                                                                        (1 = 0.6%) {47.2%}
2349  ... 
2355  -O                                                                        (1 = 0.6%) {47.9%}
2356  ... 
2361  -O                                                                        (1 = 0.6%) {48.5%}
2362  ... 
2387  -O                                                                        (1 = 0.6%) {49.1%}
2388  -O                                                                        (1 = 0.6%) {49.7%}
2389  ... 
2399  -O                                                                        (1 = 0.6%) {50.3%}
2400  ... 
2413  -O                                                                        (1 = 0.6%) {50.9%}
2414  ... 
2429  -O                                                                        (1 = 0.6%) {51.5%}
2430  O                                                                         (0 = 0.0%) {52.1%}
2431  -O                                                                        (1 = 0.6%) {52.1%}
2432  ... 
2518  -O                                                                        (1 = 0.6%) {52.8%}
2519  ... 
2598  -O                                                                        (1 = 0.6%) {53.4%}
2599  ... 
2618  -O                                                                        (1 = 0.6%) {54.0%}
2619  ... 
2654  -O                                                                        (1 = 0.6%) {54.6%}
2655  -O                                                                        (1 = 0.6%) {55.2%}
2656  -O                                                                        (1 = 0.6%) {55.8%}
2657  -O                                                                        (1 = 0.6%) {56.4%}
2658  -O                                                                        (1 = 0.6%) {57.1%}
2659  -O                                                                        (1 = 0.6%) {57.7%}
2660  -O                                                                        (1 = 0.6%) {58.3%}
2661  -O                                                                        (1 = 0.6%) {58.9%}
2662  -O                                                                        (1 = 0.6%) {59.5%}
2663  -O                                                                        (1 = 0.6%) {60.1%}
2664  ... 
2699  -O                                                                        (1 = 0.6%) {60.7%}
2700  -O                                                                        (1 = 0.6%) {61.3%}
2701  -O                                                                        (1 = 0.6%) {62.0%}
2702  -O                                                                        (1 = 0.6%) {62.6%}
2703  -O                                                                        (1 = 0.6%) {63.2%}
2704  -O                                                                        (1 = 0.6%) {63.8%}
2705  -O                                                                        (1 = 0.6%) {64.4%}
2706  -O                                                                        (1 = 0.6%) {65.0%}
2707  -O                                                                        (1 = 0.6%) {65.6%}
2708  ... 
2710  -O                                                                        (1 = 0.6%) {66.3%}
2711  -O                                                                        (1 = 0.6%) {66.9%}
2712  ... 
2716  -O                                                                        (1 = 0.6%) {67.5%}
2717  ... 
2723  -O                                                                        (1 = 0.6%) {68.1%}
2724  ... 
2738  -O                                                                        (1 = 0.6%) {68.7%}
2739  ... 
2769  -O                                                                        (1 = 0.6%) {69.3%}
2770  ... 
2789  -O                                                                        (1 = 0.6%) {69.9%}
2790  -O                                                                        (1 = 0.6%) {70.6%}
2791  -O                                                                        (1 = 0.6%) {71.2%}
2792  -O                                                                        (1 = 0.6%) {71.8%}
2793  ... 
2841  -O                                                                        (1 = 0.6%) {72.4%}
2842  ... 
2903  -O                                                                        (1 = 0.6%) {73.0%}
2904  -O                                                                        (1 = 0.6%) {73.6%}
2905  ... 
2935  -O                                                                        (1 = 0.6%) {74.2%}
2936  ... 
3019  -O                                                                        (1 = 0.6%) {74.8%}
3020  -O                                                                        (1 = 0.6%) {75.5%}
3021  ... 
3066  -O                                                                        (1 = 0.6%) {76.1%}
3067  ... 
3116  -O                                                                        (1 = 0.6%) {76.7%}
3117  ... 
3157  -O                                                                        (1 = 0.6%) {77.3%}
3158  ... 
3189  -O                                                                        (1 = 0.6%) {77.9%}
3190  ... 
3198  -O                                                                        (1 = 0.6%) {78.5%}
3199  ... 
3273  -O                                                                        (1 = 0.6%) {79.1%}
3274  O                                                                         (0 = 0.0%) {79.8%}
3275  -O                                                                        (1 = 0.6%) {79.8%}
3276  ... 
3279  -O                                                                        (1 = 0.6%) {80.4%}
3280  ... 
3307  -O                                                                        (1 = 0.6%) {81.0%}
3308  -O                                                                        (1 = 0.6%) {81.6%}
3309  ... 
3349  -O                                                                        (1 = 0.6%) {82.2%}
3350  ... 
3359  -O                                                                        (1 = 0.6%) {82.8%}
3360  ... 
3409  -O                                                                        (1 = 0.6%) {83.4%}
3410  ... 
3444  -O                                                                        (1 = 0.6%) {84.0%}
3445  ... 
3698  -O                                                                        (1 = 0.6%) {84.7%}
3699  ... 
3789  -O                                                                        (1 = 0.6%) {85.3%}
3790  -O                                                                        (1 = 0.6%) {85.9%}
3791  ... 
3797  -O                                                                        (1 = 0.6%) {86.5%}
3798  ... 
3803  -O                                                                        (1 = 0.6%) {87.1%}
3804  ... 
3870  -O                                                                        (1 = 0.6%) {87.7%}
3871  ... 
3945  -O                                                                        (1 = 0.6%) {88.3%}
3946  ... 
3973  -O                                                                        (1 = 0.6%) {89.0%}
3974  ... 
4007  -O                                                                        (1 = 0.6%) {89.6%}
4008  ... 
4079  -O                                                                        (1 = 0.6%) {90.2%}
4080  ... 
4113  -O                                                                        (1 = 0.6%) {90.8%}
4114  ... 
4177  -O                                                                        (1 = 0.6%) {91.4%}
4178  ... 
4194  -O                                                                        (1 = 0.6%) {92.0%}
4195  O                                                                         (0 = 0.0%) {92.6%}
4196  -O                                                                        (1 = 0.6%) {92.6%}
4197  ... 
4240  -O                                                                        (1 = 0.6%) {93.3%}
4241  O                                                                         (0 = 0.0%) {93.9%}
4242  -O                                                                        (1 = 0.6%) {93.9%}
4243  ... 
4317  -O                                                                        (1 = 0.6%) {94.5%}
4318  ... 
4346  -O                                                                        (1 = 0.6%) {95.1%}
4347  ... 
4372  -O                                                                        (1 = 0.6%) {95.7%}
4373  ... 
4379  -O                                                                        (1 = 0.6%) {96.3%}
4380  ... 
4419  -O                                                                        (1 = 0.6%) {96.9%}
4420  ... 
4561  -O                                                                        (1 = 0.6%) {97.5%}
4562  ... 
4673  -O                                                                        (1 = 0.6%) {98.2%}
4674  ... 
4743  -O                                                                        (1 = 0.6%) {98.8%}
4744  ... 
4994  -O                                                                        (1 = 0.6%) {99.4%}
4995  ... 

Histogram: Blink.UseCounter.MainFrame.Features recorded 163 samples, mean = 2240.6 (flags = 0x1)
0     ... 
13    -O                                                                        (1 = 0.6%) {0.0%}
14    ... 
16    -O                                                                        (1 = 0.6%) {0.6%}
17    ... 
52    -O                                                                        (1 = 0.6%) {1.2%}
53    ... 
69    -O                                                                        (1 = 0.6%) {1.8%}
70    ... 
123   -O                                                                        (1 = 0.6%) {2.5%}
124   -O                                                                        (1 = 0.6%) {3.1%}
125   -O                                                                        (1 = 0.6%) {3.7%}
126   ... 
138   -O                                                                        (1 = 0.6%) {4.3%}
139   ... 
240   -O                                                                        (1 = 0.6%) {4.9%}
241   ... 
250   -O                                                                        (1 = 0.6%) {5.5%}
251   ... 
429   -O                                                                        (1 = 0.6%) {6.1%}
430   -O                                                                        (1 = 0.6%) {6.7%}
431   -O                                                                        (1 = 0.6%) {7.4%}
432   -O                                                                        (1 = 0.6%) {8.0%}
433   ... 
469   -O                                                                        (1 = 0.6%) {8.6%}
470   ... 
523   -O                                                                        (1 = 0.6%) {9.2%}
524   ... 
587   -O                                                                        (1 = 0.6%) {9.8%}
588   -O                                                                        (1 = 0.6%) {10.4%}
589   ... 
675   -O                                                                        (1 = 0.6%) {11.0%}
676   O                                                                         (0 = 0.0%) {11.7%}
677   -O                                                                        (1 = 0.6%) {11.7%}
678   ... 
710   -O                                                                        (1 = 0.6%) {12.3%}
711   -O                                                                        (1 = 0.6%) {12.9%}
712   -O                                                                        (1 = 0.6%) {13.5%}
713   ... 
717   -O                                                                        (1 = 0.6%) {14.1%}
718   ... 
730   -O                                                                        (1 = 0.6%) {14.7%}
731   ... 
744   -O                                                                        (1 = 0.6%) {15.3%}
745   ... 
780   -O                                                                        (1 = 0.6%) {16.0%}
781   -O                                                                        (1 = 0.6%) {16.6%}
782   ... 
786   -O                                                                        (1 = 0.6%) {17.2%}
787   -O                                                                        (1 = 0.6%) {17.8%}
788   ... 
804   -O                                                                        (1 = 0.6%) {18.4%}
805   ... 
900   -O                                                                        (1 = 0.6%) {19.0%}
901   -O                                                                        (1 = 0.6%) {19.6%}
902   ... 
907   -O                                                                        (1 = 0.6%) {20.2%}
908   ... 
954   -O                                                                        (1 = 0.6%) {20.9%}
955   ... 
970   -O                                                                        (1 = 0.6%) {21.5%}
971   O                                                                         (0 = 0.0%) {22.1%}
972   -O                                                                        (1 = 0.6%) {22.1%}
973   -O                                                                        (1 = 0.6%) {22.7%}
974   ... 
976   -O                                                                        (1 = 0.6%) {23.3%}
977   ... 
1023  -O                                                                        (1 = 0.6%) {23.9%}
1024  ... 
1069  -O                                                                        (1 = 0.6%) {24.5%}
1070  -O                                                                        (1 = 0.6%) {25.2%}
1071  ... 
1075  -O                                                                        (1 = 0.6%) {25.8%}
1076  -O                                                                        (1 = 0.6%) {26.4%}
1077  ... 
1124  -O                                                                        (1 = 0.6%) {27.0%}
1125  ... 
1302  -O                                                                        (1 = 0.6%) {27.6%}
1303  ... 
1307  -O                                                                        (1 = 0.6%) {28.2%}
1308  ... 
1347  -O                                                                        (1 = 0.6%) {28.8%}
1348  ... 
1351  -O                                                                        (1 = 0.6%) {29.4%}
1352  ... 
1354  -O                                                                        (1 = 0.6%) {30.1%}
1355  ... 
1368  -O                                                                        (1 = 0.6%) {30.7%}
1369  ... 
1417  -O                                                                        (1 = 0.6%) {31.3%}
1418  ... 
1441  -O                                                                        (1 = 0.6%) {31.9%}
1442  ... 
1467  -O                                                                        (1 = 0.6%) {32.5%}
1468  ... 
1502  -O                                                                        (1 = 0.6%) {33.1%}
1503  ... 
1692  -O                                                                        (1 = 0.6%) {33.7%}
1693  -O                                                                        (1 = 0.6%) {34.4%}
1694  ... 
1827  -O                                                                        (1 = 0.6%) {35.0%}
1828  ... 
2013  -O                                                                        (1 = 0.6%) {35.6%}
2014  ... 
2077  -O                                                                        (1 = 0.6%) {36.2%}
2078  ... 
2094  -O                                                                        (1 = 0.6%) {36.8%}
2095  O                                                                         (0 = 0.0%) {37.4%}
2096  -O                                                                        (1 = 0.6%) {37.4%}
2097  ... 
2100  -O                                                                        (1 = 0.6%) {38.0%}
2101  ... 
2112  -O                                                                        (1 = 0.6%) {38.7%}
2113  ... 
2121  -O                                                                        (1 = 0.6%) {39.3%}
2122  ... 
2203  -O                                                                        (1 = 0.6%) {39.9%}
2204  -O                                                                        (1 = 0.6%) {40.5%}
2205  ... 
2217  -O                                                                        (1 = 0.6%) {41.1%}
2218  ... 
2226  -O                                                                        (1 = 0.6%) {41.7%}
2227  O                                                                         (0 = 0.0%) {42.3%}
2228  -O                                                                        (1 = 0.6%) {42.3%}
2229  -O                                                                        (1 = 0.6%) {42.9%}
2230  ... 
2236  -O                                                                        (1 = 0.6%) {43.6%}
2237  ... 
2298  -O                                                                        (1 = 0.6%) {44.2%}
2299  ... 
2314  -O                                                                        (1 = 0.6%) {44.8%}
2315  ... 
2319  -O                                                                        (1 = 0.6%) {45.4%}
2320  ... 
2322  -O                                                                        (1 = 0.6%) {46.0%}
2323  ... 
2347  -O                                                                        (1 = 0.6%) {46.6%}
2348  -O                                                                        (1 = 0.6%) {47.2%}
2349  ... 
2355  -O                                                                        (1 = 0.6%) {47.9%}
2356  ... 
2361  -O                                                                        (1 = 0.6%) {48.5%}
2362  ... 
2387  -O                                                                        (1 = 0.6%) {49.1%}
2388  -O                                                                        (1 = 0.6%) {49.7%}
2389  ... 
2399  -O                                                                        (1 = 0.6%) {50.3%}
2400  ... 
2413  -O                                                                        (1 = 0.6%) {50.9%}
2414  ... 
2429  -O                                                                        (1 = 0.6%) {51.5%}
2430  O                                                                         (0 = 0.0%) {52.1%}
2431  -O                                                                        (1 = 0.6%) {52.1%}
2432  ... 
2518  -O                                                                        (1 = 0.6%) {52.8%}
2519  ... 
2598  -O                                                                        (1 = 0.6%) {53.4%}
2599  ... 
2618  -O                                                                        (1 = 0.6%) {54.0%}
2619  ... 
2654  -O                                                                        (1 = 0.6%) {54.6%}
2655  -O                                                                        (1 = 0.6%) {55.2%}
2656  -O                                                                        (1 = 0.6%) {55.8%}
2657  -O                                                                        (1 = 0.6%) {56.4%}
2658  -O                                                                        (1 = 0.6%) {57.1%}
2659  -O                                                                        (1 = 0.6%) {57.7%}
2660  -O                                                                        (1 = 0.6%) {58.3%}
2661  -O                                                                        (1 = 0.6%) {58.9%}
2662  -O                                                                        (1 = 0.6%) {59.5%}
2663  -O                                                                        (1 = 0.6%) {60.1%}
2664  ... 
2699  -O                                                                        (1 = 0.6%) {60.7%}
2700  -O                                                                        (1 = 0.6%) {61.3%}
2701  -O                                                                        (1 = 0.6%) {62.0%}
2702  -O                                                                        (1 = 0.6%) {62.6%}
2703  -O                                                                        (1 = 0.6%) {63.2%}
2704  -O                                                                        (1 = 0.6%) {63.8%}
2705  -O                                                                        (1 = 0.6%) {64.4%}
2706  -O                                                                        (1 = 0.6%) {65.0%}
2707  -O                                                                        (1 = 0.6%) {65.6%}
2708  ... 
2710  -O                                                                        (1 = 0.6%) {66.3%}
2711  -O                                                                        (1 = 0.6%) {66.9%}
2712  ... 
2716  -O                                                                        (1 = 0.6%) {67.5%}
2717  ... 
2723  -O                                                                        (1 = 0.6%) {68.1%}
2724  ... 
2738  -O                                                                        (1 = 0.6%) {68.7%}
2739  ... 
2769  -O                                                                        (1 = 0.6%) {69.3%}
2770  ... 
2789  -O                                                                        (1 = 0.6%) {69.9%}
2790  -O                                                                        (1 = 0.6%) {70.6%}
2791  -O                                                                        (1 = 0.6%) {71.2%}
2792  -O                                                                        (1 = 0.6%) {71.8%}
2793  ... 
2841  -O                                                                        (1 = 0.6%) {72.4%}
2842  ... 
2903  -O                                                                        (1 = 0.6%) {73.0%}
2904  -O                                                                        (1 = 0.6%) {73.6%}
2905  ... 
2935  -O                                                                        (1 = 0.6%) {74.2%}
2936  ... 
3019  -O                                                                        (1 = 0.6%) {74.8%}
3020  -O                                                                        (1 = 0.6%) {75.5%}
3021  ... 
3066  -O                                                                        (1 = 0.6%) {76.1%}
3067  ... 
3116  -O                                                                        (1 = 0.6%) {76.7%}
3117  ... 
3157  -O                                                                        (1 = 0.6%) {77.3%}
3158  ... 
3189  -O                                                                        (1 = 0.6%) {77.9%}
3190  ... 
3198  -O                                                                        (1 = 0.6%) {78.5%}
3199  ... 
3273  -O                                                                        (1 = 0.6%) {79.1%}
3274  O                                                                         (0 = 0.0%) {79.8%}
3275  -O                                                                        (1 = 0.6%) {79.8%}
3276  ... 
3279  -O                                                                        (1 = 0.6%) {80.4%}
3280  ... 
3307  -O                                                                        (1 = 0.6%) {81.0%}
3308  -O                                                                        (1 = 0.6%) {81.6%}
3309  ... 
3349  -O                                                                        (1 = 0.6%) {82.2%}
3350  ... 
3359  -O                                                                        (1 = 0.6%) {82.8%}
3360  ... 
3409  -O                                                                        (1 = 0.6%) {83.4%}
3410  ... 
3444  -O                                                                        (1 = 0.6%) {84.0%}
3445  ... 
3698  -O                                                                        (1 = 0.6%) {84.7%}
3699  ... 
3789  -O                                                                        (1 = 0.6%) {85.3%}
3790  -O                                                                        (1 = 0.6%) {85.9%}
3791  ... 
3797  -O                                                                        (1 = 0.6%) {86.5%}
3798  ... 
3803  -O                                                                        (1 = 0.6%) {87.1%}
3804  ... 
3870  -O                                                                        (1 = 0.6%) {87.7%}
3871  ... 
3945  -O                                                                        (1 = 0.6%) {88.3%}
3946  ... 
3973  -O                                                                        (1 = 0.6%) {89.0%}
3974  ... 
4007  -O                                                                        (1 = 0.6%) {89.6%}
4008  ... 
4079  -O                                                                        (1 = 0.6%) {90.2%}
4080  ... 
4113  -O                                                                        (1 = 0.6%) {90.8%}
4114  ... 
4177  -O                                                                        (1 = 0.6%) {91.4%}
4178  ... 
4194  -O                                                                        (1 = 0.6%) {92.0%}
4195  O                                                                         (0 = 0.0%) {92.6%}
4196  -O                                                                        (1 = 0.6%) {92.6%}
4197  ... 
4240  -O                                                                        (1 = 0.6%) {93.3%}
4241  O                                                                         (0 = 0.0%) {93.9%}
4242  -O                                                                        (1 = 0.6%) {93.9%}
4243  ... 
4317  -O                                                                        (1 = 0.6%) {94.5%}
4318  ... 
4346  -O                                                                        (1 = 0.6%) {95.1%}
4347  ... 
4372  -O                                                                        (1 = 0.6%) {95.7%}
4373  ... 
4379  -O                                                                        (1 = 0.6%) {96.3%}
4380  ... 
4419  -O                                                                        (1 = 0.6%) {96.9%}
4420  ... 
4561  -O                                                                        (1 = 0.6%) {97.5%}
4562  ... 
4673  -O                                                                        (1 = 0.6%) {98.2%}
4674  ... 
4743  -O                                                                        (1 = 0.6%) {98.8%}
4744  ... 
4994  -O                                                                        (1 = 0.6%) {99.4%}
4995  ... 

Histogram: Blink.UseCounter.PermissionsPolicy.Allow2 recorded 0 samples (flags = 0x1)
0 ... 

Histogram: Blink.UseCounter.PermissionsPolicy.Header2 recorded 0 samples (flags = 0x1)
0 ... 

Histogram: Blink.UseCounter.PermissionsPolicy.Violation.Enforce recorded 0 samples (flags = 0x1)
0 ... 

Histogram: Blink.UseCounter.WebDXFeatures recorded 16 samples, mean = 40.2 (flags = 0x1)
0   ... 
5   -O                                                                        (1 = 6.2%) {0.0%}
6   ... 
8   -O                                                                        (1 = 6.2%) {6.2%}
9   -O                                                                        (1 = 6.2%) {12.5%}
10  O                                                                         (0 = 0.0%) {18.8%}
11  -O                                                                        (1 = 6.2%) {18.8%}
12  ... 
27  -O                                                                        (1 = 6.2%) {25.0%}
28  -O                                                                        (1 = 6.2%) {31.2%}
29  -O                                                                        (1 = 6.2%) {37.5%}
30  ... 
38  -O                                                                        (1 = 6.2%) {43.8%}
39  -O                                                                        (1 = 6.2%) {50.0%}
40  ... 
45  -O                                                                        (1 = 6.2%) {56.2%}
46  -O                                                                        (1 = 6.2%) {62.5%}
47  ... 
58  -O                                                                        (1 = 6.2%) {68.8%}
59  ... 
68  -O                                                                        (1 = 6.2%) {75.0%}
69  ... 
71  -O                                                                        (1 = 6.2%) {81.2%}
72  ... 
79  -O                                                                        (1 = 6.2%) {87.5%}
80  ... 
83  -O                                                                        (1 = 6.2%) {93.8%}
84  ... 

Histogram: Blink.UserDrivenDocumentUpdate.UpdateTime.PreFCP recorded 1 samples, mean = 15.0 (flags = 0x1)
0   ... 
15  -O                                                                        (1 = 100.0%) {0.0%}
21  ... 

Histogram: Bookmarks.BookmarkBar.Shown recorded 1 samples, mean = 0.0 (flags = 0x1)
0  -O                                                                        (1 = 100.0%)
1  ... 

Histogram: Bookmarks.Count.OnProfileLoad3 recorded 1 samples, mean = 0.0 (flags = 0x1)
0  -O                                                                        (1 = 100.0%)
1  ... 

Histogram: Bookmarks.Storage.TimeToLoadAtStartup2 recorded 1 samples, mean = 3006.0 (flags = 0x1)
0     ... 
2990  -O                                                                        (1 = 100.0%) {0.0%}
3553  ... 

Histogram: Bookmarks.Times.OnProfileLoad.TimeSinceAdded3 recorded 1 samples, mean = 0.0 (flags = 0x1)
0  -O                                                                        (1 = 100.0%)
1  ... 

Histogram: Bookmarks.Utilization.OnProfileLoad.PercentageUsed recorded 1 samples, mean = 0.0 (flags = 0x1)
0  -O                                                                        (1 = 100.0%)
1  ... 

Histogram: Bookmarks.Utilization.OnProfileLoad.TotalUnused recorded 1 samples, mean = 0.0 (flags = 0x1)
0  -O                                                                        (1 = 100.0%)
1  ... 

Histogram: Bookmarks.Utilization.OnProfileLoad.TotalUsed recorded 1 samples, mean = 0.0 (flags = 0x1)
0  -O                                                                        (1 = 100.0%)
1  ... 

Histogram: BrotliFilter.CompressionPercent recorded 32 samples, mean = 35.1 (flags = 0x1)
0    ... 
10   -O                                                                        (1 = 3.1%) {0.0%}
11   -O                                                                        (1 = 3.1%) {3.1%}
12   --O                                                                       (2 = 6.2%) {6.2%}
13   -O                                                                        (1 = 3.1%) {12.5%}
14   -O                                                                        (1 = 3.1%) {15.6%}
15   --O                                                                       (2 = 6.2%) {18.8%}
16   O                                                                         (0 = 0.0%) {25.0%}
17   -O                                                                        (1 = 3.1%) {25.0%}
18   -O                                                                        (1 = 3.1%) {28.1%}
19   ... 
22   -O                                                                        (1 = 3.1%) {31.2%}
23   O                                                                         (0 = 0.0%) {34.4%}
24   -O                                                                        (1 = 3.1%) {34.4%}
25   -O                                                                        (1 = 3.1%) {37.5%}
26   -O                                                                        (1 = 3.1%) {40.6%}
27   -O                                                                        (1 = 3.1%) {43.8%}
28   -O                                                                        (1 = 3.1%) {46.9%}
29   ---O                                                                      (3 = 9.4%) {50.0%}
30   -O                                                                        (1 = 3.1%) {59.4%}
31   ... 
33   -O                                                                        (1 = 3.1%) {62.5%}
34   -O                                                                        (1 = 3.1%) {65.6%}
35   O                                                                         (0 = 0.0%) {68.8%}
36   -O                                                                        (1 = 3.1%) {68.8%}
37   ... 
41   -O                                                                        (1 = 3.1%) {71.9%}
42   O                                                                         (0 = 0.0%) {75.0%}
43   -O                                                                        (1 = 3.1%) {75.0%}
44   ... 
48   --O                                                                       (2 = 6.2%) {78.1%}
49   O                                                                         (0 = 0.0%) {84.4%}
50   -O                                                                        (1 = 3.1%) {84.4%}
51   -O                                                                        (1 = 3.1%) {87.5%}
52   ... 
84   -O                                                                        (1 = 3.1%) {90.6%}
85   ... 
101  --O                                                                       (2 = 6.2%) {93.8%}

Histogram: BrotliFilter.Status recorded 32 samples, mean = 1.0 (flags = 0x1)
0  O                                                                         (0 = 0.0%)
1  --------------------------------O                                         (32 = 100.0%) {0.0%}
2  ... 

Histogram: BrotliFilter.UsedMemoryKB recorded 32 samples, mean = 200.6 (flags = 0x1)
0    ... 
16   --O                                                                       (2 = 6.2%) {0.0%}
20   O                                                                         (0 = 0.0%) {6.2%}
25   ----O                                                                     (4 = 12.5%) {6.2%}
31   -----O                                                                    (5 = 15.6%) {18.8%}
39   -O                                                                        (1 = 3.1%) {34.4%}
49   -O                                                                        (1 = 3.1%) {37.5%}
61   ---O                                                                      (3 = 9.4%) {40.6%}
76   --O                                                                       (2 = 6.2%) {50.0%}
95   O                                                                         (0 = 0.0%) {56.2%}
119  --O                                                                       (2 = 6.2%) {56.2%}
149  O                                                                         (0 = 0.0%) {62.5%}
187  --O                                                                       (2 = 6.2%) {62.5%}
234  ... 
367  --------O                                                                 (8 = 25.0%) {68.8%}
460  ... 
722  --O                                                                       (2 = 6.2%) {93.8%}
905  ... 

Histogram: Browser.MainThreadsCongestion.RunningOnly recorded 29 samples, mean = 0.0 (flags = 0x1)
0  -----------------------------O                                            (29 = 100.0%)
1  ... 

Histogram: Browser.MainThreadsCongestion.RunningOnly.Initial recorded 1 samples, mean = 0.0 (flags = 0x1)
0  -O                                                                        (1 = 100.0%)
1  ... 

Histogram: Browser.Responsiveness.IOJanksTotalPerMinute recorded 14 samples, mean = 0.0 (flags = 0x1)
0  --------------O                                                           (14 = 100.0%)
1  ... 

Histogram: Browser.Responsiveness.IOJankyIntervalsPerMinute recorded 14 samples, mean = 0.0 (flags = 0x1)
0  --------------O                                                           (14 = 100.0%)
1  ... 

Histogram: BrowserRenderProcessHost.Cleanup.DelayReason recorded 11 samples, mean = 6.5 (flags = 0x1)
0  ---O                                                                      (3 = 27.3%)
1  ... 
9  --------O                                                                 (8 = 72.7%) {27.3%}
10 ... 

Histogram: BrowserRenderProcessHost.Cleanup.Total recorded 11 samples, mean = 1.0 (flags = 0x1)
0  O                                                                         (0 = 0.0%)
1  -----------O                                                              (11 = 100.0%) {0.0%}
2  O                                                                         (0 = 0.0%) {100.0%}

Histogram: BrowserRenderProcessHost.ExistingRendererIsInitializedAndNotDead recorded 1 samples, mean = 1.0 (flags = 0x1)
0  O                                                                         (0 = 0.0%)
1  -O                                                                        (1 = 100.0%) {0.0%}
2  O                                                                         (0 = 0.0%) {100.0%}

Histogram: BrowserRenderProcessHost.SpareProcessEvictedOtherSpare recorded 2 samples, mean = 0.0 (flags = 0x1)
0  --O                                                                       (2 = 100.0%)
1  ... 

Histogram: BrowserRenderProcessHost.SpareProcessMaybeTakeAction recorded 2 samples, mean = 2.0 (flags = 0x1)
0  -O                                                                        (1 = 50.0%)
1  ... 
4  -O                                                                        (1 = 50.0%) {50.0%}
5  ... 

Histogram: BrowserRenderProcessHost.SpareProcessStartupTime recorded 2 samples, mean = 1580.0 (flags = 0x1)
0     ... 
160   -O                                                                        (1 = 50.0%) {0.0%}
190   ... 
2516  -O                                                                        (1 = 50.0%) {50.0%}
2990  ... 

Histogram: BrowserSwitcher.ExternalGreylistSize recorded 1 samples, mean = 0.0 (flags = 0x1)
0  -O                                                                        (1 = 100.0%)
1  ... 

Histogram: BrowserSwitcher.ExternalSitelistSize recorded 1 samples, mean = 0.0 (flags = 0x1)
0  -O                                                                        (1 = 100.0%)
1  ... 

Histogram: BrowserSwitcher.IeemSitelistSize recorded 1 samples, mean = 0.0 (flags = 0x1)
0  -O                                                                        (1 = 100.0%)
1  ... 

Histogram: BrowsingTopics.BrowsingTopicsState.LoadFinishStatus recorded 1 samples, mean = 1.0 (flags = 0x1)
0  O                                                                         (0 = 0.0%)
1  -O                                                                        (1 = 100.0%) {0.0%}
2  O                                                                         (0 = 0.0%) {100.0%}

Histogram: BrowsingTopics.SiteDataStorage.FileSize.KB recorded 1 samples, mean = 28.0 (flags = 0x1)
0   ... 
28  -O                                                                        (1 = 100.0%) {0.0%}
37  ... 

Histogram: BrowsingTopics.SiteDataStorage.InitStatus recorded 1 samples, mean = 1.0 (flags = 0x1)
0  O                                                                         (0 = 0.0%)
1  -O                                                                        (1 = 100.0%) {0.0%}
2  O                                                                         (0 = 0.0%) {100.0%}

Histogram: CPU.Experimental.CpuEstimationTaskMigrated recorded 2 samples, mean = 0.5 (flags = 0x1)
0  -O                                                                        (1 = 50.0%)
1  -O                                                                        (1 = 50.0%) {50.0%}
2  O                                                                         (0 = 0.0%) {100.0%}

Histogram: CPU.Experimental.CpuEstimationTaskQueuedTime.Performance recorded 2 samples, mean = 47.5 (flags = 0x1)
0   ... 
12  -O                                                                        (1 = 50.0%) {0.0%}
16  ... 
65  -O                                                                        (1 = 50.0%) {50.0%}
86  ... 

Histogram: CPU.Experimental.CpuEstimationTaskThreadTime.Performance recorded 2 samples, mean = 160.0 (flags = 0x1)
0    ... 
113  -O                                                                        (1 = 50.0%) {0.0%}
149  -O                                                                        (1 = 50.0%) {50.0%}
196  ... 

Histogram: CPU.Experimental.CpuEstimationTaskTotalTime.Performance recorded 2 samples, mean = 250.5 (flags = 0x1)
0    ... 
113  -O                                                                        (1 = 50.0%) {0.0%}
149  ... 
340  -O                                                                        (1 = 50.0%) {50.0%}
448  ... 

Histogram: CPU.Experimental.CpuEstimationTaskWallTime.Performance recorded 2 samples, mean = 203.0 (flags = 0x1)
0    ... 
113  -O                                                                        (1 = 50.0%) {0.0%}
149  ... 
258  -O                                                                        (1 = 50.0%) {50.0%}
340  ... 

Histogram: CPU.Experimental.CpuEstimationThreadTimePercent.Performance recorded 2 samples, mean = 83.5 (flags = 0x1)
0   ... 
69  -O                                                                        (1 = 50.0%) {0.0%}
70  ... 
98  -O                                                                        (1 = 50.0%) {50.0%}
99  ... 

Histogram: CPU.Experimental.EstimatedFrequencyAsPercentOfLimit.Performance recorded 1 samples, mean = 152.0 (flags = 0x1)
0    ... 
101  -O                                                                        (1 = 100.0%) {0.0%}

Histogram: CPU.Experimental.EstimatedFrequencyAsPercentOfMax.Performance recorded 1 samples, mean = 152.0 (flags = 0x1)
0    ... 
101  -O                                                                        (1 = 100.0%) {0.0%}

Histogram: Cast.Channel.Certificate recorded 1 samples, mean = 0.0 (flags = 0x1)
0  -O                                                                        (1 = 100.0%)
1  ... 

Histogram: Cast.Channel.Nonce recorded 1 samples, mean = 0.0 (flags = 0x1)
0  -O                                                                        (1 = 100.0%)
1  ... 

Histogram: Cast.Channel.Signature recorded 1 samples, mean = 0.0 (flags = 0x1)
0  -O                                                                        (1 = 100.0%)
1  ... 

Histogram: CertificateType2.BR.Intermediate.ECDSA recorded 16 samples, mean = 256.0 (flags = 0x1)
0    ... 
256  ----------------O                                                         (16 = 100.0%) {0.0%}
257  ... 

Histogram: CertificateType2.BR.Intermediate.RSA recorded 2 samples, mean = 2048.0 (flags = 0x1)
0     ... 
2048  --O                                                                       (2 = 100.0%) {0.0%}
2049  ... 

Histogram: CertificateType2.BR.Leaf.ECDSA recorded 16 samples, mean = 256.0 (flags = 0x1)
0    ... 
256  ----------------O                                                         (16 = 100.0%) {0.0%}
257  ... 

Histogram: CertificateType2.BR.Leaf.RSA recorded 2 samples, mean = 2048.0 (flags = 0x1)
0     ... 
2048  --O                                                                       (2 = 100.0%) {0.0%}
2049  ... 

Histogram: CertificateType2.BR.Root.ECDSA recorded 16 samples, mean = 384.0 (flags = 0x1)
0    ... 
384  ----------------O                                                         (16 = 100.0%) {0.0%}
385  ... 

Histogram: CertificateType2.BR.Root.RSA recorded 2 samples, mean = 2048.0 (flags = 0x1)
0     ... 
2048  --O                                                                       (2 = 100.0%) {0.0%}
2049  ... 

Histogram: ChildProcess.Launched.UtilityProcessHash recorded 10 samples (flags = 0x1)
-2043041185 -O                                                                        (1 = 10.0%)
-1706449158 ---O                                                                      (3 = 30.0%)
-1468742076 -O                                                                        (1 = 10.0%)
331504207   -O                                                                        (1 = 10.0%)
1411170475  -O                                                                        (1 = 10.0%)
1882216268  ---O                                                                      (3 = 30.0%)

Histogram: ChildProcess.ProcessLifetime.Utility recorded 10 samples, mean = 176259.3 (flags = 0x1)
0       ... 
47      --O                                                                       (2 = 20.0%) {0.0%}
64      ----O                                                                     (4 = 40.0%) {20.0%}
87      ... 
294     -O                                                                        (1 = 10.0%) {60.0%}
398     ... 
6118    -O                                                                        (1 = 10.0%) {70.0%}
8289    ... 
788588  --O                                                                       (2 = 20.0%) {80.0%}
1068417 ... 

Histogram: Chrome.ProcessSingleton.NotifyResult recorded 1 samples, mean = 0.0 (flags = 0x1)
0  -O                                                                        (1 = 100.0%)
1  ... 

Histogram: Chrome.ProcessSingleton.TimeToCreate recorded 1 samples, mean = 0.0 (flags = 0x1)
0  -O                                                                        (1 = 100.0%)
10 ... 

Histogram: Chrome.SystemNetworkContextManager.NetworkSandboxState recorded 4 samples, mean = 0.0 (flags = 0x1)
0  ----O                                                                     (4 = 100.0%)
1  ... 

Histogram: ChromeElf.Beacon.RetryAttemptsBeforeSuccess recorded 1 samples, mean = 0.0 (flags = 0x1)
0  -O                                                                        (1 = 100.0%)
1  ... 

Histogram: ChromeElf.Beacon.SetupStatus recorded 1 samples, mean = 1.0 (flags = 0x1)
0  O                                                                         (0 = 0.0%)
1  -O                                                                        (1 = 100.0%) {0.0%}
2  ... 

Histogram: ChromeElf.ExtensionPoint.EnableState recorded 1 samples, mean = 1.0 (flags = 0x1)
0  O                                                                         (0 = 0.0%)
1  -O                                                                        (1 = 100.0%) {0.0%}
2  O                                                                         (0 = 0.0%) {100.0%}

Histogram: ClientHints.CriticalCHRestart recorded 1 samples, mean = 0.0 (flags = 0x1)
0  -O                                                                        (1 = 100.0%)
1  ... 

Histogram: ClientHints.FetchLatency_PrefRead recorded 5 samples, mean = 11.8 (flags = 0x1)
0   ... 
4   -O                                                                        (1 = 20.0%) {0.0%}
6   -O                                                                        (1 = 20.0%) {20.0%}
8   -O                                                                        (1 = 20.0%) {40.0%}
11  -O                                                                        (1 = 20.0%) {60.0%}
15  O                                                                         (0 = 0.0%) {80.0%}
21  -O                                                                        (1 = 20.0%) {80.0%}
29  ... 

Histogram: ClientHints.FetchLatency_PrerenderHost recorded 5 samples, mean = 0.8 (flags = 0x1)
0  --O                                                                       (2 = 40.0%)
1  --O                                                                       (2 = 40.0%) {40.0%}
2  -O                                                                        (1 = 20.0%) {80.0%}
3  ... 

Histogram: ClientHints.FetchLatency_Total recorded 5 samples, mean = 12.6 (flags = 0x1)
0   ... 
4   -O                                                                        (1 = 20.0%) {0.0%}
6   O                                                                         (0 = 0.0%) {20.0%}
8   --O                                                                       (2 = 40.0%) {20.0%}
11  -O                                                                        (1 = 20.0%) {60.0%}
15  O                                                                         (0 = 0.0%) {80.0%}
21  -O                                                                        (1 = 20.0%) {80.0%}
29  ... 

Histogram: ComponentUpdater.Calls recorded 1 samples, mean = 1.0 (flags = 0x1)
0  O                                                                         (0 = 0.0%)
1  -O                                                                        (1 = 100.0%) {0.0%}
2  O                                                                         (0 = 0.0%) {100.0%}

Histogram: ComponentUpdater.UpdateCompleteError recorded 1 samples, mean = 0.0 (flags = 0x1)
0  -O                                                                        (1 = 100.0%)
1  ... 

Histogram: ComponentUpdater.UpdateCompleteResult recorded 1 samples, mean = 0.0 (flags = 0x1)
0  -O                                                                        (1 = 100.0%)
1  ... 

Histogram: ComponentUpdater.UpdateCompleteTime recorded 1 samples, mean = 119686.0 (flags = 0x1)
0       ... 
115118  -O                                                                        (1 = 100.0%) {0.0%}
132874  ... 

Histogram: Compositing.Browser.CompositorFrame.Quads recorded 4 samples, mean = 1.0 (flags = 0x1)
0  O                                                                         (0 = 0.0%)
1  ----O                                                                     (4 = 100.0%) {0.0%}
2  ... 

Histogram: Compositing.Browser.LayerTreeImpl.CalculateDrawPropertiesUs recorded 5 samples, mean = 11.4 (flags = 0x1)
0   ... 
7   --O                                                                       (2 = 40.0%) {0.0%}
9   --O                                                                       (2 = 40.0%) {40.0%}
12  ... 
21  -O                                                                        (1 = 20.0%) {80.0%}
28  ... 

Histogram: Compositing.Browser.LayersUpdateTime recorded 5 samples, mean = 25.6 (flags = 0x1)
0   ... 
6   --O                                                                       (2 = 40.0%) {0.0%}
8   ... 
21  -O                                                                        (1 = 20.0%) {40.0%}
29  O                                                                         (0 = 0.0%) {60.0%}
40  --O                                                                       (2 = 40.0%) {60.0%}
55  ... 

Histogram: Compositing.ColorGamut recorded 5 samples, mean = 0.0 (flags = 0x1)
0  -----O                                                                    (5 = 100.0%)
1  ... 

Histogram: Compositing.DecodeLCPCandidateImage.Hardware recorded 1 samples, mean = 0.0 (flags = 0x1)
0  -O                                                                        (1 = 100.0%)
1  ... 

Histogram: Compositing.DidMainThreadBlockDuringCommit recorded 5 samples, mean = 0.0 (flags = 0x1)
0  -----O                                                                    (5 = 100.0%)
1  ... 

Histogram: Compositing.DirectRenderer.OverlayProcessingUs recorded 5 samples, mean = 0.2 (flags = 0x1)
0  -----O                                                                    (5 = 100.0%)
5  ... 

Histogram: Compositing.DirectRenderer.PartialSwap.ExtraDamage recorded 5 samples, mean = 0.0 (flags = 0x1)
0  -----O                                                                    (5 = 100.0%)
1  ... 

Histogram: Compositing.DirectRenderer.PartialSwap.FrameBufferDamage recorded 5 samples, mean = 0.0 (flags = 0x1)
0  -----O                                                                    (5 = 100.0%)
1  ... 

Histogram: Compositing.DirectRenderer.PartialSwap.RootDamage recorded 5 samples, mean = 100.0 (flags = 0x1)
0    ... 
100  -----O                                                                    (5 = 100.0%) {0.0%}
101  O                                                                         (0 = 0.0%) {100.0%}

Histogram: Compositing.DirectRenderer.PartialSwap.TotalDamage recorded 5 samples, mean = 100.0 (flags = 0x1)
0    ... 
100  -----O                                                                    (5 = 100.0%) {0.0%}
101  O                                                                         (0 = 0.0%) {100.0%}

Histogram: Compositing.DirectRenderer.SkipAllNonRootRenderPassesPerFrame recorded 2 samples, mean = 0.0 (flags = 0x1)
0  --O                                                                       (2 = 100.0%)
1  ... 

Histogram: Compositing.DirectRenderer.SkipNonRootRenderPass recorded 2 samples, mean = 0.0 (flags = 0x1)
0  --O                                                                       (2 = 100.0%)
1  ... 

Histogram: Compositing.DirectRenderer.TotalPixelsRendered recorded 5 samples, mean = 1.4 (flags = 0x1)
0  O                                                                         (0 = 0.0%)
1  ---O                                                                      (3 = 60.0%) {0.0%}
2  --O                                                                       (2 = 40.0%) {60.0%}
3  ... 

Histogram: Compositing.Display.Draw.Occlusion.Calculation.Time recorded 5 samples, mean = 4.8 (flags = 0x1)
0   O                                                                         (0 = 0.0%)
1   --O                                                                       (2 = 40.0%) {0.0%}
2   -O                                                                        (1 = 20.0%) {40.0%}
3   ... 
7   -O                                                                        (1 = 20.0%) {60.0%}
8   ... 
12  -O                                                                        (1 = 20.0%) {80.0%}
14  ... 

Histogram: Compositing.Display.Draw.Quads recorded 5 samples, mean = 1.8 (flags = 0x1)
0  O                                                                         (0 = 0.0%)
1  ---O                                                                      (3 = 60.0%) {0.0%}
2  O                                                                         (0 = 0.0%) {60.0%}
3  --O                                                                       (2 = 40.0%) {60.0%}
4  ... 

Histogram: Compositing.Display.DrawToSwapUs recorded 5 samples, mean = 3898.4 (flags = 0x1)
0      ... 
275    -O                                                                        (1 = 20.0%) {0.0%}
333    ... 
490    --O                                                                       (2 = 40.0%) {20.0%}
594    ... 
6001   -O                                                                        (1 = 20.0%) {60.0%}
7277   ... 
10700  -O                                                                        (1 = 20.0%) {80.0%}
12974  ... 

Histogram: Compositing.Display.FlattenedRenderPassCount recorded 5 samples, mean = 1.4 (flags = 0x1)
0  O                                                                         (0 = 0.0%)
1  ---O                                                                      (3 = 60.0%) {0.0%}
2  --O                                                                       (2 = 40.0%) {60.0%}
3  ... 

Histogram: Compositing.Display.PendingSwaps recorded 5 samples, mean = 1.0 (flags = 0x1)
0  O                                                                         (0 = 0.0%)
1  -----O                                                                    (5 = 100.0%) {0.0%}
2  ... 

Histogram: Compositing.Display.VizDependencyResolvedToGpuStartedDrawUs recorded 5 samples, mean = 36.4 (flags = 0x1)
0   ... 
18  -O                                                                        (1 = 20.0%) {0.0%}
22  -O                                                                        (1 = 20.0%) {20.0%}
27  -O                                                                        (1 = 20.0%) {40.0%}
33  O                                                                         (0 = 0.0%) {60.0%}
40  -O                                                                        (1 = 20.0%) {60.0%}
49  O                                                                         (0 = 0.0%) {80.0%}
59  -O                                                                        (1 = 20.0%) {80.0%}
72  ... 

Histogram: Compositing.Display.VizScheduledDrawToDependencyResolvedUs recorded 5 samples, mean = 2.6 (flags = 0x1)
0  -----O                                                                    (5 = 100.0%)
5  ... 

Histogram: Compositing.Display.VizScheduledDrawToGpuStartedDrawUs recorded 5 samples, mean = 39.0 (flags = 0x1)
0   ... 
18  -O                                                                        (1 = 20.0%) {0.0%}
22  -O                                                                        (1 = 20.0%) {20.0%}
27  O                                                                         (0 = 0.0%) {40.0%}
33  -O                                                                        (1 = 20.0%) {40.0%}
40  -O                                                                        (1 = 20.0%) {60.0%}
49  O                                                                         (0 = 0.0%) {80.0%}
59  -O                                                                        (1 = 20.0%) {80.0%}
72  ... 

Histogram: Compositing.Renderer.CompositorFrame.Quads recorded 1 samples, mean = 2.0 (flags = 0x1)
0  ... 
2  -O                                                                        (1 = 100.0%) {0.0%}
3  ... 

Histogram: Compositing.Renderer.LayersUpdateTime recorded 2 samples, mean = 43.0 (flags = 0x1)
0   ... 
11  -O                                                                        (1 = 50.0%) {0.0%}
15  ... 
55  -O                                                                        (1 = 50.0%) {50.0%}
76  ... 

Histogram: Compositing.Renderer.NumRenderSurfaces recorded 3 samples, mean = 1.0 (flags = 0x1)
0  O                                                                         (0 = 0.0%)
1  ---O                                                                      (3 = 100.0%) {0.0%}
2  ... 

Histogram: Compositing.SurfaceAggregator.AggregateUs recorded 5 samples, mean = 6590.4 (flags = 0x1)
0      ... 
21     -O                                                                        (1 = 20.0%) {0.0%}
28     -O                                                                        (1 = 20.0%) {20.0%}
37     -O                                                                        (1 = 20.0%) {40.0%}
49     ... 
113    -O                                                                        (1 = 20.0%) {60.0%}
149    ... 
27864  -O                                                                        (1 = 20.0%) {80.0%}
36699  ... 

Histogram: Compositing.SurfaceAggregator.CopiedSurfaceCount recorded 5 samples, mean = 1.4 (flags = 0x1)
0  O                                                                         (0 = 0.0%)
1  ---O                                                                      (3 = 60.0%) {0.0%}
2  --O                                                                       (2 = 40.0%) {60.0%}
3  ... 

Histogram: Compositing.SurfaceAggregator.CopyUs recorded 5 samples, mean = 10.8 (flags = 0x1)
0   ... 
6   -O                                                                        (1 = 20.0%) {0.0%}
7   ... 
9   -O                                                                        (1 = 20.0%) {20.0%}
11  -O                                                                        (1 = 20.0%) {40.0%}
13  -O                                                                        (1 = 20.0%) {60.0%}
15  -O                                                                        (1 = 20.0%) {80.0%}
18  ... 

Histogram: Compositing.SurfaceAggregator.HasCopyRequestsPerFrame recorded 5 samples, mean = 0.2 (flags = 0x1)
0  ----O                                                                     (4 = 80.0%)
1  -O                                                                        (1 = 20.0%) {80.0%}
2  O                                                                         (0 = 0.0%) {100.0%}

Histogram: Compositing.SurfaceAggregator.HasPixelMovingBackdropFiltersPerFrame recorded 5 samples, mean = 0.0 (flags = 0x1)
0  -----O                                                                    (5 = 100.0%)
1  ... 

Histogram: Compositing.SurfaceAggregator.HasPixelMovingFiltersPerFrame recorded 5 samples, mean = 0.0 (flags = 0x1)
0  -----O                                                                    (5 = 100.0%)
1  ... 

Histogram: Compositing.SurfaceAggregator.HasUnembeddedRenderPassesPerFrame recorded 5 samples, mean = 0.0 (flags = 0x1)
0  -----O                                                                    (5 = 100.0%)
1  ... 

Histogram: Compositing.SurfaceAggregator.PrewalkUs recorded 5 samples, mean = 6560.6 (flags = 0x1)
0      ... 
11     -O                                                                        (1 = 20.0%) {0.0%}
13     -O                                                                        (1 = 20.0%) {20.0%}
15     -O                                                                        (1 = 20.0%) {40.0%}
18     ... 
40     -O                                                                        (1 = 20.0%) {60.0%}
47     ... 
10000  -O                                                                        (1 = 20.0%) {80.0%}

Histogram: Compositing.SurfaceAggregator.PrewalkedSurfaceCount recorded 5 samples, mean = 1.4 (flags = 0x1)
0  O                                                                         (0 = 0.0%)
1  ---O                                                                      (3 = 60.0%) {0.0%}
2  --O                                                                       (2 = 40.0%) {60.0%}
3  ... 

Histogram: Compositing.SurfaceManager.MarkForDestructionToDestroy recorded 1 samples, mean = 752.0 (flags = 0x1)
0    ... 
752  -O                                                                        (1 = 100.0%) {0.0%}
894  ... 

Histogram: Content.Classification.OpenGraph recorded 1 samples, mean = 4.0 (flags = 0x1)
0  ... 
4  -O                                                                        (1 = 100.0%) {0.0%}
5  ... 

Histogram: ContentSettings.AllowStorageAccessSync recorded 4 samples, mean = 0.0 (flags = 0x1)
0  ----O                                                                     (4 = 100.0%)
1  ... 

Histogram: ContentSettings.GetContentSetting.Network.Duration recorded 378 samples, mean = 0.5 (flags = 0x1)
0  ------------------------------------------------------------------------O (236 = 62.4%)
1  ---------------------------------O                                        (108 = 28.6%) {62.4%}
2  ---------O                                                                (31 = 8.2%) {91.0%}
3  -O                                                                        (3 = 0.8%) {99.2%}
4  ... 

Histogram: ContentSettings.GetCookieSettingInternal.Duration recorded 117 samples, mean = 5.3 (flags = 0x1)
0   O                                                                         (0 = 0.0%)
1   -------------------------O                                                (25 = 21.4%) {0.0%}
2   --------------------------------O                                         (32 = 27.4%) {21.4%}
3   ---------O                                                                (9 = 7.7%) {48.7%}
4   ----O                                                                     (4 = 3.4%) {56.4%}
5   -----------------O                                                        (17 = 14.5%) {59.8%}
7   ----------O                                                               (10 = 8.5%) {74.4%}
9   -----O                                                                    (5 = 4.3%) {82.9%}
12  -------O                                                                  (7 = 6.0%) {87.2%}
16  -----O                                                                    (5 = 4.3%) {93.2%}
21  --O                                                                       (2 = 1.7%) {97.4%}
28  O                                                                         (0 = 0.0%) {99.1%}
37  -O                                                                        (1 = 0.9%) {99.1%}
49  ... 

Histogram: ContentSettings.NumberOfExceptions recorded 1 samples, mean = 4.0 (flags = 0x1)
0  ... 
4  -O                                                                        (1 = 100.0%) {0.0%}
5  ... 

Histogram: ContentSettings.Popups.StrongBlockerActions recorded 1 samples, mean = 0.0 (flags = 0x1)
0  -O                                                                        (1 = 100.0%)
1  ... 

Histogram: ContentSettings.RegularProfile.DefaultAutoVerifySetting recorded 1 samples, mean = 1.0 (flags = 0x1)
0  O                                                                         (0 = 0.0%)
1  -O                                                                        (1 = 100.0%) {0.0%}
2  ... 

Histogram: ContentSettings.RegularProfile.DefaultAutoplaySetting recorded 1 samples, mean = 1.0 (flags = 0x1)
0  O                                                                         (0 = 0.0%)
1  -O                                                                        (1 = 100.0%) {0.0%}
2  ... 

Histogram: ContentSettings.RegularProfile.DefaultBackgroundSyncSetting recorded 1 samples, mean = 1.0 (flags = 0x1)
0  O                                                                         (0 = 0.0%)
1  -O                                                                        (1 = 100.0%) {0.0%}
2  ... 

Histogram: ContentSettings.RegularProfile.DefaultCookiesSetting recorded 1 samples, mean = 1.0 (flags = 0x1)
0  O                                                                         (0 = 0.0%)
1  -O                                                                        (1 = 100.0%) {0.0%}
2  ... 

Histogram: ContentSettings.RegularProfile.DefaultIdleDetectionSetting recorded 1 samples, mean = 3.0 (flags = 0x1)
0  ... 
3  -O                                                                        (1 = 100.0%) {0.0%}
4  ... 

Histogram: ContentSettings.RegularProfile.DefaultImagesSetting recorded 1 samples, mean = 1.0 (flags = 0x1)
0  O                                                                         (0 = 0.0%)
1  -O                                                                        (1 = 100.0%) {0.0%}
2  ... 

Histogram: ContentSettings.RegularProfile.DefaultJavaScriptSetting recorded 1 samples, mean = 1.0 (flags = 0x1)
0  O                                                                         (0 = 0.0%)
1  -O                                                                        (1 = 100.0%) {0.0%}
2  ... 

Histogram: ContentSettings.RegularProfile.DefaultLocationSetting recorded 1 samples, mean = 3.0 (flags = 0x1)
0  ... 
3  -O                                                                        (1 = 100.0%) {0.0%}
4  ... 

Histogram: ContentSettings.RegularProfile.DefaultMIDISysExSetting recorded 1 samples, mean = 3.0 (flags = 0x1)
0  ... 
3  -O                                                                        (1 = 100.0%) {0.0%}
4  ... 

Histogram: ContentSettings.RegularProfile.DefaultMediaStreamCameraSetting recorded 1 samples, mean = 3.0 (flags = 0x1)
0  ... 
3  -O                                                                        (1 = 100.0%) {0.0%}
4  ... 

Histogram: ContentSettings.RegularProfile.DefaultMediaStreamMicSetting recorded 1 samples, mean = 3.0 (flags = 0x1)
0  ... 
3  -O                                                                        (1 = 100.0%) {0.0%}
4  ... 

Histogram: ContentSettings.RegularProfile.DefaultNotificationsSetting recorded 1 samples, mean = 3.0 (flags = 0x1)
0  ... 
3  -O                                                                        (1 = 100.0%) {0.0%}
4  ... 

Histogram: ContentSettings.RegularProfile.DefaultPopupsSetting recorded 1 samples, mean = 2.0 (flags = 0x1)
0  ... 
2  -O                                                                        (1 = 100.0%) {0.0%}
3  ... 

Histogram: ContentSettings.RegularProfile.DefaultSoundSetting recorded 1 samples, mean = 1.0 (flags = 0x1)
0  O                                                                         (0 = 0.0%)
1  -O                                                                        (1 = 100.0%) {0.0%}
2  ... 

Histogram: ContentSettings.RegularProfile.DefaultStorageAccessSetting recorded 1 samples, mean = 3.0 (flags = 0x1)
0  ... 
3  -O                                                                        (1 = 100.0%) {0.0%}
4  ... 

Histogram: ContentSettings.RegularProfile.DefaultSubresourceFilterSetting recorded 1 samples, mean = 2.0 (flags = 0x1)
0  ... 
2  -O                                                                        (1 = 100.0%) {0.0%}
3  ... 

Histogram: ContentSettings.RegularProfile.DefaultUsbGuardSetting recorded 1 samples, mean = 3.0 (flags = 0x1)
0  ... 
3  -O                                                                        (1 = 100.0%) {0.0%}
4  ... 

Histogram: ContentSettings.RegularProfile.DefaultWebBluetoothGuardSetting recorded 1 samples, mean = 3.0 (flags = 0x1)
0  ... 
3  -O                                                                        (1 = 100.0%) {0.0%}
4  ... 

Histogram: ContentSettings.RegularProfile.Exceptions.3pcd-heuristics-grants recorded 1 samples, mean = 0.0 (flags = 0x1)
0  -O                                                                        (1 = 100.0%)
1  ... 

Histogram: ContentSettings.RegularProfile.Exceptions.3pcd-support recorded 1 samples, mean = 0.0 (flags = 0x1)
0  -O                                                                        (1 = 100.0%)
1  ... 

Histogram: ContentSettings.RegularProfile.Exceptions.abusive-notification-permissions recorded 1 samples, mean = 0.0 (flags = 0x1)
0  -O                                                                        (1 = 100.0%)
1  ... 

Histogram: ContentSettings.RegularProfile.Exceptions.access-to-get-all-screens-media-in-session recorded 1 samples, mean = 0.0 (flags = 0x1)
0  -O                                                                        (1 = 100.0%)
1  ... 

Histogram: ContentSettings.RegularProfile.Exceptions.accessibility-events recorded 1 samples, mean = 0.0 (flags = 0x1)
0  -O                                                                        (1 = 100.0%)
1  ... 

Histogram: ContentSettings.RegularProfile.Exceptions.anti-abuse recorded 1 samples, mean = 0.0 (flags = 0x1)
0  -O                                                                        (1 = 100.0%)
1  ... 

Histogram: ContentSettings.RegularProfile.Exceptions.app-banner recorded 1 samples, mean = 0.0 (flags = 0x1)
0  -O                                                                        (1 = 100.0%)
1  ... 

Histogram: ContentSettings.RegularProfile.Exceptions.ar recorded 1 samples, mean = 0.0 (flags = 0x1)
0  -O                                                                        (1 = 100.0%)
1  ... 

Histogram: ContentSettings.RegularProfile.Exceptions.auto-picture-in-picture recorded 1 samples, mean = 0.0 (flags = 0x1)
0  -O                                                                        (1 = 100.0%)
1  ... 

Histogram: ContentSettings.RegularProfile.Exceptions.auto-select-certificate recorded 1 samples, mean = 0.0 (flags = 0x1)
0  -O                                                                        (1 = 100.0%)
1  ... 

Histogram: ContentSettings.RegularProfile.Exceptions.automatic-downloads recorded 1 samples, mean = 0.0 (flags = 0x1)
0  -O                                                                        (1 = 100.0%)
1  ... 

Histogram: ContentSettings.RegularProfile.Exceptions.automatic-fullscreen recorded 1 samples, mean = 0.0 (flags = 0x1)
0  -O                                                                        (1 = 100.0%)
1  ... 

Histogram: ContentSettings.RegularProfile.Exceptions.autoplay recorded 1 samples, mean = 0.0 (flags = 0x1)
0  -O                                                                        (1 = 100.0%)
1  ... 

Histogram: ContentSettings.RegularProfile.Exceptions.background-sync recorded 1 samples, mean = 0.0 (flags = 0x1)
0  -O                                                                        (1 = 100.0%)
1  ... 

Histogram: ContentSettings.RegularProfile.Exceptions.bluetooth-chooser-data recorded 1 samples, mean = 0.0 (flags = 0x1)
0  -O                                                                        (1 = 100.0%)
1  ... 

Histogram: ContentSettings.RegularProfile.Exceptions.bluetooth-guard recorded 1 samples, mean = 0.0 (flags = 0x1)
0  -O                                                                        (1 = 100.0%)
1  ... 

Histogram: ContentSettings.RegularProfile.Exceptions.bluetooth-scanning recorded 1 samples, mean = 0.0 (flags = 0x1)
0  -O                                                                        (1 = 100.0%)
1  ... 

Histogram: ContentSettings.RegularProfile.Exceptions.camera-pan-tilt-zoom recorded 1 samples, mean = 0.0 (flags = 0x1)
0  -O                                                                        (1 = 100.0%)
1  ... 

Histogram: ContentSettings.RegularProfile.Exceptions.captured-surface-control recorded 1 samples, mean = 0.0 (flags = 0x1)
0  -O                                                                        (1 = 100.0%)
1  ... 

Histogram: ContentSettings.RegularProfile.Exceptions.client-hints recorded 1 samples, mean = 1.0 (flags = 0x1)
0  O                                                                         (0 = 0.0%)
1  -O                                                                        (1 = 100.0%) {0.0%}
2  ... 

Histogram: ContentSettings.RegularProfile.Exceptions.clipboard recorded 1 samples, mean = 0.0 (flags = 0x1)
0  -O                                                                        (1 = 100.0%)
1  ... 

Histogram: ContentSettings.RegularProfile.Exceptions.cookie-controls-metadata recorded 1 samples, mean = 0.0 (flags = 0x1)
0  -O                                                                        (1 = 100.0%)
1  ... 

Histogram: ContentSettings.RegularProfile.Exceptions.cookies recorded 1 samples, mean = 0.0 (flags = 0x1)
0  -O                                                                        (1 = 100.0%)
1  ... 

Histogram: ContentSettings.RegularProfile.Exceptions.cookies.Allow recorded 1 samples, mean = 0.0 (flags = 0x1)
0  -O                                                                        (1 = 100.0%)
1  ... 

Histogram: ContentSettings.RegularProfile.Exceptions.cookies.AllowThirdParty recorded 1 samples, mean = 0.0 (flags = 0x1)
0  -O                                                                        (1 = 100.0%)
1  ... 

Histogram: ContentSettings.RegularProfile.Exceptions.cookies.Block recorded 1 samples, mean = 0.0 (flags = 0x1)
0  -O                                                                        (1 = 100.0%)
1  ... 

Histogram: ContentSettings.RegularProfile.Exceptions.cookies.DomainWildcardAllowThirdParty recorded 1 samples, mean = 0.0 (flags = 0x1)
0  -O                                                                        (1 = 100.0%)
1  ... 

Histogram: ContentSettings.RegularProfile.Exceptions.cookies.SessionOnly recorded 1 samples, mean = 0.0 (flags = 0x1)
0  -O                                                                        (1 = 100.0%)
1  ... 

Histogram: ContentSettings.RegularProfile.Exceptions.cookies.TemporaryAllowThirdParty recorded 1 samples, mean = 0.0 (flags = 0x1)
0  -O                                                                        (1 = 100.0%)
1  ... 

Histogram: ContentSettings.RegularProfile.Exceptions.direct-sockets recorded 1 samples, mean = 0.0 (flags = 0x1)
0  -O                                                                        (1 = 100.0%)
1  ... 

Histogram: ContentSettings.RegularProfile.Exceptions.display-media-system-audio recorded 1 samples, mean = 0.0 (flags = 0x1)
0  -O                                                                        (1 = 100.0%)
1  ... 

Histogram: ContentSettings.RegularProfile.Exceptions.durable-storage recorded 1 samples, mean = 0.0 (flags = 0x1)
0  -O                                                                        (1 = 100.0%)
1  ... 

Histogram: ContentSettings.RegularProfile.Exceptions.fedcm-idp-registration recorded 1 samples, mean = 0.0 (flags = 0x1)
0  -O                                                                        (1 = 100.0%)
1  ... 

Histogram: ContentSettings.RegularProfile.Exceptions.fedcm-idp-signin recorded 1 samples, mean = 1.0 (flags = 0x1)
0  O                                                                         (0 = 0.0%)
1  -O                                                                        (1 = 100.0%) {0.0%}
2  ... 

Histogram: ContentSettings.RegularProfile.Exceptions.fedcm-share recorded 1 samples, mean = 0.0 (flags = 0x1)
0  -O                                                                        (1 = 100.0%)
1  ... 

Histogram: ContentSettings.RegularProfile.Exceptions.file-system-access-chooser-data recorded 1 samples, mean = 0.0 (flags = 0x1)
0  -O                                                                        (1 = 100.0%)
1  ... 

Histogram: ContentSettings.RegularProfile.Exceptions.file-system-access-extended-permission recorded 1 samples, mean = 0.0 (flags = 0x1)
0  -O                                                                        (1 = 100.0%)
1  ... 

Histogram: ContentSettings.RegularProfile.Exceptions.file-system-access-restore-permission recorded 1 samples, mean = 0.0 (flags = 0x1)
0  -O                                                                        (1 = 100.0%)
1  ... 

Histogram: ContentSettings.RegularProfile.Exceptions.file-system-last-picked-directory recorded 1 samples, mean = 0.0 (flags = 0x1)
0  -O                                                                        (1 = 100.0%)
1  ... 

Histogram: ContentSettings.RegularProfile.Exceptions.file-system-read-guard recorded 1 samples, mean = 0.0 (flags = 0x1)
0  -O                                                                        (1 = 100.0%)
1  ... 

Histogram: ContentSettings.RegularProfile.Exceptions.file-system-write-guard recorded 1 samples, mean = 0.0 (flags = 0x1)
0  -O                                                                        (1 = 100.0%)
1  ... 

Histogram: ContentSettings.RegularProfile.Exceptions.formfill-metadata recorded 1 samples, mean = 0.0 (flags = 0x1)
0  -O                                                                        (1 = 100.0%)
1  ... 

Histogram: ContentSettings.RegularProfile.Exceptions.geolocation recorded 1 samples, mean = 0.0 (flags = 0x1)
0  -O                                                                        (1 = 100.0%)
1  ... 

Histogram: ContentSettings.RegularProfile.Exceptions.hid-chooser-data recorded 1 samples, mean = 0.0 (flags = 0x1)
0  -O                                                                        (1 = 100.0%)
1  ... 

Histogram: ContentSettings.RegularProfile.Exceptions.hid-guard recorded 1 samples, mean = 0.0 (flags = 0x1)
0  -O                                                                        (1 = 100.0%)
1  ... 

Histogram: ContentSettings.RegularProfile.Exceptions.http-allowed recorded 1 samples, mean = 0.0 (flags = 0x1)
0  -O                                                                        (1 = 100.0%)
1  ... 

Histogram: ContentSettings.RegularProfile.Exceptions.https-enforced recorded 1 samples, mean = 0.0 (flags = 0x1)
0  -O                                                                        (1 = 100.0%)
1  ... 

Histogram: ContentSettings.RegularProfile.Exceptions.idle-detection recorded 1 samples, mean = 0.0 (flags = 0x1)
0  -O                                                                        (1 = 100.0%)
1  ... 

Histogram: ContentSettings.RegularProfile.Exceptions.images recorded 1 samples, mean = 0.0 (flags = 0x1)
0  -O                                                                        (1 = 100.0%)
1  ... 

Histogram: ContentSettings.RegularProfile.Exceptions.important-site-info recorded 1 samples, mean = 0.0 (flags = 0x1)
0  -O                                                                        (1 = 100.0%)
1  ... 

Histogram: ContentSettings.RegularProfile.Exceptions.insecure-private-network recorded 1 samples, mean = 0.0 (flags = 0x1)
0  -O                                                                        (1 = 100.0%)
1  ... 

Histogram: ContentSettings.RegularProfile.Exceptions.intent-picker-auto-display recorded 1 samples, mean = 0.0 (flags = 0x1)
0  -O                                                                        (1 = 100.0%)
1  ... 

Histogram: ContentSettings.RegularProfile.Exceptions.javascript recorded 1 samples, mean = 0.0 (flags = 0x1)
0  -O                                                                        (1 = 100.0%)
1  ... 

Histogram: ContentSettings.RegularProfile.Exceptions.javascript-jit recorded 1 samples, mean = 0.0 (flags = 0x1)
0  -O                                                                        (1 = 100.0%)
1  ... 

Histogram: ContentSettings.RegularProfile.Exceptions.javascript-optimizer recorded 1 samples, mean = 0.0 (flags = 0x1)
0  -O                                                                        (1 = 100.0%)
1  ... 

Histogram: ContentSettings.RegularProfile.Exceptions.keyboard-lock recorded 1 samples, mean = 0.0 (flags = 0x1)
0  -O                                                                        (1 = 100.0%)
1  ... 

Histogram: ContentSettings.RegularProfile.Exceptions.legacy-cookie-access recorded 1 samples, mean = 0.0 (flags = 0x1)
0  -O                                                                        (1 = 100.0%)
1  ... 

Histogram: ContentSettings.RegularProfile.Exceptions.local-fonts recorded 1 samples, mean = 0.0 (flags = 0x1)
0  -O                                                                        (1 = 100.0%)
1  ... 

Histogram: ContentSettings.RegularProfile.Exceptions.media-engagement recorded 1 samples, mean = 1.0 (flags = 0x1)
0  O                                                                         (0 = 0.0%)
1  -O                                                                        (1 = 100.0%) {0.0%}
2  ... 

Histogram: ContentSettings.RegularProfile.Exceptions.media-stream-camera recorded 1 samples, mean = 0.0 (flags = 0x1)
0  -O                                                                        (1 = 100.0%)
1  ... 

Histogram: ContentSettings.RegularProfile.Exceptions.media-stream-mic recorded 1 samples, mean = 0.0 (flags = 0x1)
0  -O                                                                        (1 = 100.0%)
1  ... 

Histogram: ContentSettings.RegularProfile.Exceptions.midi-sysex recorded 1 samples, mean = 0.0 (flags = 0x1)
0  -O                                                                        (1 = 100.0%)
1  ... 

Histogram: ContentSettings.RegularProfile.Exceptions.mixed-script recorded 1 samples, mean = 0.0 (flags = 0x1)
0  -O                                                                        (1 = 100.0%)
1  ... 

Histogram: ContentSettings.RegularProfile.Exceptions.nfc-devices recorded 1 samples, mean = 0.0 (flags = 0x1)
0  -O                                                                        (1 = 100.0%)
1  ... 

Histogram: ContentSettings.RegularProfile.Exceptions.notification-interactions recorded 1 samples, mean = 0.0 (flags = 0x1)
0  -O                                                                        (1 = 100.0%)
1  ... 

Histogram: ContentSettings.RegularProfile.Exceptions.notification-permission-review recorded 1 samples, mean = 0.0 (flags = 0x1)
0  -O                                                                        (1 = 100.0%)
1  ... 

Histogram: ContentSettings.RegularProfile.Exceptions.notifications recorded 1 samples, mean = 0.0 (flags = 0x1)
0  -O                                                                        (1 = 100.0%)
1  ... 

Histogram: ContentSettings.RegularProfile.Exceptions.password-protection recorded 1 samples, mean = 0.0 (flags = 0x1)
0  -O                                                                        (1 = 100.0%)
1  ... 

Histogram: ContentSettings.RegularProfile.Exceptions.payment-handler recorded 1 samples, mean = 0.0 (flags = 0x1)
0  -O                                                                        (1 = 100.0%)
1  ... 

Histogram: ContentSettings.RegularProfile.Exceptions.permission-autoblocking-data recorded 1 samples, mean = 0.0 (flags = 0x1)
0  -O                                                                        (1 = 100.0%)
1  ... 

Histogram: ContentSettings.RegularProfile.Exceptions.permission-autorevocation-data recorded 1 samples, mean = 0.0 (flags = 0x1)
0  -O                                                                        (1 = 100.0%)
1  ... 

Histogram: ContentSettings.RegularProfile.Exceptions.pointer-lock recorded 1 samples, mean = 0.0 (flags = 0x1)
0  -O                                                                        (1 = 100.0%)
1  ... 

Histogram: ContentSettings.RegularProfile.Exceptions.popups recorded 1 samples, mean = 0.0 (flags = 0x1)
0  -O                                                                        (1 = 100.0%)
1  ... 

Histogram: ContentSettings.RegularProfile.Exceptions.popups.Allow recorded 1 samples, mean = 0.0 (flags = 0x1)
0  -O                                                                        (1 = 100.0%)
1  ... 

Histogram: ContentSettings.RegularProfile.Exceptions.popups.Block recorded 1 samples, mean = 0.0 (flags = 0x1)
0  -O                                                                        (1 = 100.0%)
1  ... 

Histogram: ContentSettings.RegularProfile.Exceptions.private-network-chooser-data recorded 1 samples, mean = 0.0 (flags = 0x1)
0  -O                                                                        (1 = 100.0%)
1  ... 

Histogram: ContentSettings.RegularProfile.Exceptions.private-network-guard recorded 1 samples, mean = 0.0 (flags = 0x1)
0  -O                                                                        (1 = 100.0%)
1  ... 

Histogram: ContentSettings.RegularProfile.Exceptions.protected-media-identifier recorded 1 samples, mean = 0.0 (flags = 0x1)
0  -O                                                                        (1 = 100.0%)
1  ... 

Histogram: ContentSettings.RegularProfile.Exceptions.protocol-handler recorded 1 samples, mean = 0.0 (flags = 0x1)
0  -O                                                                        (1 = 100.0%)
1  ... 

Histogram: ContentSettings.RegularProfile.Exceptions.reduced-accept-language recorded 1 samples, mean = 0.0 (flags = 0x1)
0  -O                                                                        (1 = 100.0%)
1  ... 

Histogram: ContentSettings.RegularProfile.Exceptions.safe-browsing-url-check-data recorded 1 samples, mean = 0.0 (flags = 0x1)
0  -O                                                                        (1 = 100.0%)
1  ... 

Histogram: ContentSettings.RegularProfile.Exceptions.sensors recorded 1 samples, mean = 0.0 (flags = 0x1)
0  -O                                                                        (1 = 100.0%)
1  ... 

Histogram: ContentSettings.RegularProfile.Exceptions.serial-chooser-data recorded 1 samples, mean = 0.0 (flags = 0x1)
0  -O                                                                        (1 = 100.0%)
1  ... 

Histogram: ContentSettings.RegularProfile.Exceptions.serial-guard recorded 1 samples, mean = 0.0 (flags = 0x1)
0  -O                                                                        (1 = 100.0%)
1  ... 

Histogram: ContentSettings.RegularProfile.Exceptions.site-engagement recorded 1 samples, mean = 1.0 (flags = 0x1)
0  O                                                                         (0 = 0.0%)
1  -O                                                                        (1 = 100.0%) {0.0%}
2  ... 

Histogram: ContentSettings.RegularProfile.Exceptions.sound recorded 1 samples, mean = 0.0 (flags = 0x1)
0  -O                                                                        (1 = 100.0%)
1  ... 

Histogram: ContentSettings.RegularProfile.Exceptions.speaker-selection recorded 1 samples, mean = 0.0 (flags = 0x1)
0  -O                                                                        (1 = 100.0%)
1  ... 

Histogram: ContentSettings.RegularProfile.Exceptions.ssl-cert-decisions recorded 1 samples, mean = 0.0 (flags = 0x1)
0  -O                                                                        (1 = 100.0%)
1  ... 

Histogram: ContentSettings.RegularProfile.Exceptions.storage-access recorded 1 samples, mean = 0.0 (flags = 0x1)
0  -O                                                                        (1 = 100.0%)
1  ... 

Histogram: ContentSettings.RegularProfile.Exceptions.storage-access-header-origin-trial recorded 1 samples, mean = 0.0 (flags = 0x1)
0  -O                                                                        (1 = 100.0%)
1  ... 

Histogram: ContentSettings.RegularProfile.Exceptions.storage-access.Allow recorded 1 samples, mean = 0.0 (flags = 0x1)
0  -O                                                                        (1 = 100.0%)
1  ... 

Histogram: ContentSettings.RegularProfile.Exceptions.storage-access.Ask recorded 1 samples, mean = 0.0 (flags = 0x1)
0  -O                                                                        (1 = 100.0%)
1  ... 

Histogram: ContentSettings.RegularProfile.Exceptions.storage-access.Block recorded 1 samples, mean = 0.0 (flags = 0x1)
0  -O                                                                        (1 = 100.0%)
1  ... 

Histogram: ContentSettings.RegularProfile.Exceptions.storage-access.MaxRequester recorded 1 samples, mean = 0.0 (flags = 0x1)
0  -O                                                                        (1 = 100.0%)
1  ... 

Histogram: ContentSettings.RegularProfile.Exceptions.storage-access.MaxTopLevel recorded 1 samples, mean = 0.0 (flags = 0x1)
0  -O                                                                        (1 = 100.0%)
1  ... 

Histogram: ContentSettings.RegularProfile.Exceptions.subresource-filter recorded 1 samples, mean = 0.0 (flags = 0x1)
0  -O                                                                        (1 = 100.0%)
1  ... 

Histogram: ContentSettings.RegularProfile.Exceptions.subresource-filter-data recorded 1 samples, mean = 0.0 (flags = 0x1)
0  -O                                                                        (1 = 100.0%)
1  ... 

Histogram: ContentSettings.RegularProfile.Exceptions.subresource-filter.Allow recorded 1 samples, mean = 0.0 (flags = 0x1)
0  -O                                                                        (1 = 100.0%)
1  ... 

Histogram: ContentSettings.RegularProfile.Exceptions.subresource-filter.Block recorded 1 samples, mean = 0.0 (flags = 0x1)
0  -O                                                                        (1 = 100.0%)
1  ... 

Histogram: ContentSettings.RegularProfile.Exceptions.third-party-storage-partitioning recorded 1 samples, mean = 0.0 (flags = 0x1)
0  -O                                                                        (1 = 100.0%)
1  ... 

Histogram: ContentSettings.RegularProfile.Exceptions.top-level-3pcd-origin-trial recorded 1 samples, mean = 0.0 (flags = 0x1)
0  -O                                                                        (1 = 100.0%)
1  ... 

Histogram: ContentSettings.RegularProfile.Exceptions.top-level-3pcd-support recorded 1 samples, mean = 0.0 (flags = 0x1)
0  -O                                                                        (1 = 100.0%)
1  ... 

Histogram: ContentSettings.RegularProfile.Exceptions.top-level-storage-access recorded 1 samples, mean = 0.0 (flags = 0x1)
0  -O                                                                        (1 = 100.0%)
1  ... 

Histogram: ContentSettings.RegularProfile.Exceptions.tracking-protection recorded 1 samples, mean = 0.0 (flags = 0x1)
0  -O                                                                        (1 = 100.0%)
1  ... 

Histogram: ContentSettings.RegularProfile.Exceptions.tracking-protection.Allow recorded 1 samples, mean = 0.0 (flags = 0x1)
0  -O                                                                        (1 = 100.0%)
1  ... 

Histogram: ContentSettings.RegularProfile.Exceptions.tracking-protection.Block recorded 1 samples, mean = 0.0 (flags = 0x1)
0  -O                                                                        (1 = 100.0%)
1  ... 

Histogram: ContentSettings.RegularProfile.Exceptions.unused-site-permissions recorded 1 samples, mean = 0.0 (flags = 0x1)
0  -O                                                                        (1 = 100.0%)
1  ... 

Histogram: ContentSettings.RegularProfile.Exceptions.usb-chooser-data recorded 1 samples, mean = 0.0 (flags = 0x1)
0  -O                                                                        (1 = 100.0%)
1  ... 

Histogram: ContentSettings.RegularProfile.Exceptions.usb-guard recorded 1 samples, mean = 0.0 (flags = 0x1)
0  -O                                                                        (1 = 100.0%)
1  ... 

Histogram: ContentSettings.RegularProfile.Exceptions.vr recorded 1 samples, mean = 0.0 (flags = 0x1)
0  -O                                                                        (1 = 100.0%)
1  ... 

Histogram: ContentSettings.RegularProfile.Exceptions.webid-api recorded 1 samples, mean = 0.0 (flags = 0x1)
0  -O                                                                        (1 = 100.0%)
1  ... 

Histogram: ContentSettings.RegularProfile.Exceptions.webid-auto-reauthn recorded 1 samples, mean = 0.0 (flags = 0x1)
0  -O                                                                        (1 = 100.0%)
1  ... 

Histogram: ContentSettings.RegularProfile.Exceptions.window-placement recorded 1 samples, mean = 0.0 (flags = 0x1)
0  -O                                                                        (1 = 100.0%)
1  ... 

Histogram: Conversions.DelayOnAttestationsLoaded recorded 1 samples, mean = 3334.0 (flags = 0x1)
0     ... 
3283  -O                                                                        (1 = 100.0%) {0.0%}
4219  ... 

Histogram: Cookie.ClockSkew.AddMinutes recorded 3 samples, mean = 0.0 (flags = 0x1)
0  ---O                                                                      (3 = 100.0%)
1  ... 

Histogram: Cookie.ClockSkew.AddMinutes12To24Hours recorded 3 samples, mean = 0.0 (flags = 0x1)
0  ---O                                                                      (3 = 100.0%)
720... 

Histogram: Cookie.ClockSkew.ExpiredWithoutSkew recorded 3 samples, mean = 0.0 (flags = 0x1)
0  ---O                                                                      (3 = 100.0%)
1  ... 

Histogram: Cookie.CookiePrefix recorded 4 samples, mean = 0.0 (flags = 0x1)
0  ----O                                                                     (4 = 100.0%)
1  ... 

Histogram: Cookie.CookieSchemeRequestScheme recorded 74 samples, mean = 2.0 (flags = 0x1)
0  ... 
2  ------------------------------------------------------------------------O (74 = 100.0%) {0.0%}
3  ... 

Histogram: Cookie.CookieSourceScheme recorded 4 samples, mean = 0.0 (flags = 0x1)
0  ----O                                                                     (4 = 100.0%)
1  ... 

Histogram: Cookie.CookieSourceSchemeName recorded 4 samples, mean = 14.0 (flags = 0x1)
0   ... 
14  ----O                                                                     (4 = 100.0%) {0.0%}
15  ... 

Histogram: Cookie.CrossSiteRedirectType.Read recorded 116 samples, mean = 1.0 (flags = 0x1)
0  O                                                                         (0 = 0.0%)
1  ------------------------------------------------------------------------O (116 = 100.0%) {0.0%}
2  ... 

Histogram: Cookie.CrossSiteRedirectType.Write recorded 4 samples, mean = 1.0 (flags = 0x1)
0  O                                                                         (0 = 0.0%)
1  ----O                                                                     (4 = 100.0%) {0.0%}
2  ... 

Histogram: Cookie.DaysSinceRefreshForRetrieval recorded 3 samples, mean = 1.0 (flags = 0x1)
0  O                                                                         (0 = 0.0%)
1  ---O                                                                      (3 = 100.0%) {0.0%}
2  ... 

Histogram: Cookie.DomainHasNonASCII recorded 4 samples, mean = 0.0 (flags = 0x1)
0  ----O                                                                     (4 = 100.0%)
1  ... 

Histogram: Cookie.DomainSet recorded 4 samples, mean = 1.0 (flags = 0x1)
0  O                                                                         (0 = 0.0%)
1  ----O                                                                     (4 = 100.0%) {0.0%}
2  O                                                                         (0 = 0.0%) {100.0%}

Histogram: Cookie.DoubleUnderscorePrefixedName recorded 4 samples, mean = 0.5 (flags = 0x1)
0  --O                                                                       (2 = 50.0%)
1  --O                                                                       (2 = 50.0%) {50.0%}
2  O                                                                         (0 = 0.0%) {100.0%}

Histogram: Cookie.ExpirationDuration400DaysLTE recorded 3 samples, mean = 121.7 (flags = 0x1)
0    --O                                                                       (2 = 66.7%)
1    ... 
364  -O                                                                        (1 = 33.3%) {66.7%}
400  O                                                                         (0 = 0.0%) {100.0%}

Histogram: Cookie.ExpirationDurationMinutesSecure recorded 3 samples, mean = 175220.0 (flags = 0x1)
0       ... 
26      --O                                                                       (2 = 66.7%) {0.0%}
36      ... 
429766  -O                                                                        (1 = 33.3%) {66.7%}
587706  ... 

Histogram: Cookie.FirstPartyPartitioned.HasCrossSiteAncestor recorded 41 samples, mean = 0.0 (flags = 0x1)
0  -----------------------------------------O                                (41 = 100.0%)
1  ... 

Histogram: Cookie.FirstPartySets.Browser.DelayedQueriesCount recorded 1 samples, mean = 2.0 (flags = 0x1)
0  ... 
2  -O                                                                        (1 = 100.0%) {0.0%}
3  ... 

Histogram: Cookie.FirstPartySets.Browser.MostDelayedQueryDelta recorded 1 samples, mean = 8193.0 (flags = 0x1)
0     ... 
7083  -O                                                                        (1 = 100.0%) {0.0%}
8416  ... 

Histogram: Cookie.FirstPartySets.ComponentSetsNonfatalErrors recorded 1 samples, mean = 0.0 (flags = 0x1)
0  -O                                                                        (1 = 100.0%)
1  ... 

Histogram: Cookie.FirstPartySets.ComponentSetsParsedSuccessfully recorded 1 samples, mean = 70.0 (flags = 0x1)
0   ... 
67  -O                                                                        (1 = 100.0%) {0.0%}
75  ... 

Histogram: Cookie.FirstPartySets.ContextDelayedQueriesCount recorded 1 samples, mean = 0.0 (flags = 0x1)
0  -O                                                                        (1 = 100.0%)
1  ... 

Histogram: Cookie.FirstPartySets.ContextMostDelayedQueryDelta recorded 1 samples, mean = 0.0 (flags = 0x1)
0  -O                                                                        (1 = 100.0%)
1  ... 

Histogram: Cookie.FirstPartySets.EnqueueingDelay.ContextConfig2 recorded 1 samples, mean = 8149.0 (flags = 0x1)
0     ... 
7083  -O                                                                        (1 = 100.0%) {0.0%}
8416  ... 

Histogram: Cookie.FirstPartySets.InitializationDuration.ContextReadyToServeQueries2 recorded 1 samples, mean = 5273.0 (flags = 0x1)
0     ... 
5017  -O                                                                        (1 = 100.0%) {0.0%}
5961  ... 

Histogram: Cookie.FirstPartySets.InitializationDuration.ReadCommandLineSet2 recorded 1 samples, mean = 67.0 (flags = 0x1)
0   ... 
57  -O                                                                        (1 = 100.0%) {0.0%}
68  ... 

Histogram: Cookie.FirstPartySets.InitializationDuration.ReadComponentSets2 recorded 1 samples, mean = 8193.0 (flags = 0x1)
0     ... 
7083  -O                                                                        (1 = 100.0%) {0.0%}
8416  ... 

Histogram: Cookie.FirstPartySets.InitializationDuration.ReadyToServeQueries2 recorded 1 samples, mean = 8041.0 (flags = 0x1)
0     ... 
7083  -O                                                                        (1 = 100.0%) {0.0%}
8416  ... 

Histogram: Cookie.FirstPartySets.Network.DelayedQueriesCount recorded 1 samples, mean = 0.0 (flags = 0x1)
0  -O                                                                        (1 = 100.0%)
1  ... 

Histogram: Cookie.FirstPartySets.Network.MostDelayedQueryDelta recorded 1 samples, mean = 0.0 (flags = 0x1)
0  -O                                                                        (1 = 100.0%)
1  ... 

Histogram: Cookie.FirstPartySets.ProcessedEntireComponent recorded 1 samples, mean = 1.0 (flags = 0x1)
0  O                                                                         (0 = 0.0%)
1  -O                                                                        (1 = 100.0%) {0.0%}
2  O                                                                         (0 = 0.0%) {100.0%}

Histogram: Cookie.FromStorageWithValidLength recorded 68 samples, mean = 1.0 (flags = 0x1)
0  O                                                                         (0 = 0.0%)
1  --------------------------------------------------------------------O     (68 = 100.0%) {0.0%}
2  O                                                                         (0 = 0.0%) {100.0%}

Histogram: Cookie.HasNonASCII.Name recorded 4 samples, mean = 0.0 (flags = 0x1)
0  ----O                                                                     (4 = 100.0%)
1  ... 

Histogram: Cookie.HasNonASCII.Value recorded 4 samples, mean = 0.0 (flags = 0x1)
0  ----O                                                                     (4 = 100.0%)
1  ... 

Histogram: Cookie.IncludedRequestEffectiveSameSite recorded 114 samples, mean = 0.0 (flags = 0x1)
0  ------------------------------------------------------------------------O (114 = 100.0%)
1  ... 

Histogram: Cookie.IncludedResponseEffectiveSameSite recorded 4 samples, mean = 0.0 (flags = 0x1)
0  ----O                                                                     (4 = 100.0%)
1  ... 

Histogram: Cookie.IsPartitionedValid recorded 1 samples, mean = 1.0 (flags = 0x1)
0  O                                                                         (0 = 0.0%)
1  -O                                                                        (1 = 100.0%) {0.0%}
2  O                                                                         (0 = 0.0%) {100.0%}

Histogram: Cookie.NameOrValueHtab recorded 4 samples, mean = 0.0 (flags = 0x1)
0  ----O                                                                     (4 = 100.0%)
1  ... 

Histogram: Cookie.OnCookiesAccessed.BatchSize recorded 8 samples, mean = 1.1 (flags = 0x1)
0  O                                                                         (0 = 0.0%)
1  -------O                                                                  (7 = 87.5%) {0.0%}
2  -O                                                                        (1 = 12.5%) {87.5%}
3  ... 

Histogram: Cookie.OnCookiesAccessed.TotalAccesses recorded 8 samples, mean = 2.0 (flags = 0x1)
0  O                                                                         (0 = 0.0%)
1  -O                                                                        (1 = 12.5%) {0.0%}
2  ------O                                                                   (6 = 75.0%) {12.5%}
3  -O                                                                        (1 = 12.5%) {87.5%}
4  ... 

Histogram: Cookie.PartitionedCookiesInRequest recorded 38 samples, mean = 1.0 (flags = 0x1)
0  O                                                                         (0 = 0.0%)
1  --------------------------------------O                                   (38 = 100.0%) {0.0%}
2  ... 

Histogram: Cookie.Port.Read.RemoteHost recorded 114 samples, mean = 7.0 (flags = 0x1)
0  ... 
7  ------------------------------------------------------------------------O (114 = 100.0%) {0.0%}
8  ... 

Histogram: Cookie.Port.ReadDiffersFromSet.DomainSet recorded 114 samples, mean = 4.0 (flags = 0x1)
0  ... 
4  ------------------------------------------------------------------------O (114 = 100.0%) {0.0%}
5  O                                                                         (0 = 0.0%) {100.0%}

Histogram: Cookie.Port.ReadDiffersFromSet.RemoteHost recorded 114 samples, mean = 4.0 (flags = 0x1)
0  ... 
4  ------------------------------------------------------------------------O (114 = 100.0%) {0.0%}
5  O                                                                         (0 = 0.0%) {100.0%}

Histogram: Cookie.Port.Set.RemoteHost recorded 4 samples, mean = 7.0 (flags = 0x1)
0  ... 
7  ----O                                                                     (4 = 100.0%) {0.0%}
8  ... 

Histogram: Cookie.RequestSameSiteContext recorded 116 samples, mean = 2.9 (flags = 0x1)
0  -O                                                                        (2 = 1.7%)
1  ... 
3  ------------------------------------------------------------------------O (114 = 98.3%) {1.7%}
4  O                                                                         (0 = 0.0%) {100.0%}

Histogram: Cookie.SameSiteAttributeValue recorded 4 samples, mean = 5.0 (flags = 0x1)
0  ... 
5  ----O                                                                     (4 = 100.0%) {0.0%}
6  ... 

Histogram: Cookie.SameSiteNoneSizeBytes recorded 4 samples, mean = 176.0 (flags = 0x1)
0    ... 
40   -O                                                                        (1 = 25.0%) {0.0%}
48   ... 
160  --O                                                                       (2 = 50.0%) {25.0%}
190  ... 
268  -O                                                                        (1 = 25.0%) {75.0%}
318  ... 

Histogram: Cookie.SameSiteNoneSizeBytes.Partitioned recorded 1 samples, mean = 310.0 (flags = 0x1)
0    ... 
268  -O                                                                        (1 = 100.0%) {0.0%}
318  ... 

Histogram: Cookie.SameSiteNoneSizeBytes.Unpartitioned recorded 3 samples, mean = 131.3 (flags = 0x1)
0    ... 
40   -O                                                                        (1 = 33.3%) {0.0%}
48   ... 
160  --O                                                                       (2 = 66.7%) {33.3%}
190  ... 

Histogram: Cookie.SourceType recorded 7 samples, mean = 1.0 (flags = 0x1)
0  O                                                                         (0 = 0.0%)
1  -------O                                                                  (7 = 100.0%) {0.0%}
2  ... 

Histogram: Cookie.TimeBlockedOnLoad recorded 2 samples, mean = 178.0 (flags = 0x1)
0    ... 
7    -O                                                                        (1 = 50.0%) {0.0%}
9    ... 
345  -O                                                                        (1 = 50.0%) {50.0%}
428  ... 

Histogram: Cookie.TimeInitializeDB recorded 2 samples, mean = 6.5 (flags = 0x1)
0  ... 
6  -O                                                                        (1 = 50.0%) {0.0%}
7  -O                                                                        (1 = 50.0%) {50.0%}
9  ... 

Histogram: Cookie.TimeOpsBlockedDueToGlobalOp recorded 2 samples, mean = 4.0 (flags = 0x1)
0  -O                                                                        (1 = 50.0%)
1  ... 
7  -O                                                                        (1 = 50.0%) {50.0%}
9  ... 

Histogram: Cookie.Type2 recorded 7 samples, mean = 12.6 (flags = 0x1)
0   ... 
4   -O                                                                        (1 = 14.3%) {0.0%}
5   ... 
14  ------O                                                                   (6 = 85.7%) {14.3%}
15  ... 

Histogram: Crypto.TPMDuration.MessageSigningECDSA recorded 1 samples, mean = 229.0 (flags = 0x1)
0    ... 
220  -O                                                                        (1 = 100.0%) {0.0%}
280  ... 

Histogram: Crypto.TPMDuration.NewKeyCreationECDSA recorded 1 samples, mean = 594.0 (flags = 0x1)
0    ... 
574  -O                                                                        (1 = 100.0%) {0.0%}
729  ... 

Histogram: Crypto.TPMDuration.Virtual.MessageSigningECDSA recorded 1 samples, mean = 0.0 (flags = 0x1)
0  -O                                                                        (1 = 100.0%)
1  ... 

Histogram: Crypto.TPMDuration.Virtual.NewKeyCreationECDSA recorded 1 samples, mean = 4.0 (flags = 0x1)
0  ... 
4  -O                                                                        (1 = 100.0%) {0.0%}
5  ... 

Histogram: Crypto.TPMDuration.Virtual.WrappedKeyCreationECDSA recorded 1 samples, mean = 2.0 (flags = 0x1)
0  ... 
2  -O                                                                        (1 = 100.0%) {0.0%}
3  ... 

Histogram: Crypto.TPMDuration.WrappedKeyCreationECDSA recorded 1 samples, mean = 220.0 (flags = 0x1)
0    ... 
220  -O                                                                        (1 = 100.0%) {0.0%}
280  ... 

Histogram: Crypto.TPMOperation.MessageSigningECDSA recorded 1 samples, mean = 1.0 (flags = 0x1)
0  O                                                                         (0 = 0.0%)
1  -O                                                                        (1 = 100.0%) {0.0%}
2  O                                                                         (0 = 0.0%) {100.0%}

Histogram: Crypto.TPMOperation.MessageVerifyECDSA recorded 1 samples, mean = 1.0 (flags = 0x1)
0  O                                                                         (0 = 0.0%)
1  -O                                                                        (1 = 100.0%) {0.0%}
2  O                                                                         (0 = 0.0%) {100.0%}

Histogram: Crypto.TPMOperation.NewKeyCreationECDSA recorded 1 samples, mean = 1.0 (flags = 0x1)
0  O                                                                         (0 = 0.0%)
1  -O                                                                        (1 = 100.0%) {0.0%}
2  O                                                                         (0 = 0.0%) {100.0%}

Histogram: Crypto.TPMOperation.Virtual.MessageSigningECDSA recorded 1 samples, mean = 1.0 (flags = 0x1)
0  O                                                                         (0 = 0.0%)
1  -O                                                                        (1 = 100.0%) {0.0%}
2  O                                                                         (0 = 0.0%) {100.0%}

Histogram: Crypto.TPMOperation.Virtual.MessageVerifyECDSA recorded 1 samples, mean = 1.0 (flags = 0x1)
0  O                                                                         (0 = 0.0%)
1  -O                                                                        (1 = 100.0%) {0.0%}
2  O                                                                         (0 = 0.0%) {100.0%}

Histogram: Crypto.TPMOperation.Virtual.NewKeyCreationECDSA recorded 1 samples, mean = 1.0 (flags = 0x1)
0  O                                                                         (0 = 0.0%)
1  -O                                                                        (1 = 100.0%) {0.0%}
2  O                                                                         (0 = 0.0%) {100.0%}

Histogram: Crypto.TPMOperation.Virtual.WrappedKeyCreationECDSA recorded 1 samples, mean = 1.0 (flags = 0x1)
0  O                                                                         (0 = 0.0%)
1  -O                                                                        (1 = 100.0%) {0.0%}
2  O                                                                         (0 = 0.0%) {100.0%}

Histogram: Crypto.TPMOperation.WrappedKeyCreationECDSA recorded 1 samples, mean = 1.0 (flags = 0x1)
0  O                                                                         (0 = 0.0%)
1  -O                                                                        (1 = 100.0%) {0.0%}
2  O                                                                         (0 = 0.0%) {100.0%}

Histogram: Crypto.TPMSupport2 recorded 1 samples, mean = 2.0 (flags = 0x1)
0  ... 
2  -O                                                                        (1 = 100.0%) {0.0%}
3  O                                                                         (0 = 0.0%) {100.0%}

Histogram: Crypto.TPMSupportType recorded 1 samples, mean = 3.0 (flags = 0x1)
0  ... 
3  -O                                                                        (1 = 100.0%) {0.0%}
4  O                                                                         (0 = 0.0%) {100.0%}

Histogram: Crypto.VirtualKeySupport recorded 1 samples, mean = 2.0 (flags = 0x1)
0  ... 
2  -O                                                                        (1 = 100.0%) {0.0%}
3  O                                                                         (0 = 0.0%) {100.0%}

Histogram: DOMStorage.CommitMeasuredDelay recorded 4 samples, mean = 3691.8 (flags = 0x1)
0     ... 
43    -O                                                                        (1 = 25.0%) {0.0%}
50    ... 
4249  -O                                                                        (1 = 25.0%) {25.0%}
4904  --O                                                                       (2 = 50.0%) {50.0%}
5660  ... 

Histogram: DOMStorage.CommitSizeBytes recorded 2 samples, mean = 1946.5 (flags = 0x1)
0     ... 
1763  --O                                                                       (2 = 100.0%) {0.0%}
1988  ... 

Histogram: DataUse.BytesReceived3.Delegate recorded 28 samples, mean = 4910.4 (flags = 0x1)
0      ... 
64     -O                                                                        (1 = 3.6%) {0.0%}
83     ... 
138    -O                                                                        (1 = 3.6%) {3.6%}
178    --------O                                                                 (8 = 28.6%) {7.1%}
230    -O                                                                        (1 = 3.6%) {35.7%}
297    ----O                                                                     (4 = 14.3%) {39.3%}
383    ---O                                                                      (3 = 10.7%) {53.6%}
494    -O                                                                        (1 = 3.6%) {64.3%}
637    ... 
1059   -O                                                                        (1 = 3.6%) {67.9%}
1366   -O                                                                        (1 = 3.6%) {71.4%}
1761   O                                                                         (0 = 0.0%) {75.0%}
2271   -O                                                                        (1 = 3.6%) {75.0%}
2928   ---O                                                                      (3 = 10.7%) {78.6%}
3776   ... 
8097   -O                                                                        (1 = 3.6%) {89.3%}
10441  ... 
17362  -O                                                                        (1 = 3.6%) {92.9%}
22388  ... 
79817  -O                                                                        (1 = 3.6%) {96.4%}
102923 ... 

Histogram: DataUse.BytesSent3.Delegate recorded 28 samples, mean = 1497.0 (flags = 0x1)
0      ... 
21     -O                                                                        (1 = 3.6%) {0.0%}
28     ... 
49     -O                                                                        (1 = 3.6%) {3.6%}
65     -O                                                                        (1 = 3.6%) {7.1%}
86     O                                                                         (0 = 0.0%) {10.7%}
113    -O                                                                        (1 = 3.6%) {10.7%}
149    O                                                                         (0 = 0.0%) {14.3%}
196    -O                                                                        (1 = 3.6%) {14.3%}
258    ----O                                                                     (4 = 14.3%) {17.9%}
340    ---O                                                                      (3 = 10.7%) {32.1%}
448    --O                                                                       (2 = 7.1%) {42.9%}
590    --O                                                                       (2 = 7.1%) {50.0%}
777    -O                                                                        (1 = 3.6%) {57.1%}
1023   ------O                                                                   (6 = 21.4%) {60.7%}
1347   ---O                                                                      (3 = 10.7%) {82.1%}
1774   ... 
7031   -O                                                                        (1 = 3.6%) {92.9%}
9260   ... 
16063  -O                                                                        (1 = 3.6%) {96.4%}
21156  ... 

Histogram: DefaultBrowser.State recorded 1 samples, mean = 0.0 (flags = 0x1)
0  -O                                                                        (1 = 100.0%)
1  ... 

Histogram: DiskCache.0.Error recorded 1 samples, mean = 0.0 (flags = 0x1)
0  -O                                                                        (1 = 100.0%)
1  ... 

Histogram: DiskCache.0.TotalIOTimeRead recorded 108 samples, mean = 0.4 (flags = 0x1)
0  ------------------------------------------------------------------------O (75 = 69.4%)
1  ------------------------O                                                 (25 = 23.1%) {69.4%}
2  -------O                                                                  (7 = 6.5%) {92.6%}
3  -O                                                                        (1 = 0.9%) {99.1%}
4  ... 

Histogram: DiskCache.0.TotalIOTimeWrite recorded 40 samples, mean = 0.0 (flags = 0x1)
0  ----------------------------------------O                                 (40 = 100.0%)
1  ... 

Histogram: Download.Database.IsAvailable recorded 1 samples, mean = 1.0 (flags = 0x1)
0  O                                                                         (0 = 0.0%)
1  -O                                                                        (1 = 100.0%) {0.0%}
2  O                                                                         (0 = 0.0%) {100.0%}

Histogram: Download.Service.Db.Operation.Success recorded 1 samples, mean = 0.0 (flags = 0x1)
0  -O                                                                        (1 = 100.0%)
1  ... 

Histogram: Download.Service.Db.Records recorded 1 samples, mean = 0.0 (flags = 0x1)
0  -O                                                                        (1 = 100.0%)
1  ... 

Histogram: Download.Service.Db.Records.Active recorded 1 samples, mean = 0.0 (flags = 0x1)
0  -O                                                                        (1 = 100.0%)
1  ... 

Histogram: Download.Service.Db.Records.Available recorded 1 samples, mean = 0.0 (flags = 0x1)
0  -O                                                                        (1 = 100.0%)
1  ... 

Histogram: Download.Service.Db.Records.Complete recorded 1 samples, mean = 0.0 (flags = 0x1)
0  -O                                                                        (1 = 100.0%)
1  ... 

Histogram: Download.Service.Db.Records.New recorded 1 samples, mean = 0.0 (flags = 0x1)
0  -O                                                                        (1 = 100.0%)
1  ... 

Histogram: Download.Service.Db.Records.Paused recorded 1 samples, mean = 0.0 (flags = 0x1)
0  -O                                                                        (1 = 100.0%)
1  ... 

Histogram: Download.Service.Files.CleanUp.External recorded 3 samples, mean = 0.0 (flags = 0x1)
0  ---O                                                                      (3 = 100.0%)
1  ... 

Histogram: Download.Service.Files.CleanUp.External.Orphaned recorded 1 samples, mean = 0.0 (flags = 0x1)
0  -O                                                                        (1 = 100.0%)
1  ... 

Histogram: Download.Service.Files.CleanUp.External.Timeout recorded 1 samples, mean = 0.0 (flags = 0x1)
0  -O                                                                        (1 = 100.0%)
1  ... 

Histogram: Download.Service.Files.CleanUp.External.Unknown recorded 1 samples, mean = 0.0 (flags = 0x1)
0  -O                                                                        (1 = 100.0%)
1  ... 

Histogram: Download.Service.Files.CleanUp.Failure recorded 3 samples, mean = 0.0 (flags = 0x1)
0  ---O                                                                      (3 = 100.0%)
1  ... 

Histogram: Download.Service.Files.CleanUp.Failure.Orphaned recorded 1 samples, mean = 0.0 (flags = 0x1)
0  -O                                                                        (1 = 100.0%)
1  ... 

Histogram: Download.Service.Files.CleanUp.Failure.Timeout recorded 1 samples, mean = 0.0 (flags = 0x1)
0  -O                                                                        (1 = 100.0%)
1  ... 

Histogram: Download.Service.Files.CleanUp.Failure.Unknown recorded 1 samples, mean = 0.0 (flags = 0x1)
0  -O                                                                        (1 = 100.0%)
1  ... 

Histogram: Download.Service.Files.CleanUp.Success recorded 3 samples, mean = 0.0 (flags = 0x1)
0  ---O                                                                      (3 = 100.0%)
1  ... 

Histogram: Download.Service.Files.CleanUp.Success.Orphaned recorded 1 samples, mean = 0.0 (flags = 0x1)
0  -O                                                                        (1 = 100.0%)
1  ... 

Histogram: Download.Service.Files.CleanUp.Success.Timeout recorded 1 samples, mean = 0.0 (flags = 0x1)
0  -O                                                                        (1 = 100.0%)
1  ... 

Histogram: Download.Service.Files.CleanUp.Success.Unknown recorded 1 samples, mean = 0.0 (flags = 0x1)
0  -O                                                                        (1 = 100.0%)
1  ... 

Histogram: Download.Service.StartUpStatus.Initialization recorded 1 samples, mean = 0.0 (flags = 0x1)
0  -O                                                                        (1 = 100.0%)
1  ... 

Histogram: Enterprise.TimeToFirstPolicyLoad.Profile.Unmanaged recorded 1 samples, mean = 0.0 (flags = 0x1)
0  -O                                                                        (1 = 100.0%)
1  ... 

Histogram: EnterpriseCheck.AzureADJoinStatusCheckTime recorded 1 samples, mean = 15.0 (flags = 0x1)
0   ... 
14  -O                                                                        (1 = 100.0%) {0.0%}
17  ... 

Histogram: Event.GestureCreated recorded 2 samples, mean = 12.0 (flags = 0x1)
0   ... 
12  --O                                                                       (2 = 100.0%) {0.0%}
13  ... 

Histogram: Extension.Toolbar.BrowserActionsCount2 recorded 1 samples, mean = 0.0 (flags = 0x1)
0  -O                                                                        (1 = 100.0%)
1  ... 

Histogram: ExtensionToolbarModel.BrowserActionsCount recorded 1 samples, mean = 0.0 (flags = 0x1)
0  -O                                                                        (1 = 100.0%)
1  ... 

Histogram: Extensions.AppLocation2 recorded 1 samples, mean = 5.0 (flags = 0x1)
0  ... 
5  -O                                                                        (1 = 100.0%) {0.0%}
6  ... 

Histogram: Extensions.CorruptExtensionTotalDisables recorded 1 samples, mean = 0.0 (flags = 0x1)
0  -O                                                                        (1 = 100.0%)
1  ... 

Histogram: Extensions.CorruptExtensionTotalDisables2 recorded 1 samples, mean = 0.0 (flags = 0x1)
0  -O                                                                        (1 = 100.0%)
1  ... 

Histogram: Extensions.Database.Open.State recorded 1 samples, mean = 0.0 (flags = 0x1)
0  -O                                                                        (1 = 100.0%)
1  ... 

Histogram: Extensions.DeveloperModeEnabled recorded 2 samples, mean = 0.0 (flags = 0x1)
0  --O                                                                       (2 = 100.0%)
1  ... 

Histogram: Extensions.DidCreateScriptContext_Unspecified recorded 1 samples, mean = 0.0 (flags = 0x1)
0  -O                                                                        (1 = 100.0%)
1  ... 

Histogram: Extensions.DidCreateScriptContext_WebPage recorded 3 samples, mean = 0.0 (flags = 0x1)
0  ---O                                                                      (3 = 100.0%)
1  ... 

Histogram: Extensions.Disabled recorded 1 samples, mean = 0.0 (flags = 0x1)
0  -O                                                                        (1 = 100.0%)
1  ... 

Histogram: Extensions.Disabled2 recorded 1 samples, mean = 0.0 (flags = 0x1)
0  -O                                                                        (1 = 100.0%)
1  ... 

Histogram: Extensions.DisabledForPermissions recorded 1 samples, mean = 0.0 (flags = 0x1)
0  -O                                                                        (1 = 100.0%)
1  ... 

Histogram: Extensions.DisabledForPermissions2 recorded 1 samples, mean = 0.0 (flags = 0x1)
0  -O                                                                        (1 = 100.0%)
1  ... 

Histogram: Extensions.EventlessEventPages2 recorded 1 samples, mean = 0.0 (flags = 0x1)
0  -O                                                                        (1 = 100.0%)
1  ... 

Histogram: Extensions.ExtensionLocation recorded 1 samples, mean = 5.0 (flags = 0x1)
0  ... 
5  -O                                                                        (1 = 100.0%) {0.0%}
6  ... 

Histogram: Extensions.ExtensionLocation2 recorded 1 samples, mean = 5.0 (flags = 0x1)
0  ... 
5  -O                                                                        (1 = 100.0%) {0.0%}
6  ... 

Histogram: Extensions.ExtensionsWithPageActions recorded 1 samples, mean = 0.0 (flags = 0x1)
0  -O                                                                        (1 = 100.0%)
1  ... 

Histogram: Extensions.ExternalRegistryLoaderWin recorded 1 samples, mean = 0.0
0  -O                                                                        (1 = 100.0%)
1  ... 

Histogram: Extensions.HomepageOverrides recorded 1 samples, mean = 0.0 (flags = 0x1)
0  -O                                                                        (1 = 100.0%)
1  ... 

Histogram: Extensions.HomepageOverrides2 recorded 1 samples, mean = 0.0 (flags = 0x1)
0  -O                                                                        (1 = 100.0%)
1  ... 

Histogram: Extensions.InjectEnd_ScriptCount recorded 3 samples, mean = 0.0 (flags = 0x1)
0  ---O                                                                      (3 = 100.0%)
1  ... 

Histogram: Extensions.InjectIdle_ScriptCount recorded 3 samples, mean = 0.0 (flags = 0x1)
0  ---O                                                                      (3 = 100.0%)
1  ... 

Histogram: Extensions.InjectStart_CssCount recorded 5 samples, mean = 0.0 (flags = 0x1)
0  -----O                                                                    (5 = 100.0%)
1  ... 

Histogram: Extensions.InjectStart_ScriptCount recorded 5 samples, mean = 0.0 (flags = 0x1)
0  -----O                                                                    (5 = 100.0%)
1  ... 

Histogram: Extensions.LoadAll recorded 1 samples, mean = 2.0 (flags = 0x1)
0  ... 
2  -O                                                                        (1 = 100.0%) {0.0%}
3  ... 

Histogram: Extensions.LoadAll2 recorded 1 samples, mean = 2.0 (flags = 0x1)
0  ... 
2  -O                                                                        (1 = 100.0%) {0.0%}
3  ... 

Histogram: Extensions.LoadAllComponentTime recorded 1 samples, mean = 0.0 (flags = 0x1)
0  -O                                                                        (1 = 100.0%)
1  ... 

Histogram: Extensions.LoadAllComponentTime.User recorded 1 samples, mean = 0.0 (flags = 0x1)
0  -O                                                                        (1 = 100.0%)
1  ... 

Histogram: Extensions.LoadAllTime2 recorded 1 samples, mean = 0.0 (flags = 0x1)
0  -O                                                                        (1 = 100.0%)
1  ... 

Histogram: Extensions.LoadAllTime2.User recorded 1 samples, mean = 0.0 (flags = 0x1)
0  -O                                                                        (1 = 100.0%)
1  ... 

Histogram: Extensions.LoadApp recorded 1 samples, mean = 0.0 (flags = 0x1)
0  -O                                                                        (1 = 100.0%)
1  ... 

Histogram: Extensions.LoadApp2 recorded 1 samples, mean = 0.0 (flags = 0x1)
0  -O                                                                        (1 = 100.0%)
1  ... 

Histogram: Extensions.LoadAppExternal recorded 1 samples, mean = 0.0 (flags = 0x1)
0  -O                                                                        (1 = 100.0%)
1  ... 

Histogram: Extensions.LoadAppExternal2 recorded 1 samples, mean = 0.0 (flags = 0x1)
0  -O                                                                        (1 = 100.0%)
1  ... 

Histogram: Extensions.LoadAppUser recorded 1 samples, mean = 0.0 (flags = 0x1)
0  -O                                                                        (1 = 100.0%)
1  ... 

Histogram: Extensions.LoadAppUser2 recorded 1 samples, mean = 0.0 (flags = 0x1)
0  -O                                                                        (1 = 100.0%)
1  ... 

Histogram: Extensions.LoadBrowserAction recorded 1 samples, mean = 0.0 (flags = 0x1)
0  -O                                                                        (1 = 100.0%)
1  ... 

Histogram: Extensions.LoadBrowserAction2 recorded 1 samples, mean = 0.0 (flags = 0x1)
0  -O                                                                        (1 = 100.0%)
1  ... 

Histogram: Extensions.LoadExtension recorded 1 samples, mean = 0.0 (flags = 0x1)
0  -O                                                                        (1 = 100.0%)
1  ... 

Histogram: Extensions.LoadExtension2 recorded 1 samples, mean = 0.0 (flags = 0x1)
0  -O                                                                        (1 = 100.0%)
1  ... 

Histogram: Extensions.LoadExtensionExternal recorded 1 samples, mean = 0.0 (flags = 0x1)
0  -O                                                                        (1 = 100.0%)
1  ... 

Histogram: Extensions.LoadExtensionExternal2 recorded 1 samples, mean = 0.0 (flags = 0x1)
0  -O                                                                        (1 = 100.0%)
1  ... 

Histogram: Extensions.LoadExtensionUser2 recorded 1 samples, mean = 0.0 (flags = 0x1)
0  -O                                                                        (1 = 100.0%)
1  ... 

Histogram: Extensions.LoadHostedApp recorded 1 samples, mean = 0.0 (flags = 0x1)
0  -O                                                                        (1 = 100.0%)
1  ... 

Histogram: Extensions.LoadHostedApp2 recorded 1 samples, mean = 0.0 (flags = 0x1)
0  -O                                                                        (1 = 100.0%)
1  ... 

Histogram: Extensions.LoadNoExtensionAction recorded 1 samples, mean = 0.0 (flags = 0x1)
0  -O                                                                        (1 = 100.0%)
1  ... 

Histogram: Extensions.LoadNoExtensionAction2 recorded 1 samples, mean = 0.0 (flags = 0x1)
0  -O                                                                        (1 = 100.0%)
1  ... 

Histogram: Extensions.LoadOffStoreItems recorded 1 samples, mean = 0.0 (flags = 0x1)
0  -O                                                                        (1 = 100.0%)
1  ... 

Histogram: Extensions.LoadOffStoreItems2 recorded 1 samples, mean = 0.0 (flags = 0x1)
0  -O                                                                        (1 = 100.0%)
1  ... 

Histogram: Extensions.LoadPackagedApp recorded 1 samples, mean = 0.0 (flags = 0x1)
0  -O                                                                        (1 = 100.0%)
1  ... 

Histogram: Extensions.LoadPackagedApp2 recorded 1 samples, mean = 0.0 (flags = 0x1)
0  -O                                                                        (1 = 100.0%)
1  ... 

Histogram: Extensions.LoadPlatformApp recorded 1 samples, mean = 0.0 (flags = 0x1)
0  -O                                                                        (1 = 100.0%)
1  ... 

Histogram: Extensions.LoadPlatformApp2 recorded 1 samples, mean = 0.0 (flags = 0x1)
0  -O                                                                        (1 = 100.0%)
1  ... 

Histogram: Extensions.LoadTheme recorded 1 samples, mean = 0.0 (flags = 0x1)
0  -O                                                                        (1 = 100.0%)
1  ... 

Histogram: Extensions.LoadTheme2 recorded 1 samples, mean = 0.0 (flags = 0x1)
0  -O                                                                        (1 = 100.0%)
1  ... 

Histogram: Extensions.LoadUserScript recorded 1 samples, mean = 0.0 (flags = 0x1)
0  -O                                                                        (1 = 100.0%)
1  ... 

Histogram: Extensions.LoadUserScript2 recorded 1 samples, mean = 0.0 (flags = 0x1)
0  -O                                                                        (1 = 100.0%)
1  ... 

Histogram: Extensions.Management_Refresh recorded 1 samples, mean = 0.0 (flags = 0x1)
0  -O                                                                        (1 = 100.0%)
1  ... 

Histogram: Extensions.ManifestVersion2Count.Component recorded 1 samples, mean = 1.0 (flags = 0x1)
0  O                                                                         (0 = 0.0%)
1  -O                                                                        (1 = 100.0%) {0.0%}
2  ... 

Histogram: Extensions.ManifestVersion2Count.External recorded 1 samples, mean = 0.0 (flags = 0x1)
0  -O                                                                        (1 = 100.0%)
1  ... 

Histogram: Extensions.ManifestVersion2Count.Internal recorded 1 samples, mean = 0.0 (flags = 0x1)
0  -O                                                                        (1 = 100.0%)
1  ... 

Histogram: Extensions.ManifestVersion2Count.Policy recorded 1 samples, mean = 0.0 (flags = 0x1)
0  -O                                                                        (1 = 100.0%)
1  ... 

Histogram: Extensions.ManifestVersion2Count.Unpacked recorded 1 samples, mean = 0.0 (flags = 0x1)
0  -O                                                                        (1 = 100.0%)
1  ... 

Histogram: Extensions.ManifestVersion3Count.Component recorded 1 samples, mean = 0.0 (flags = 0x1)
0  -O                                                                        (1 = 100.0%)
1  ... 

Histogram: Extensions.ManifestVersion3Count.External recorded 1 samples, mean = 0.0 (flags = 0x1)
0  -O                                                                        (1 = 100.0%)
1  ... 

Histogram: Extensions.ManifestVersion3Count.Internal recorded 1 samples, mean = 0.0 (flags = 0x1)
0  -O                                                                        (1 = 100.0%)
1  ... 

Histogram: Extensions.ManifestVersion3Count.Policy recorded 1 samples, mean = 0.0 (flags = 0x1)
0  -O                                                                        (1 = 100.0%)
1  ... 

Histogram: Extensions.ManifestVersion3Count.Unpacked recorded 1 samples, mean = 0.0 (flags = 0x1)
0  -O                                                                        (1 = 100.0%)
1  ... 

Histogram: Extensions.ManifestVersionByLocation.Component recorded 1 samples, mean = 2.0 (flags = 0x1)
0  ... 
2  -O                                                                        (1 = 100.0%) {0.0%}
3  ... 

Histogram: Extensions.ManifestVersionPopulationSplit.Component recorded 1 samples, mean = 1.0 (flags = 0x1)
0  O                                                                         (0 = 0.0%)
1  -O                                                                        (1 = 100.0%) {0.0%}
2  ... 

Histogram: Extensions.ManifestVersionPopulationSplit.External recorded 1 samples, mean = 0.0 (flags = 0x1)
0  -O                                                                        (1 = 100.0%)
1  ... 

Histogram: Extensions.ManifestVersionPopulationSplit.Internal recorded 1 samples, mean = 0.0 (flags = 0x1)
0  -O                                                                        (1 = 100.0%)
1  ... 

Histogram: Extensions.ManifestVersionPopulationSplit.InternalAndExternal recorded 1 samples, mean = 0.0 (flags = 0x1)
0  -O                                                                        (1 = 100.0%)
1  ... 

Histogram: Extensions.ManifestVersionPopulationSplit.Unpacked recorded 1 samples, mean = 0.0 (flags = 0x1)
0  -O                                                                        (1 = 100.0%)
1  ... 

Histogram: Extensions.NewTabPageOverrides recorded 1 samples, mean = 0.0 (flags = 0x1)
0  -O                                                                        (1 = 100.0%)
1  ... 

Histogram: Extensions.NewTabPageOverrides2 recorded 1 samples, mean = 0.0 (flags = 0x1)
0  -O                                                                        (1 = 100.0%)
1  ... 

Histogram: Extensions.NonWebStoreNewTabPageOverrides recorded 1 samples, mean = 0.0 (flags = 0x1)
0  -O                                                                        (1 = 100.0%)
1  ... 

Histogram: Extensions.NonWebStoreNewTabPageOverrides2 recorded 1 samples, mean = 0.0 (flags = 0x1)
0  -O                                                                        (1 = 100.0%)
1  ... 

Histogram: Extensions.NonWebstoreLocation recorded 2 samples, mean = 5.0 (flags = 0x1)
0  ... 
5  --O                                                                       (2 = 100.0%) {0.0%}
6  ... 

Histogram: Extensions.NonWebstoreLocation2 recorded 2 samples, mean = 5.0 (flags = 0x1)
0  ... 
5  --O                                                                       (2 = 100.0%) {0.0%}
6  ... 

Histogram: Extensions.NonWebstoreLocationWithDeveloperModeOff.Enabled3 recorded 2 samples, mean = 5.0 (flags = 0x1)
0  ... 
5  --O                                                                       (2 = 100.0%) {0.0%}
6  ... 

Histogram: Extensions.NotAllowlistedDisabled recorded 1 samples, mean = 0.0 (flags = 0x1)
0  -O                                                                        (1 = 100.0%)
1  ... 

Histogram: Extensions.NotAllowlistedDisabled2 recorded 1 samples, mean = 0.0 (flags = 0x1)
0  -O                                                                        (1 = 100.0%)
1  ... 

Histogram: Extensions.NotAllowlistedEnabled recorded 1 samples, mean = 0.0 (flags = 0x1)
0  -O                                                                        (1 = 100.0%)
1  ... 

Histogram: Extensions.NotAllowlistedEnabled2 recorded 1 samples, mean = 0.0 (flags = 0x1)
0  -O                                                                        (1 = 100.0%)
1  ... 

Histogram: Extensions.ProcessManagerStartupHostsTime2 recorded 1 samples, mean = 0.0 (flags = 0x1)
0  -O                                                                        (1 = 100.0%)
1  ... 

Histogram: Extensions.SearchEngineOverrides recorded 1 samples, mean = 0.0 (flags = 0x1)
0  -O                                                                        (1 = 100.0%)
1  ... 

Histogram: Extensions.SearchEngineOverrides2 recorded 1 samples, mean = 0.0 (flags = 0x1)
0  -O                                                                        (1 = 100.0%)
1  ... 

Histogram: Extensions.StartupPagesOverrides recorded 1 samples, mean = 0.0 (flags = 0x1)
0  -O                                                                        (1 = 100.0%)
1  ... 

Histogram: Extensions.StartupPagesOverrides2 recorded 1 samples, mean = 0.0 (flags = 0x1)
0  -O                                                                        (1 = 100.0%)
1  ... 

Histogram: Extensions.WebRequestBlockingCount recorded 1 samples, mean = 0.0 (flags = 0x1)
0  -O                                                                        (1 = 100.0%)
1  ... 

Histogram: Extensions.WebRequestBlockingCount2 recorded 1 samples, mean = 0.0 (flags = 0x1)
0  -O                                                                        (1 = 100.0%)
1  ... 

Histogram: Extensions.WebRequestCount recorded 1 samples, mean = 0.0 (flags = 0x1)
0  -O                                                                        (1 = 100.0%)
1  ... 

Histogram: Extensions.WebRequestCount2 recorded 1 samples, mean = 0.0 (flags = 0x1)
0  -O                                                                        (1 = 100.0%)
1  ... 

Histogram: FirstPartySets.Database.InitStatus recorded 1 samples, mean = 1.0 (flags = 0x1)
0  O                                                                         (0 = 0.0%)
1  -O                                                                        (1 = 100.0%) {0.0%}
2  ... 

Histogram: FirstPartySets.Database.TransactionFailed recorded 8 samples, mean = 0.0 (flags = 0x1)
0  --------O                                                                 (8 = 100.0%)
1  ... 

Histogram: FirstPartySets.Initialization.ClearSiteDataOutcome recorded 1 samples, mean = 1.0 (flags = 0x1)
0  O                                                                         (0 = 0.0%)
1  -O                                                                        (1 = 100.0%) {0.0%}
2  O                                                                         (0 = 0.0%) {100.0%}

Histogram: FirstPartySets.Initialization.SitesToClear.Count recorded 1 samples, mean = 0.0 (flags = 0x1)
0  -O                                                                        (1 = 100.0%)
1  ... 

Histogram: GCM.DelayedTaskControlledReadyTime recorded 1 samples, mean = 8273.0 (flags = 0x1)
0     ... 
8000  -O                                                                        (1 = 100.0%) {0.0%}
10165 ... 

Histogram: GPU.ANGLE.D3DShaderBlobSizeKB recorded 4 samples, mean = 0.5 (flags = 0x1)
0  ----O                                                                     (4 = 100.0%)
1000... 

Histogram: GPU.ANGLE.D3DShaderCompilationTimeUs recorded 4 samples, mean = 2999.8 (flags = 0x1)
0     ... 
1774  -O                                                                        (1 = 25.0%) {0.0%}
2336  --O                                                                       (2 = 50.0%) {25.0%}
3077  O                                                                         (0 = 0.0%) {75.0%}
4053  -O                                                                        (1 = 25.0%) {75.0%}
5338  ... 

Histogram: GPU.BlocklistFeatureTestResults.Accelerated2dCanvas recorded 1 samples, mean = 0.0 (flags = 0x1)
0  -O                                                                        (1 = 100.0%)
1  ... 

Histogram: GPU.BlocklistFeatureTestResults.GpuCompositing recorded 1 samples, mean = 0.0 (flags = 0x1)
0  -O                                                                        (1 = 100.0%)
1  ... 

Histogram: GPU.BlocklistFeatureTestResults.GpuRasterization recorded 1 samples, mean = 0.0 (flags = 0x1)
0  -O                                                                        (1 = 100.0%)
1  ... 

Histogram: GPU.BlocklistFeatureTestResults.Webgl recorded 1 samples, mean = 0.0 (flags = 0x1)
0  -O                                                                        (1 = 100.0%)
1  ... 

Histogram: GPU.BlocklistFeatureTestResults.Webgl2 recorded 1 samples, mean = 0.0 (flags = 0x1)
0  -O                                                                        (1 = 100.0%)
1  ... 

Histogram: GPU.BlocklistFeatureTestResults.Webgpu recorded 1 samples, mean = 2.0 (flags = 0x1)
0  ... 
2  -O                                                                        (1 = 100.0%) {0.0%}
3  ... 

Histogram: GPU.BlocklistTestResultsPerEntry recorded 1 samples, mean = 0.0 (flags = 0x1)
0  -O                                                                        (1 = 100.0%)
1  ... 

Histogram: GPU.CanvasOopRaster.OopRasterAndGpuAcceleration recorded 1 samples, mean = 0.0 (flags = 0x1)
0  -O                                                                        (1 = 100.0%)
1  ... 

Histogram: GPU.CompositingMode recorded 2 samples, mean = 1.0 (flags = 0x1)
0  O                                                                         (0 = 0.0%)
1  --O                                                                       (2 = 100.0%) {0.0%}
2  ... 

Histogram: GPU.D3D12FeatureLevel recorded 1 samples, mean = 2.0 (flags = 0x1)
0  ... 
2  -O                                                                        (1 = 100.0%) {0.0%}
3  ... 

Histogram: GPU.D3D12HighestShaderModel2 recorded 1 samples, mean = 9.0 (flags = 0x1)
0  ... 
9  -O                                                                        (1 = 100.0%) {0.0%}
10 O                                                                         (0 = 0.0%) {100.0%}

Histogram: GPU.DriverBugTestResultsPerEntry recorded 10 samples (flags = 0x1)
0    -O                                                                        (1 = 10.0%)
17   -O                                                                        (1 = 10.0%)
165  -O                                                                        (1 = 10.0%)
206  -O                                                                        (1 = 10.0%)
256  -O                                                                        (1 = 10.0%)
315  -O                                                                        (1 = 10.0%)
403  -O                                                                        (1 = 10.0%)
419  -O                                                                        (1 = 10.0%)
426  -O                                                                        (1 = 10.0%)
430  -O                                                                        (1 = 10.0%)

Histogram: GPU.EstablishGpuChannelSyncTime recorded 2 samples, mean = 163.0 (flags = 0x1)
0    ... 
5    -O                                                                        (1 = 50.0%) {0.0%}
6    ... 
318  -O                                                                        (1 = 50.0%) {50.0%}
378  ... 

Histogram: GPU.EstablishGpuChannelSyncTime.FirstRun recorded 2 samples, mean = 163.0 (flags = 0x1)
0    ... 
5    -O                                                                        (1 = 50.0%) {0.0%}
6    ... 
318  -O                                                                        (1 = 50.0%) {50.0%}
378  ... 

Histogram: GPU.GPUProcessLaunchTime recorded 2 samples, mean = 1551.0 (flags = 0x1)
0     ... 
40    -O                                                                        (1 = 50.0%) {0.0%}
48    ... 
2990  -O                                                                        (1 = 50.0%) {50.0%}
3553  ... 

Histogram: GPU.GPUProcessTerminationStatus2 recorded 1 samples, mean = 4.0 (flags = 0x1)
0  ... 
4  -O                                                                        (1 = 100.0%) {0.0%}
5  ... 

Histogram: GPU.HardwareAccelerationModeEnabled recorded 1 samples, mean = 1.0 (flags = 0x1)
0  O                                                                         (0 = 0.0%)
1  -O                                                                        (1 = 100.0%) {0.0%}
2  O                                                                         (0 = 0.0%) {100.0%}

Histogram: GPU.MultiGpu.Nvidia recorded 1 samples (flags = 0x1)
11545  -O                                                                        (1 = 100.0%)

Histogram: GPU.ProcessLifetimeEvents.HardwareAccelerated recorded 1 samples, mean = 0.0 (flags = 0x1)
0  -O                                                                        (1 = 100.0%)
1  ... 

Histogram: GPU.RasterDecoder.TimeToFlush recorded 1 samples, mean = 746.0 (flags = 0x1)
0    ... 
695  -O                                                                        (1 = 100.0%) {0.0%}
791  ... 

Histogram: GPU.SharedImage.BackingType recorded 3 samples, mean = 8.7 (flags = 0x1)
0   ... 
2   -O                                                                        (1 = 33.3%) {0.0%}
3   ... 
12  --O                                                                       (2 = 66.7%) {33.3%}
13  ... 

Histogram: GPU.SharedImage.ContentConsumed recorded 6 samples, mean = 0.5 (flags = 0x1)
0  ---O                                                                      (3 = 50.0%)
1  ---O                                                                      (3 = 50.0%) {50.0%}
2  O                                                                         (0 = 0.0%) {100.0%}

Histogram: GPU.SkiaBackendType recorded 1 samples, mean = 2.0 (flags = 0x1)
0  ... 
2  -O                                                                        (1 = 100.0%) {0.0%}
3  ... 

Histogram: GPU.SupportsDX12 recorded 1 samples, mean = 1.0 (flags = 0x1)
0  O                                                                         (0 = 0.0%)
1  -O                                                                        (1 = 100.0%) {0.0%}
2  O                                                                         (0 = 0.0%) {100.0%}

Histogram: GPU.WatchdogThread.Event recorded 1 samples, mean = 0.0 (flags = 0x1)
0  -O                                                                        (1 = 100.0%)
1  ... 

Histogram: GPU.WatchdogThread.Event.main recorded 1 samples, mean = 0.0 (flags = 0x1)
0  -O                                                                        (1 = 100.0%)
1  ... 

Histogram: GPU.WatchdogThread.Timeout recorded 43 samples, mean = 0.0 (flags = 0x1)
0  -------------------------------------------O                              (43 = 100.0%)
1  ... 

Histogram: GPU.WatchdogThread.Timeout.Normal recorded 43 samples, mean = 0.0 (flags = 0x1)
0  -------------------------------------------O                              (43 = 100.0%)
1  ... 

Histogram: GPU.WatchdogThread.Timeout.Normal.main recorded 43 samples, mean = 0.0 (flags = 0x1)
0  -------------------------------------------O                              (43 = 100.0%)
1  ... 

Histogram: GPU.WatchdogThread.Timeout.main recorded 43 samples, mean = 0.0 (flags = 0x1)
0  -------------------------------------------O                              (43 = 100.0%)
1  ... 

Histogram: Gaia.AuthFetcher.ListAccounts.NetErrorCodes recorded 1 samples (flags = 0x1)
0  -O                                                                        (1 = 100.0%)

Histogram: Gpu.FenceHandle.CloneCountsPerSubmit recorded 5 samples, mean = 0.0 (flags = 0x1)
0  -----O                                                                    (5 = 100.0%)
1  ... 

Histogram: Gpu.GrCompileShaderUs recorded 4 samples, mean = 475.8 (flags = 0x1)
0    ... 
258  -O                                                                        (1 = 25.0%) {0.0%}
340  -O                                                                        (1 = 25.0%) {25.0%}
448  -O                                                                        (1 = 25.0%) {50.0%}
590  -O                                                                        (1 = 25.0%) {75.0%}
777  ... 

Histogram: Gpu.GrLinkProgramUs recorded 2 samples, mean = 4260.5 (flags = 0x1)
0     ... 
3077  -O                                                                        (1 = 50.0%) {0.0%}
4053  -O                                                                        (1 = 50.0%) {50.0%}
5338  ... 

Histogram: Gpu.PassthroughProgramCacheLoadHitInCache recorded 2 samples, mean = 0.0 (flags = 0x1)
0  --O                                                                       (2 = 100.0%)
1  ... 

Histogram: Gpu.Rasterization.Raster.MSAASampleCountLog2 recorded 1 samples, mean = 0.0 (flags = 0x1)
0  -O                                                                        (1 = 100.0%)
1  ... 

Histogram: HangWatcher.IsThreadHung.BrowserProcess.IOThread.Normal recorded 88 samples, mean = 0.0 (flags = 0x1)
0  ------------------------------------------------------------------------O (88 = 100.0%)
1  ... 

Histogram: HangWatcher.IsThreadHung.BrowserProcess.UIThread.Normal recorded 88 samples, mean = 0.0 (flags = 0x1)
0  ------------------------------------------------------------------------O (88 = 100.0%)
1  ... 

Histogram: HangWatcher.IsThreadHung.RendererProcess.IOThread recorded 86 samples, mean = 0.0 (flags = 0x1)
0  ------------------------------------------------------------------------O (86 = 100.0%)
1  ... 

Histogram: HangWatcher.IsThreadHung.RendererProcess.IOThread.BestEffort recorded 88 samples, mean = 0.0 (flags = 0x1)
0  ------------------------------------------------------------------------O (88 = 100.0%)
1  ... 

Histogram: HangWatcher.IsThreadHung.RendererProcess.MainThread recorded 86 samples, mean = 0.0 (flags = 0x1)
0  ------------------------------------------------------------------------O (86 = 100.0%)
1  ... 

Histogram: HangWatcher.IsThreadHung.RendererProcess.MainThread.BestEffort recorded 88 samples, mean = 0.0 (flags = 0x1)
0  ------------------------------------------------------------------------O (88 = 100.0%)
1  ... 

Histogram: HangWatcher.IsThreadHung.UtilityProcess.IOThread recorded 174 samples, mean = 0.0 (flags = 0x1)
0  ------------------------------------------------------------------------O (174 = 100.0%)
1  ... 

Histogram: HangWatcher.IsThreadHung.UtilityProcess.MainThread recorded 174 samples, mean = 0.0 (flags = 0x1)
0  ------------------------------------------------------------------------O (174 = 100.0%)
1  ... 

Histogram: HangWatcher.SleepDrift.BrowserProcess recorded 436 samples, mean = 6.1 (flags = 0x1)
0   ------------------------------------------------------------------------O (102 = 23.4%)
1   ----------------O                                                         (22 = 5.0%) {23.4%}
2   -------------O                                                            (18 = 4.1%) {28.4%}
3   --------------------O                                                     (28 = 6.4%) {32.6%}
4   -----------------O                                                        (24 = 5.5%) {39.0%}
5   ------------------O                                                       (25 = 5.7%) {44.5%}
6   ----------------------O                                                   (31 = 7.1%) {50.2%}
7   -------------O                                                            (18 = 4.1%) {57.3%}
8   -------------------------O                                                (35 = 8.0%) {61.5%}
10  ----------------------------------O                                       (48 = 11.0%) {69.5%}
12  ----------------------------O                                             (40 = 9.2%) {80.5%}
14  ------------------------------O                                           (43 = 9.9%) {89.7%}
17  ... 
24  -O                                                                        (1 = 0.2%) {99.5%}
29  ... 
40  -O                                                                        (1 = 0.2%) {99.8%}
48  ... 

Histogram: Hardware.Display.Count.OnStartup recorded 1 samples, mean = 1.0 (flags = 0x1)
0  O                                                                         (0 = 0.0%)
1  -O                                                                        (1 = 100.0%) {0.0%}
2  ... 

Histogram: Hardware.Display.SupportsHDR recorded 1 samples, mean = 0.0 (flags = 0x1)
0  -O                                                                        (1 = 100.0%)
1  ... 

Histogram: HeapProfiling.InProcess.Enabled recorded 1 samples, mean = 0.0 (flags = 0x1)
0  -O                                                                        (1 = 100.0%)
1  ... 

Histogram: HeapProfiling.InProcess.Enabled.Browser recorded 1 samples, mean = 0.0 (flags = 0x1)
0  -O                                                                        (1 = 100.0%)
1  ... 

Histogram: Histogram.TooManyBuckets.1000 recorded 4 samples (flags = 0x1)
-2140283801 --O                                                                       (2 = 50.0%)
1721222685  --O                                                                       (2 = 50.0%)

Histogram: History.Backend.TransactionCommitSuccess recorded 2 samples, mean = 1.0 (flags = 0x1)
0  O                                                                         (0 = 0.0%)
1  --O                                                                       (2 = 100.0%) {0.0%}
2  O                                                                         (0 = 0.0%) {100.0%}

Histogram: History.ClearBrowsingData.TaskQueueAtShutdown recorded 1 samples, mean = 0.0 (flags = 0x1)
0  -O                                                                        (1 = 100.0%)
1  ... 

Histogram: History.Clusters.ContextClusterer.VisitProcessingLatency.CleanUpTimer recorded 1 samples, mean = 0.0 (flags = 0x1)
0  -O                                                                        (1 = 100.0%)
1  ... 

Histogram: History.Clusters.ContextClusterer.VisitProcessingLatency.UrlVisited recorded 4 samples, mean = 0.0 (flags = 0x1)
0  ----O                                                                     (4 = 100.0%)
1  ... 

Histogram: History.Clusters.JourneysEligibleAndEnabledAtSessionStart recorded 1 samples, mean = 1.0 (flags = 0x1)
0  O                                                                         (0 = 0.0%)
1  -O                                                                        (1 = 100.0%) {0.0%}
2  O                                                                         (0 = 0.0%) {100.0%}

Histogram: History.Clusters.KeywordCache.LoadCachesFromPrefs.Latency recorded 1 samples, mean = 0.0 (flags = 0x1)
0  -O                                                                        (1 = 100.0%)
1  ... 

Histogram: History.DomainCount1Day_V2 recorded 1 samples, mean = 1.0 (flags = 0x1)
0  O                                                                         (0 = 0.0%)
1  -O                                                                        (1 = 100.0%) {0.0%}
2  ... 

Histogram: History.DomainCount1Day_V3 recorded 1 samples, mean = 1.0 (flags = 0x1)
0  O                                                                         (0 = 0.0%)
1  -O                                                                        (1 = 100.0%) {0.0%}
2  ... 

Histogram: History.DomainCount28Day_V2 recorded 1 samples, mean = 1.0 (flags = 0x1)
0  O                                                                         (0 = 0.0%)
1  -O                                                                        (1 = 100.0%) {0.0%}
2  ... 

Histogram: History.DomainCount28Day_V3 recorded 1 samples, mean = 1.0 (flags = 0x1)
0  O                                                                         (0 = 0.0%)
1  -O                                                                        (1 = 100.0%) {0.0%}
2  ... 

Histogram: History.DomainCount7Day_V2 recorded 1 samples, mean = 1.0 (flags = 0x1)
0  O                                                                         (0 = 0.0%)
1  -O                                                                        (1 = 100.0%) {0.0%}
2  ... 

Histogram: History.DomainCount7Day_V3 recorded 1 samples, mean = 1.0 (flags = 0x1)
0  O                                                                         (0 = 0.0%)
1  -O                                                                        (1 = 100.0%) {0.0%}
2  ... 

Histogram: History.InMemoryDBItemCount recorded 1 samples, mean = 2.0 (flags = 0x1)
0  ... 
2  -O                                                                        (1 = 100.0%) {0.0%}
3  ... 

Histogram: History.TopSites.QueryFromHistoryTime recorded 1 samples, mean = 18.0 (flags = 0x1)
0   ... 
17  -O                                                                        (1 = 100.0%) {0.0%}
20  ... 

Histogram: History.VisitedLinks.HashTableLengthOnReaderInit recorded 3 samples, mean = 16381.0 (flags = 0x1)
0      ... 
14319  ---O                                                                      (3 = 100.0%) {0.0%}
19866  ... 

Histogram: History.VisitedLinks.HashTableSizeOnTableCreate recorded 2 samples, mean = 0.0 (flags = 0x1)
0  --O                                                                       (2 = 100.0%)
1  ... 

Histogram: History.VisitedLinks.HashTableUsageOnLinkAdded recorded 4 samples, mean = 6.8 (flags = 0x1)
0  -O                                                                        (1 = 25.0%)
1  ... 
8  ---O                                                                      (3 = 75.0%) {25.0%}
11 ... 

Histogram: History.VisitedLinks.TryToAddFingerprint recorded 5 samples, mean = 0.8 (flags = 0x1)
0  -O                                                                        (1 = 20.0%)
1  ----O                                                                     (4 = 80.0%) {20.0%}
2  ... 

Histogram: History.VisitedLinks.VisitLoggedFromMainFrame recorded 3 samples, mean = 1.0 (flags = 0x1)
0  O                                                                         (0 = 0.0%)
1  ---O                                                                      (3 = 100.0%) {0.0%}
2  O                                                                         (0 = 0.0%) {100.0%}

Histogram: History.VisitedLinks.VisitLoggedFromTransition recorded 3 samples, mean = 1.7 (flags = 0x1)
0  O                                                                         (0 = 0.0%)
1  -O                                                                        (1 = 33.3%) {0.0%}
2  --O                                                                       (2 = 66.7%) {33.3%}
3  ... 

Histogram: HttpCache.AccessToDone2 recorded 48 samples, mean = 56.6 (flags = 0x1)
0    O                                                                         (0 = 0.0%)
1    ---O                                                                      (3 = 6.2%) {0.0%}
2    -----O                                                                    (5 = 10.4%) {6.2%}
3    -O                                                                        (1 = 2.1%) {16.7%}
4    ------------O                                                             (12 = 25.0%) {18.8%}
5    -----O                                                                    (5 = 10.4%) {43.8%}
6    -----O                                                                    (5 = 10.4%) {54.2%}
7    -O                                                                        (1 = 2.1%) {64.6%}
8    ... 
11   -O                                                                        (1 = 2.1%) {66.7%}
12   ... 
24   -O                                                                        (1 = 2.1%) {68.8%}
26   ... 
49   -O                                                                        (1 = 2.1%) {70.8%}
54   -O                                                                        (1 = 2.1%) {72.9%}
59   ... 
71   -O                                                                        (1 = 2.1%) {75.0%}
78   -O                                                                        (1 = 2.1%) {77.1%}
85   ... 
102  -O                                                                        (1 = 2.1%) {79.2%}
112  ... 
148  -O                                                                        (1 = 2.1%) {81.2%}
162  -O                                                                        (1 = 2.1%) {83.3%}
177  -O                                                                        (1 = 2.1%) {85.4%}
194  O                                                                         (0 = 0.0%) {87.5%}
212  -O                                                                        (1 = 2.1%) {87.5%}
232  O                                                                         (0 = 0.0%) {89.6%}
254  -O                                                                        (1 = 2.1%) {89.6%}
278  ---O                                                                      (3 = 6.2%) {91.7%}
304  O                                                                         (0 = 0.0%) {97.9%}
333  -O                                                                        (1 = 2.1%) {97.9%}
364  ... 

Histogram: HttpCache.AccessToDone2.SentRequest recorded 13 samples, mean = 188.5 (flags = 0x1)
0    ... 
49   -O                                                                        (1 = 7.7%) {0.0%}
54   -O                                                                        (1 = 7.7%) {7.7%}
59   ... 
71   -O                                                                        (1 = 7.7%) {15.4%}
78   -O                                                                        (1 = 7.7%) {23.1%}
85   ... 
148  -O                                                                        (1 = 7.7%) {30.8%}
162  -O                                                                        (1 = 7.7%) {38.5%}
177  -O                                                                        (1 = 7.7%) {46.2%}
194  O                                                                         (0 = 0.0%) {53.8%}
212  -O                                                                        (1 = 7.7%) {53.8%}
232  O                                                                         (0 = 0.0%) {61.5%}
254  -O                                                                        (1 = 7.7%) {61.5%}
278  ---O                                                                      (3 = 23.1%) {69.2%}
304  O                                                                         (0 = 0.0%) {92.3%}
333  -O                                                                        (1 = 7.7%) {92.3%}
364  ... 

Histogram: HttpCache.AccessToDone2.Used recorded 35 samples, mean = 7.6 (flags = 0x1)
0    O                                                                         (0 = 0.0%)
1    ---O                                                                      (3 = 8.6%) {0.0%}
2    -----O                                                                    (5 = 14.3%) {8.6%}
3    -O                                                                        (1 = 2.9%) {22.9%}
4    ------------O                                                             (12 = 34.3%) {25.7%}
5    -----O                                                                    (5 = 14.3%) {60.0%}
6    -----O                                                                    (5 = 14.3%) {74.3%}
7    -O                                                                        (1 = 2.9%) {88.6%}
8    ... 
11   -O                                                                        (1 = 2.9%) {91.4%}
12   ... 
23   -O                                                                        (1 = 2.9%) {94.3%}
25   ... 
103  -O                                                                        (1 = 2.9%) {97.1%}
110  ... 

Histogram: HttpCache.AddTransactionToEntry recorded 48 samples, mean = 0.0 (flags = 0x1)
0  ------------------------------------------------O                         (48 = 100.0%)
1  ... 

Histogram: HttpCache.BeforeSend recorded 13 samples, mean = 0.5 (flags = 0x1)
0  ---------O                                                                (9 = 69.2%)
1  ---O                                                                      (3 = 23.1%) {69.2%}
2  O                                                                         (0 = 0.0%) {92.3%}
3  -O                                                                        (1 = 7.7%) {92.3%}
4  ... 

Histogram: HttpCache.BeforeSend.CantConditionalize recorded 5 samples, mean = 0.2 (flags = 0x1)
0  ----O                                                                     (4 = 80.0%)
1  -O                                                                        (1 = 20.0%) {80.0%}
2  ... 

Histogram: HttpCache.BeforeSend.NotCached recorded 3 samples, mean = 0.0 (flags = 0x1)
0  ---O                                                                      (3 = 100.0%)
1  ... 

Histogram: HttpCache.BeforeSend.Updated recorded 1 samples, mean = 1.0 (flags = 0x1)
0  O                                                                         (0 = 0.0%)
1  -O                                                                        (1 = 100.0%) {0.0%}
2  ... 

Histogram: HttpCache.BeforeSend.Validated recorded 4 samples, mean = 1.0 (flags = 0x1)
0  --O                                                                       (2 = 50.0%)
1  -O                                                                        (1 = 25.0%) {50.0%}
2  O                                                                         (0 = 0.0%) {75.0%}
3  -O                                                                        (1 = 25.0%) {75.0%}
4  ... 

Histogram: HttpCache.CreateDiskEntry recorded 3 samples, mean = 0.0 (flags = 0x1)
0  ---O                                                                      (3 = 100.0%)
1  ... 

Histogram: HttpCache.HardReset recorded 1 samples, mean = 0.0
0  -O                                                                        (1 = 100.0%)
1  ... 

Histogram: HttpCache.IsNoStore recorded 48 samples, mean = 0.1 (flags = 0x1)
0  ---------------------------------------------O                            (45 = 93.8%)
1  ---O                                                                      (3 = 6.2%) {93.8%}
2  O                                                                         (0 = 0.0%) {100.0%}

Histogram: HttpCache.IsNoStore.MainFrameHTML recorded 1 samples, mean = 1.0 (flags = 0x1)
0  O                                                                         (0 = 0.0%)
1  -O                                                                        (1 = 100.0%) {0.0%}
2  O                                                                         (0 = 0.0%) {100.0%}

Histogram: HttpCache.MaxFileSizeOnInit recorded 1 samples, mean = 40960.0 (flags = 0x1)
0      ... 
37526  -O                                                                        (1 = 100.0%) {0.0%}
42713  ... 

Histogram: HttpCache.OpenDiskEntry recorded 45 samples, mean = 0.0 (flags = 0x1)
0  -------------------------------------------O                              (43 = 95.6%)
1  --O                                                                       (2 = 4.4%) {95.6%}
2  ... 

Histogram: HttpCache.Pattern recorded 48 samples, mean = 3.4 (flags = 0x1)
0  ... 
2  ---O                                                                      (3 = 6.2%) {0.0%}
3  -----------------------------------O                                      (35 = 72.9%) {6.2%}
4  ----O                                                                     (4 = 8.3%) {79.2%}
5  -O                                                                        (1 = 2.1%) {87.5%}
6  -----O                                                                    (5 = 10.4%) {89.6%}
7  O                                                                         (0 = 0.0%) {100.0%}

Histogram: HttpCache.Pattern.CSS recorded 8 samples, mean = 3.1 (flags = 0x1)
0  ... 
3  -------O                                                                  (7 = 87.5%) {0.0%}
4  -O                                                                        (1 = 12.5%) {87.5%}
5  ... 

Histogram: HttpCache.Pattern.CSSThirdParty recorded 8 samples, mean = 3.1 (flags = 0x1)
0  ... 
3  -------O                                                                  (7 = 87.5%) {0.0%}
4  -O                                                                        (1 = 12.5%) {87.5%}
5  ... 

Histogram: HttpCache.Pattern.Font recorded 5 samples, mean = 3.0 (flags = 0x1)
0  ... 
3  -----O                                                                    (5 = 100.0%) {0.0%}
4  ... 

Histogram: HttpCache.Pattern.FontThirdParty recorded 5 samples, mean = 3.0 (flags = 0x1)
0  ... 
3  -----O                                                                    (5 = 100.0%) {0.0%}
4  ... 

Histogram: HttpCache.Pattern.Image recorded 1 samples, mean = 3.0 (flags = 0x1)
0  ... 
3  -O                                                                        (1 = 100.0%) {0.0%}
4  ... 

Histogram: HttpCache.Pattern.JavaScript recorded 24 samples, mean = 3.2 (flags = 0x1)
0  ... 
3  ---------------------O                                                    (21 = 87.5%) {0.0%}
4  -O                                                                        (1 = 4.2%) {87.5%}
5  -O                                                                        (1 = 4.2%) {91.7%}
6  -O                                                                        (1 = 4.2%) {95.8%}
7  O                                                                         (0 = 0.0%) {100.0%}

Histogram: HttpCache.Pattern.JavaScriptThirdParty recorded 23 samples, mean = 3.1 (flags = 0x1)
0  ... 
3  ---------------------O                                                    (21 = 91.3%) {0.0%}
4  -O                                                                        (1 = 4.3%) {91.3%}
5  -O                                                                        (1 = 4.3%) {95.7%}
6  ... 

Histogram: HttpCache.Pattern.MainFrameHTML recorded 1 samples, mean = 2.0 (flags = 0x1)
0  ... 
2  -O                                                                        (1 = 100.0%) {0.0%}
3  ... 

Histogram: HttpCache.Pattern.NonTinyImage recorded 1 samples, mean = 3.0 (flags = 0x1)
0  ... 
3  -O                                                                        (1 = 100.0%) {0.0%}
4  ... 

Histogram: HttpCache.TotalDiskCacheTimePerTransaction.Read recorded 10 samples, mean = 0.4 (flags = 0x1)
0  --------O                                                                 (8 = 80.0%)
1  -O                                                                        (1 = 10.0%) {80.0%}
2  O                                                                         (0 = 0.0%) {90.0%}
3  -O                                                                        (1 = 10.0%) {90.0%}
4  ... 

Histogram: HttpCache.TotalDiskCacheTimePerTransaction.Write recorded 10 samples, mean = 0.2 (flags = 0x1)
0  ---------O                                                                (9 = 90.0%)
1  O                                                                         (0 = 0.0%) {90.0%}
2  -O                                                                        (1 = 10.0%) {90.0%}
3  ... 

Histogram: ImageDecoder.Png.UiGfxIntoSkBitmap recorded 1 samples, mean = 131.0 (flags = 0x1)
0    ... 
113  -O                                                                        (1 = 100.0%) {0.0%}
149  ... 

Histogram: ImportantFile.FileReplaceRetryCount recorded 24 samples, mean = 0.0 (flags = 0x1)
0  ------------------------O                                                 (24 = 100.0%)
1  ... 

Histogram: ImportantFile.SerializationDuration recorded 8 samples, mean = 0.0 (flags = 0x1)
0  --------O                                                                 (8 = 100.0%)
1  ... 

Histogram: ImportantFile.SerializationDuration.Local_State recorded 8 samples, mean = 0.1 (flags = 0x1)
0  -------O                                                                  (7 = 87.5%)
1  -O                                                                        (1 = 12.5%) {87.5%}
2  ... 

Histogram: ImportantFile.SerializationDuration.Preferences recorded 4 samples, mean = 0.0 (flags = 0x1)
0  ----O                                                                     (4 = 100.0%)
1  ... 

Histogram: ImportantFile.SerializationDuration.TransportSecurityPersister recorded 1 samples, mean = 0.0 (flags = 0x1)
0  -O                                                                        (1 = 100.0%)
1  ... 

Histogram: ImportantFile.WriteDuration recorded 8 samples, mean = 19.0 (flags = 0x1)
0   ... 
10  --O                                                                       (2 = 25.0%) {0.0%}
12  -O                                                                        (1 = 12.5%) {25.0%}
14  O                                                                         (0 = 0.0%) {37.5%}
17  -O                                                                        (1 = 12.5%) {37.5%}
20  -O                                                                        (1 = 12.5%) {50.0%}
24  --O                                                                       (2 = 25.0%) {62.5%}
29  -O                                                                        (1 = 12.5%) {87.5%}
34  ... 

Histogram: ImportantFile.WriteDuration.Local_State recorded 8 samples, mean = 13.2 (flags = 0x1)
0   ... 
5   -O                                                                        (1 = 12.5%) {0.0%}
6   -O                                                                        (1 = 12.5%) {12.5%}
7   -O                                                                        (1 = 12.5%) {25.0%}
8   --O                                                                       (2 = 25.0%) {37.5%}
10  -O                                                                        (1 = 12.5%) {62.5%}
12  -O                                                                        (1 = 12.5%) {75.0%}
14  ... 
48  -O                                                                        (1 = 12.5%) {87.5%}
57  ... 

Histogram: ImportantFile.WriteDuration.Preferences recorded 4 samples, mean = 12.8 (flags = 0x1)
0   ... 
8   --O                                                                       (2 = 50.0%) {0.0%}
10  -O                                                                        (1 = 25.0%) {50.0%}
12  ... 
20  -O                                                                        (1 = 25.0%) {75.0%}
24  ... 

Histogram: ImportantFile.WriteDuration.SCTAuditing recorded 2 samples, mean = 14.0 (flags = 0x1)
0   ... 
12  -O                                                                        (1 = 50.0%) {0.0%}
14  -O                                                                        (1 = 50.0%) {50.0%}
17  ... 

Histogram: ImportantFile.WriteDuration.TransportSecurityPersister recorded 1 samples, mean = 18.0 (flags = 0x1)
0   ... 
17  -O                                                                        (1 = 100.0%) {0.0%}
20  ... 

Histogram: ImportantFile.WriteDuration.TrustedVault recorded 1 samples, mean = 5.0 (flags = 0x1)
0  ... 
5  -O                                                                        (1 = 100.0%) {0.0%}
6  ... 

Histogram: InProductHelp.Config.ParsingEvent recorded 68 samples, mean = 6.4 (flags = 0x1)
0   -----------------------------O                                            (29 = 42.6%)
1   O                                                                         (0 = 0.0%) {42.6%}
2   ---------O                                                                (9 = 13.2%) {42.6%}
3   ... 
14  ------------------------------O                                           (30 = 44.1%) {55.9%}
15  ... 

Histogram: InProductHelp.Db.Init.AvailabilityStore recorded 1 samples, mean = 1.0 (flags = 0x1)
0  O                                                                         (0 = 0.0%)
1  -O                                                                        (1 = 100.0%) {0.0%}
2  O                                                                         (0 = 0.0%) {100.0%}

Histogram: InProductHelp.Db.Init.EventStore recorded 1 samples, mean = 1.0 (flags = 0x1)
0  O                                                                         (0 = 0.0%)
1  -O                                                                        (1 = 100.0%) {0.0%}
2  O                                                                         (0 = 0.0%) {100.0%}

Histogram: InProductHelp.Db.Load.AvailabilityStore recorded 1 samples, mean = 1.0 (flags = 0x1)
0  O                                                                         (0 = 0.0%)
1  -O                                                                        (1 = 100.0%) {0.0%}
2  O                                                                         (0 = 0.0%) {100.0%}

Histogram: InProductHelp.Db.Load.EventStore recorded 1 samples, mean = 1.0 (flags = 0x1)
0  O                                                                         (0 = 0.0%)
1  -O                                                                        (1 = 100.0%) {0.0%}
2  O                                                                         (0 = 0.0%) {100.0%}

Histogram: InProductHelp.Db.TotalEvents recorded 1 samples, mean = 0.0 (flags = 0x1)
0  -O                                                                        (1 = 100.0%)
1  ... 

Histogram: InProductHelp.Db.Update.AvailabilityStore recorded 1 samples, mean = 1.0 (flags = 0x1)
0  O                                                                         (0 = 0.0%)
1  -O                                                                        (1 = 100.0%) {0.0%}
2  O                                                                         (0 = 0.0%) {100.0%}

Histogram: IndexedDB.ContextShutdownDuration recorded 1 samples, mean = 1.0 (flags = 0x1)
0  O                                                                         (0 = 0.0%)
1  -O                                                                        (1 = 100.0%) {0.0%}
2  ... 

Histogram: Input.Digitizer.MaxTouchPointsSupportedBySystemAtStartup recorded 1 samples, mean = 0.0 (flags = 0x1)
0  -O                                                                        (1 = 100.0%)
1  ... 

Histogram: Input.PointerTypePrimary recorded 1 samples, mean = 2.0 (flags = 0x1)
0  ... 
2  -O                                                                        (1 = 100.0%) {0.0%}
3  O                                                                         (0 = 0.0%) {100.0%}

Histogram: Input.PointerTypesAll recorded 1 samples, mean = 2.0 (flags = 0x1)
0  ... 
2  -O                                                                        (1 = 100.0%) {0.0%}
3  ... 

Histogram: LanguageDetection.TFLiteModel.WasModelRequestDeferred recorded 2 samples, mean = 1.0 (flags = 0x1)
0  O                                                                         (0 = 0.0%)
1  --O                                                                       (2 = 100.0%) {0.0%}
2  O                                                                         (0 = 0.0%) {100.0%}

Histogram: LanguageUsage.AcceptLanguage recorded 1 samples (flags = 0x1)
25971  -O                                                                        (1 = 100.0%)

Histogram: LanguageUsage.AcceptLanguage.Count recorded 1 samples, mean = 1.0 (flags = 0x1)
0  O                                                                         (0 = 0.0%)
1  -O                                                                        (1 = 100.0%) {0.0%}
2  ... 

Histogram: LanguageUsage.AcceptLanguageAndContentLanguageUsage recorded 1 samples, mean = 0.0 (flags = 0x1)
0  -O                                                                        (1 = 100.0%)
1  ... 

Histogram: LanguageUsage.AcceptLanguageAndXmlHtmlLangUsage recorded 1 samples, mean = 7.0 (flags = 0x1)
0  ... 
7  -O                                                                        (1 = 100.0%) {0.0%}
8  O                                                                         (0 = 0.0%) {100.0%}

Histogram: LevelDB.ApproximateMemTableMemoryUse.BudgetManager recorded 0 samples (flags = 0x1)
0 ... 

Histogram: LevelDB.ApproximateMemTableMemoryUse.CartDatabase recorded 0 samples (flags = 0x1)
0 ... 

Histogram: LevelDB.ApproximateMemTableMemoryUse.ClientCertificatesDatabase recorded 0 samples (flags = 0x1)
0 ... 

Histogram: LevelDB.ApproximateMemTableMemoryUse.CommerceParcelTrackingDatabase recorded 0 samples (flags = 0x1)
0 ... 

Histogram: LevelDB.ApproximateMemTableMemoryUse.CommerceSubscriptionDatabase recorded 0 samples (flags = 0x1)
0 ... 

Histogram: LevelDB.ApproximateMemTableMemoryUse.CouponDatabase recorded 0 samples (flags = 0x1)
0 ... 

Histogram: LevelDB.ApproximateMemTableMemoryUse.DiscountsDatabase recorded 0 samples (flags = 0x1)
0 ... 

Histogram: LevelDB.ApproximateMemTableMemoryUse.DownloadDB recorded 0 samples (flags = 0x1)
0 ... 

Histogram: LevelDB.ApproximateMemTableMemoryUse.DownloadService recorded 0 samples (flags = 0x1)
0 ... 

Histogram: LevelDB.ApproximateMemTableMemoryUse.FeatureEngagementTrackerAvailabilityStore recorded 0 samples (flags = 0x1)
0 ... 

Histogram: LevelDB.ApproximateMemTableMemoryUse.FeatureEngagementTrackerEventStore recorded 0 samples (flags = 0x1)
0 ... 

Histogram: LevelDB.ApproximateMemTableMemoryUse.GCMKeyStore recorded 1 samples, mean = 4104.0 (flags = 0x1)
0  O                                                                         (0 = 0.0%)
1  -O                                                                        (1 = 100.0%) {0.0%}
270601... 

Histogram: LevelDB.ApproximateMemTableMemoryUse.Metadata recorded 1 samples, mean = 4104.0 (flags = 0x1)
0  O                                                                         (0 = 0.0%)
1  -O                                                                        (1 = 100.0%) {0.0%}
270601... 

Histogram: LevelDB.ApproximateMemTableMemoryUse.PersistentOriginTrials recorded 0 samples (flags = 0x1)
0 ... 

Histogram: LevelDB.ApproximateMemTableMemoryUse.PreviewsHintCacheStore recorded 0 samples (flags = 0x1)
0 ... 

Histogram: LevelDB.ApproximateMemTableMemoryUse.SegmentInfoDatabase recorded 0 samples (flags = 0x1)
0 ... 

Histogram: LevelDB.ApproximateMemTableMemoryUse.SharedProtoDB recorded 1 samples, mean = 61560.0 (flags = 0x1)
0  O                                                                         (0 = 0.0%)
1  -O                                                                        (1 = 100.0%) {0.0%}
270601... 

Histogram: LevelDB.ApproximateMemTableMemoryUse.SignalDatabase recorded 0 samples (flags = 0x1)
0 ... 

Histogram: LevelDB.ApproximateMemTableMemoryUse.SignalStorageConfigDatabase recorded 0 samples (flags = 0x1)
0 ... 

Histogram: LevelDB.ApproximateMemTableMemoryUse.StrikeService recorded 0 samples (flags = 0x1)
0 ... 

Histogram: LevelDBEnv.DeleteTableBackupFile recorded 0 samples (flags = 0x1)
0 ... 

Histogram: LevelDBEnv.SyncResult recorded 33 samples, mean = 0.0 (flags = 0x1)
0  ---------------------------------O                                        (33 = 100.0%)
1  ... 

Histogram: LevelDBWrapper.CommitDelay recorded 2 samples, mean = 5000.0 (flags = 0x1)
0     ... 
4516  --O                                                                       (2 = 100.0%) {0.0%}
6118  ... 

Histogram: LoadingPredictor.PreconnectCount recorded 1 samples, mean = 1.0 (flags = 0x1)
0  O                                                                         (0 = 0.0%)
1  -O                                                                        (1 = 100.0%) {0.0%}
2  ... 

Histogram: LoadingPredictor.PreconnectHitsPercentage recorded 1 samples, mean = 100.0 (flags = 0x1)
0    ... 
100  -O                                                                        (1 = 100.0%) {0.0%}
101  O                                                                         (0 = 0.0%) {100.0%}

Histogram: LoadingPredictor.PreconnectLearningCount.Navigation recorded 1 samples, mean = 3.0 (flags = 0x1)
0  ... 
3  -O                                                                        (1 = 100.0%) {0.0%}
4  ... 

Histogram: LoadingPredictor.PreconnectLearningPrecision.Navigation recorded 1 samples, mean = 100.0 (flags = 0x1)
0    ... 
100  -O                                                                        (1 = 100.0%) {0.0%}

Histogram: LoadingPredictor.PreconnectLearningRecall.Navigation recorded 1 samples, mean = 100.0 (flags = 0x1)
0    ... 
100  -O                                                                        (1 = 100.0%) {0.0%}

Histogram: LoadingPredictor.PreconnectLearningRedirectStatus.Navigation recorded 1 samples, mean = 2.0 (flags = 0x1)
0  ... 
2  -O                                                                        (1 = 100.0%) {0.0%}
3  ... 

Histogram: LoadingPredictor.PredictorDatabaseFileSize recorded 1 samples, mean = 44.0 (flags = 0x1)
0   ... 
37  -O                                                                        (1 = 100.0%) {0.0%}
49  ... 

Histogram: LoadingPredictor.PreresolveCount recorded 1 samples, mean = 1.0 (flags = 0x1)
0  O                                                                         (0 = 0.0%)
1  -O                                                                        (1 = 100.0%) {0.0%}
2  ... 

Histogram: LoadingPredictor.PreresolveHitsPercentage recorded 1 samples, mean = 100.0 (flags = 0x1)
0    ... 
100  -O                                                                        (1 = 100.0%) {0.0%}
101  O                                                                         (0 = 0.0%) {100.0%}

Histogram: LocalStorage.MojoSizeInKB recorded 2 samples, mean = 1.5 (flags = 0x1)
0  -O                                                                        (1 = 50.0%)
1  ... 
3  -O                                                                        (1 = 50.0%) {50.0%}
4  ... 

Histogram: LocalStorage.MojoTimeToPrime recorded 2 samples, mean = 0.0 (flags = 0x1)
0  --O                                                                       (2 = 100.0%)
1  ... 

Histogram: LocalStorage.MojoTimeToPrimeForUnder100KB recorded 2 samples, mean = 0.0 (flags = 0x1)
0  --O                                                                       (2 = 100.0%)
1  ... 

Histogram: LocalStorage.RendererAreaCacheHit recorded 2 samples, mean = 1.0 (flags = 0x1)
0  -O                                                                        (1 = 50.0%)
1  O                                                                         (0 = 0.0%) {50.0%}
2  -O                                                                        (1 = 50.0%) {50.0%}
3  O                                                                         (0 = 0.0%) {100.0%}

Histogram: LocalStorageContext.ShutDown.MaybeDroppedChanges recorded 1 samples, mean = 0.0
0  -O                                                                        (1 = 100.0%)
1  ... 

Histogram: MPArch.ChildProcessLaunchFirst recorded 1 samples, mean = 40.0 (flags = 0x1)
0   ... 
40  -O                                                                        (1 = 100.0%) {0.0%}
48  ... 

Histogram: MPArch.ChildProcessLaunchSubsequent recorded 14 samples, mean = 22.9 (flags = 0x1)
0   ... 
14  -O                                                                        (1 = 7.1%) {0.0%}
17  ---O                                                                      (3 = 21.4%) {7.1%}
20  -----O                                                                    (5 = 35.7%) {28.6%}
24  ---O                                                                      (3 = 21.4%) {64.3%}
29  -O                                                                        (1 = 7.1%) {85.7%}
34  -O                                                                        (1 = 7.1%) {92.9%}
40  ... 

Histogram: ManagedUsers.BlockedIframeCount recorded 1 samples, mean = 0.0 (flags = 0x1)
0  -O                                                                        (1 = 100.0%)
1  ... 

Histogram: Manifest.HasProperty.description recorded 1 samples, mean = 0.0 (flags = 0x1)
0  -O                                                                        (1 = 100.0%)
1  ... 

Histogram: Manifest.HasProperty.display recorded 1 samples, mean = 1.0 (flags = 0x1)
0  O                                                                         (0 = 0.0%)
1  -O                                                                        (1 = 100.0%) {0.0%}
2  O                                                                         (0 = 0.0%) {100.0%}

Histogram: Manifest.HasProperty.gcm_sender_id recorded 1 samples, mean = 0.0 (flags = 0x1)
0  -O                                                                        (1 = 100.0%)
1  ... 

Histogram: Manifest.HasProperty.icons recorded 1 samples, mean = 1.0 (flags = 0x1)
0  O                                                                         (0 = 0.0%)
1  -O                                                                        (1 = 100.0%) {0.0%}
2  O                                                                         (0 = 0.0%) {100.0%}

Histogram: Manifest.HasProperty.name recorded 1 samples, mean = 1.0 (flags = 0x1)
0  O                                                                         (0 = 0.0%)
1  -O                                                                        (1 = 100.0%) {0.0%}
2  O                                                                         (0 = 0.0%) {100.0%}

Histogram: Manifest.HasProperty.orientation recorded 1 samples, mean = 0.0 (flags = 0x1)
0  -O                                                                        (1 = 100.0%)
1  ... 

Histogram: Manifest.HasProperty.protocol_handlers recorded 1 samples, mean = 0.0 (flags = 0x1)
0  -O                                                                        (1 = 100.0%)
1  ... 

Histogram: Manifest.HasProperty.screenshots recorded 1 samples, mean = 0.0 (flags = 0x1)
0  -O                                                                        (1 = 100.0%)
1  ... 

Histogram: Manifest.HasProperty.share_target recorded 1 samples, mean = 0.0 (flags = 0x1)
0  -O                                                                        (1 = 100.0%)
1  ... 

Histogram: Manifest.HasProperty.short_name recorded 1 samples, mean = 1.0 (flags = 0x1)
0  O                                                                         (0 = 0.0%)
1  -O                                                                        (1 = 100.0%) {0.0%}
2  O                                                                         (0 = 0.0%) {100.0%}

Histogram: Manifest.HasProperty.start_url recorded 1 samples, mean = 1.0 (flags = 0x1)
0  O                                                                         (0 = 0.0%)
1  -O                                                                        (1 = 100.0%) {0.0%}
2  O                                                                         (0 = 0.0%) {100.0%}

Histogram: Manifest.ParseIdResult recorded 1 samples, mean = 1.0 (flags = 0x1)
0  O                                                                         (0 = 0.0%)
1  -O                                                                        (1 = 100.0%) {0.0%}
2  ... 

Histogram: Media.GPU.VideoDecoderType recorded 1 samples, mean = 11.0 (flags = 0x1)
0   ... 
11  -O                                                                        (1 = 100.0%) {0.0%}
12  ... 

Histogram: Media.MediaHistory.DatabaseExists recorded 1 samples, mean = 0.0 (flags = 0x1)
0  -O                                                                        (1 = 100.0%)
1  ... 

Histogram: MediaRouter.Cast.Channel.ConnectResult recorded 2 samples, mean = 0.5 (flags = 0x1)
0  -O                                                                        (1 = 50.0%)
1  -O                                                                        (1 = 50.0%) {50.0%}
2  O                                                                         (0 = 0.0%) {100.0%}

Histogram: MediaRouter.Cast.Channel.Error recorded 5 samples, mean = 1.6 (flags = 0x1)
0  -O                                                                        (1 = 20.0%)
1  O                                                                         (0 = 0.0%) {20.0%}
2  ----O                                                                     (4 = 80.0%) {20.0%}
3  ... 

Histogram: MediaRouter.Cast.DeviceNameLength recorded 1 samples, mean = 6.0 (flags = 0x1)
0  ... 
6  -O                                                                        (1 = 100.0%) {0.0%}
7  ... 

Histogram: MediaRouter.Cast.Discovery.ConnectedDevicesCount recorded 1 samples, mean = 1.0 (flags = 0x1)
0  O                                                                         (0 = 0.0%)
1  -O                                                                        (1 = 100.0%) {0.0%}
2  ... 

Histogram: MediaRouter.Cast.Discovery.KnownDevicesCount recorded 1 samples, mean = 0.0 (flags = 0x1)
0  -O                                                                        (1 = 100.0%)
1  ... 

Histogram: MediaRouter.Cast.Discovery.SinkSource recorded 2 samples, mean = 3.0 (flags = 0x1)
0  ... 
2  -O                                                                        (1 = 50.0%) {0.0%}
3  O                                                                         (0 = 0.0%) {50.0%}
4  -O                                                                        (1 = 50.0%) {50.0%}
5  ... 

Histogram: MediaRouter.Cast.Mdns.Channel.Open_Failure recorded 4 samples, mean = 2098.0 (flags = 0x1)
0     ... 
1782  ---O                                                                      (3 = 75.0%) {0.0%}
2117  -O                                                                        (1 = 25.0%) {75.0%}
2516  ... 

Histogram: MediaRouter.Cast.Mdns.Channel.Open_Success recorded 1 samples, mean = 114.0 (flags = 0x1)
0    ... 
114  -O                                                                        (1 = 100.0%) {0.0%}
135  ... 

Histogram: MediaRouter.Dial.AvailableDevicesCount recorded 1 samples, mean = 0.0 (flags = 0x1)
0  -O                                                                        (1 = 100.0%)
1  ... 

Histogram: MediaRouter.Dial.DeviceDescriptionParsingResult recorded 2 samples, mean = 0.0 (flags = 0x1)
0  --O                                                                       (2 = 100.0%)
1  ... 

Histogram: MediaRouter.Dial.KnownDevicesCount recorded 1 samples, mean = 0.0 (flags = 0x1)
0  -O                                                                        (1 = 100.0%)
1  ... 

Histogram: Memory.Discardable.FreelistSize.Foreground recorded 3 samples, mean = 0.0 (flags = 0x1)
0  ---O                                                                      (3 = 100.0%)
1  ... 

Histogram: Memory.Discardable.LargeAllocationFromFreelist recorded 1 samples, mean = 0.0 (flags = 0x1)
0  -O                                                                        (1 = 100.0%)
1  ... 

Histogram: Memory.Discardable.Size.Foreground recorded 3 samples, mean = 0.0 (flags = 0x1)
0  ---O                                                                      (3 = 100.0%)
1  ... 

Histogram: Memory.Discardable.VirtualSize.Foreground recorded 3 samples, mean = 0.0 (flags = 0x1)
0  ---O                                                                      (3 = 100.0%)
1  ... 

Histogram: Memory.DiscardableAllocationSize recorded 1 samples, mean = 4309.0 (flags = 0x1)
0     ... 
3542  -O                                                                        (1 = 100.0%) {0.0%}
4818  ... 

Histogram: Memory.Experimental.AvailableMemoryMB recorded 7 samples, mean = 14163.3 (flags = 0x1)
0      ... 
13114  -------O                                                                  (7 = 100.0%) {0.0%}
14480  ... 

Histogram: Memory.Experimental.AvailableMemoryPercent recorded 7 samples, mean = 43.3 (flags = 0x1)
0   ... 
42  -O                                                                        (1 = 14.3%) {0.0%}
43  ---O                                                                      (3 = 42.9%) {14.3%}
44  ---O                                                                      (3 = 42.9%) {57.1%}
45  ... 

Histogram: Memory.Experimental.Renderer.HighestPrivateMemoryFootprint.0to2min recorded 1 samples, mean = 76.0 (flags = 0x1)
0   ... 
75  -O                                                                        (1 = 100.0%) {0.0%}
84  ... 

Histogram: Memory.Experimental.Renderer.HighestPrivateMemoryFootprint.2to4min recorded 1 samples, mean = 57.0 (flags = 0x1)
0   ... 
53  -O                                                                        (1 = 100.0%) {0.0%}
60  ... 

Histogram: Memory.Experimental.Renderer.HighestPrivateMemoryFootprint.4to8min recorded 1 samples, mean = 58.0 (flags = 0x1)
0   ... 
53  -O                                                                        (1 = 100.0%) {0.0%}
60  ... 

Histogram: Memory.GPU.PeakMemoryAllocationSource2.PageLoad.SharedContextState recorded 1 samples, mean = 0.0 (flags = 0x1)
0  -O                                                                        (1 = 100.0%)
1  ... 

Histogram: Memory.GPU.PeakMemoryAllocationSource2.PageLoad.Skia recorded 1 samples, mean = 0.0 (flags = 0x1)
0  -O                                                                        (1 = 100.0%)
1  ... 

Histogram: Memory.GPU.PeakMemoryUsage2.PageLoad recorded 1 samples, mean = 0.0 (flags = 0x1)
0  -O                                                                        (1 = 100.0%)
1  ... 

Histogram: Memory.ParkableImage.OnDiskSize.5min recorded 1 samples, mean = 392.0 (flags = 0x1)
0    ... 
365  -O                                                                        (1 = 100.0%) {0.0%}
457  ... 

Histogram: Memory.ParkableImage.TotalReadTime.5min recorded 1 samples, mean = 0.0 (flags = 0x1)
0  -O                                                                        (1 = 100.0%)
1  ... 

Histogram: Memory.ParkableImage.TotalSize.5min recorded 1 samples, mean = 392.0 (flags = 0x1)
0    ... 
365  -O                                                                        (1 = 100.0%) {0.0%}
457  ... 

Histogram: Memory.ParkableImage.TotalWriteTime.5min recorded 1 samples, mean = 0.0 (flags = 0x1)
0  -O                                                                        (1 = 100.0%)
1  ... 

Histogram: Memory.ParkableImage.UnparkedSize.5min recorded 1 samples, mean = 0.0 (flags = 0x1)
0  -O                                                                        (1 = 100.0%)
1  ... 

Histogram: Memory.ParkableImage.Write.Latency recorded 1 samples, mean = 297.0 (flags = 0x1)
0  -O                                                                        (1 = 100.0%)
500... 

Histogram: Memory.ParkableImage.Write.Size recorded 1 samples, mean = 392.0 (flags = 0x1)
0    ... 
378  -O                                                                        (1 = 100.0%) {0.0%}
449  ... 

Histogram: Memory.ParkableString.Compression.Latency recorded 17 samples, mean = 21288.1 (flags = 0x1)
0       -O                                                                        (1 = 5.9%)
500     ... 
796     -O                                                                        (1 = 5.9%) {5.9%}
860     ... 
1480    -O                                                                        (1 = 5.9%) {11.8%}
1599    -O                                                                        (1 = 5.9%) {17.6%}
1728    ... 
2018    -O                                                                        (1 = 5.9%) {23.5%}
2181    ... 
3753    -O                                                                        (1 = 5.9%) {29.4%}
4056    ... 
5532    -O                                                                        (1 = 5.9%) {35.3%}
5978    --O                                                                       (2 = 11.8%) {41.2%}
6460    ... 
8152    -O                                                                        (1 = 5.9%) {52.9%}
8810    -O                                                                        (1 = 5.9%) {58.8%}
9521    O                                                                         (0 = 0.0%) {64.7%}
10289   -O                                                                        (1 = 5.9%) {64.7%}
11119   ... 
15164   -O                                                                        (1 = 5.9%) {70.6%}
16387   ... 
20681   -O                                                                        (1 = 5.9%) {76.5%}
22349   ... 
48545   -O                                                                        (1 = 5.9%) {82.4%}
52461   ... 
61265   -O                                                                        (1 = 5.9%) {88.2%}
66207   ... 
143809  -O                                                                        (1 = 5.9%) {94.1%}
155408  ... 

Histogram: Memory.ParkableString.Compression.SizeKb recorded 17 samples, mean = 315.6 (flags = 0x1)
0     ... 
12    -O                                                                        (1 = 5.9%) {0.0%}
14    ... 
20    --O                                                                       (2 = 11.8%) {5.9%}
23    ... 
29    -O                                                                        (1 = 5.9%) {17.6%}
33    O                                                                         (0 = 0.0%) {23.5%}
37    -O                                                                        (1 = 5.9%) {23.5%}
42    ... 
75    -O                                                                        (1 = 5.9%) {29.4%}
84    -O                                                                        (1 = 5.9%) {35.3%}
95    ... 
135   -O                                                                        (1 = 5.9%) {41.2%}
152   O                                                                         (0 = 0.0%) {47.1%}
171   ----O                                                                     (4 = 23.5%) {47.1%}
192   -O                                                                        (1 = 5.9%) {70.6%}
216   ... 
273   -O                                                                        (1 = 5.9%) {76.5%}
307   ... 
554   -O                                                                        (1 = 5.9%) {82.4%}
623   O                                                                         (0 = 0.0%) {88.2%}
701   -O                                                                        (1 = 5.9%) {88.2%}
789   ... 
1000  -O                                                                        (1 = 5.9%) {94.1%}

Histogram: Memory.ParkableString.Decompression.Latency recorded 2 samples, mean = 2209.5 (flags = 0x1)
0     ... 
682   -O                                                                        (1 = 50.0%) {0.0%}
737   ... 
3473  -O                                                                        (1 = 50.0%) {50.0%}
3753  ... 

Histogram: Memory.ParkableString.Decompression.ThroughputMBps recorded 2 samples, mean = 157.5 (flags = 0x1)
0    ... 
47   -O                                                                        (1 = 50.0%) {0.0%}
53   ... 
243  -O                                                                        (1 = 50.0%) {50.0%}
273  ... 

Histogram: Memory.ParkableString.DiskReadTime.5min recorded 1 samples, mean = 0.0 (flags = 0x1)
0  -O                                                                        (1 = 100.0%)
1  ... 

Histogram: Memory.ParkableString.DiskWriteTime.5min recorded 1 samples, mean = 9.0 (flags = 0x1)
0  ... 
8  -O                                                                        (1 = 100.0%) {0.0%}
10 ... 

Histogram: Memory.ParkableString.OnDiskSizeKb.5min recorded 1 samples, mean = 986.0 (flags = 0x1)
0    ... 
896  -O                                                                        (1 = 100.0%) {0.0%}
1122 ... 

Histogram: Memory.ParkableString.Read.Latency recorded 2 samples, mean = 298.0 (flags = 0x1)
0  --O                                                                       (2 = 100.0%)
500... 

Histogram: Memory.ParkableString.TotalParkingThreadTime.5min recorded 1 samples, mean = 336.0 (flags = 0x1)
0    ... 
318  -O                                                                        (1 = 100.0%) {0.0%}
378  ... 

Histogram: Memory.ParkableString.TotalUnparkingTime.5min recorded 1 samples, mean = 0.0 (flags = 0x1)
0  -O                                                                        (1 = 100.0%)
1  ... 

Histogram: Memory.PartitionAlloc.MemoryReclaim recorded 820 samples, mean = 306.6 (flags = 0x1)
0     ... 
37    -O                                                                        (1 = 0.1%) {0.0%}
49    ---------------------------------------------O                            (68 = 8.3%) {0.1%}
65    -------------------------------------------------------------O            (92 = 11.2%) {8.4%}
86    ------------------------------------------------------------------------O (108 = 13.2%) {19.6%}
113   -------------------------------------------------------O                  (83 = 10.1%) {32.8%}
149   -----------------O                                                        (25 = 3.0%) {42.9%}
196   -----------------------------------------------O                          (71 = 8.7%) {46.0%}
258   ------------------------------------------------------------------O       (99 = 12.1%) {54.6%}
340   -----------------------O                                                  (35 = 4.3%) {66.7%}
448   -------------------------------------------------------------------O      (100 = 12.2%) {71.0%}
590   ---------------------------------------------------------------------O    (103 = 12.6%) {83.2%}
777   ------------------O                                                       (27 = 3.3%) {95.7%}
1023  ---O                                                                      (5 = 0.6%) {99.0%}
1347  -O                                                                        (2 = 0.2%) {99.6%}
1774  -O                                                                        (1 = 0.1%) {99.9%}
2336  ... 

Histogram: Memory.PartitionAlloc.PartitionRoot.ExtrasSize recorded 1 samples, mean = 4.0 (flags = 0x1)
0  ... 
4  -O                                                                        (1 = 100.0%) {0.0%}
5  ... 

Histogram: Memory.PartitionAlloc.PeriodicPurge recorded 127 samples, mean = 30.4 (flags = 0x1)
0    ... 
5    ---O                                                                      (3 = 2.4%) {0.0%}
7    -------------O                                                            (13 = 10.2%) {2.4%}
9    --------------------------O                                               (26 = 20.5%) {12.6%}
12   ---------------O                                                          (15 = 11.8%) {33.1%}
16   --------------------O                                                     (20 = 15.7%) {44.9%}
21   -----------------O                                                        (17 = 13.4%) {60.6%}
28   ---------O                                                                (9 = 7.1%) {74.0%}
37   -------O                                                                  (7 = 5.5%) {81.1%}
49   ---------O                                                                (9 = 7.1%) {86.6%}
65   ---O                                                                      (3 = 2.4%) {93.7%}
86   O                                                                         (0 = 0.0%) {96.1%}
113  --O                                                                       (2 = 1.6%) {96.1%}
149  -O                                                                        (1 = 0.8%) {97.6%}
196  O                                                                         (0 = 0.0%) {98.4%}
258  -O                                                                        (1 = 0.8%) {98.4%}
340  O                                                                         (0 = 0.0%) {99.2%}
448  -O                                                                        (1 = 0.8%) {99.2%}
590  ... 

Histogram: Memory.PressureLevel2 recorded 880 samples, mean = 0.0 (flags = 0x1)
0  ------------------------------------------------------------------------O (880 = 100.0%)
1  ... 

Histogram: Mojo.Channel.WriteReceiveMessageProcessType recorded 5 samples, mean = 1.6 (flags = 0x1)
0  ---O                                                                      (3 = 60.0%)
1  O                                                                         (0 = 0.0%) {60.0%}
2  -O                                                                        (1 = 20.0%) {60.0%}
3  ... 
6  -O                                                                        (1 = 20.0%) {80.0%}
7  ... 

Histogram: NQE.ContentObserver.NetworkQualityMeaningfullyChanged recorded 10 samples, mean = 0.6
0  ----O                                                                     (4 = 40.0%)
1  ------O                                                                   (6 = 60.0%) {40.0%}
2  O                                                                         (0 = 0.0%) {100.0%}

Histogram: NQE.RTT.Error.Absolute recorded 7 samples, mean = 143.3 (flags = 0x1)
0    ... 
10   -O                                                                        (1 = 14.3%) {0.0%}
12   ... 
81   -O                                                                        (1 = 14.3%) {14.3%}
96   -O                                                                        (1 = 14.3%) {28.6%}
114  -O                                                                        (1 = 14.3%) {42.9%}
135  ... 
190  --O                                                                       (2 = 28.6%) {57.1%}
226  O                                                                         (0 = 0.0%) {85.7%}
268  -O                                                                        (1 = 14.3%) {85.7%}
318  ... 

Histogram: NQE.RTT.Error.IsZero recorded 7 samples, mean = 0.0 (flags = 0x1)
0  -------O                                                                  (7 = 100.0%)
1  ... 

Histogram: NQE.RTT.Error.Negative recorded 3 samples, mean = 168.3 (flags = 0x1)
0    ... 
96   -O                                                                        (1 = 33.3%) {0.0%}
114  -O                                                                        (1 = 33.3%) {33.3%}
135  ... 
268  -O                                                                        (1 = 33.3%) {66.7%}
318  ... 

Histogram: NQE.RTT.Error.Positive recorded 4 samples, mean = 124.5 (flags = 0x1)
0    ... 
10   -O                                                                        (1 = 25.0%) {0.0%}
12   ... 
81   -O                                                                        (1 = 25.0%) {25.0%}
96   ... 
190  --O                                                                       (2 = 50.0%) {50.0%}
226  ... 

Histogram: NQE.RenderThreadNotified recorded 19 samples, mean = 1.0
0  O                                                                         (0 = 0.0%)
1  -------------------O                                                      (19 = 100.0%) {0.0%}
2  O                                                                         (0 = 0.0%) {100.0%}

Histogram: Navigation.BeginNavigationImpl.MainFrame recorded 2 samples, mean = 0.0 (flags = 0x1)
0  --O                                                                       (2 = 100.0%)
1  ... 

Histogram: Navigation.BrowserInitiatedSessionHistoryCount recorded 1 samples, mean = 0.0 (flags = 0x1)
0  -O                                                                        (1 = 100.0%)
1  ... 

Histogram: Navigation.CommitRenderFrame recorded 1 samples, mean = 12.0 (flags = 0x1)
0   ... 
12  -O                                                                        (1 = 100.0%) {0.0%}
14  ... 

Histogram: Navigation.CommitToCompositorCreation recorded 1 samples, mean = 113.0 (flags = 0x1)
0    ... 
101  -O                                                                        (1 = 100.0%) {0.0%}
131  ... 

Histogram: Navigation.CompositorRequestedBeforeCommit2 recorded 1 samples, mean = 0.0 (flags = 0x1)
0  -O                                                                        (1 = 100.0%)
1  ... 

Histogram: Navigation.CompositorRequestedBeforeSwapRFH2 recorded 1 samples, mean = 0.0 (flags = 0x1)
0  -O                                                                        (1 = 100.0%)
1  ... 

Histogram: Navigation.CreateSpeculativeRFH recorded 1 samples, mean = 4.0 (flags = 0x1)
0  ... 
4  -O                                                                        (1 = 100.0%) {0.0%}
5  ... 

Histogram: Navigation.DidCommitSameDocumentNavigation.Duration recorded 1 samples, mean = 0.0 (flags = 0x1)
0  -O                                                                        (1 = 100.0%)
1  ... 

Histogram: Navigation.DidStartLoading.MainFrame recorded 3 samples, mean = 0.0 (flags = 0x1)
0  ---O                                                                      (3 = 100.0%)
1  ... 

Histogram: Navigation.DidStartLoading.Subframe recorded 2 samples, mean = 0.0 (flags = 0x1)
0  --O                                                                       (2 = 100.0%)
1  ... 

Histogram: Navigation.EarlyRenderFrameHostSwapType recorded 6 samples, mean = 0.0 (flags = 0x1)
0  ------O                                                                   (6 = 100.0%)
1  ... 

Histogram: Navigation.EngagementTime.HTTPS recorded 1 samples, mean = 877405.0 (flags = 0x1)
0       ... 
857670  -O                                                                        (1 = 100.0%) {0.0%}
989962  ... 

Histogram: Navigation.GetFrameHostForNavigation recorded 4 samples, mean = 3.0 (flags = 0x1)
0  --O                                                                       (2 = 50.0%)
1  ... 
4  -O                                                                        (1 = 25.0%) {50.0%}
5  ... 
8  -O                                                                        (1 = 25.0%) {75.0%}
10 ... 

Histogram: Navigation.GetFrameHostForNavigationTime.InDidCreateNavigationRequest.IsHTTPOrHTTPS recorded 3 samples, mean = 2905.7 (flags = 0x1)
0     ... 
146   -O                                                                        (1 = 33.3%) {0.0%}
203   O                                                                         (0 = 0.0%) {33.3%}
282   -O                                                                        (1 = 33.3%) {33.3%}
391   ... 
7439  -O                                                                        (1 = 33.3%) {66.7%}
10321 ... 

Histogram: Navigation.IsGuest recorded 1 samples, mean = 0.0 (flags = 0x1)
0  -O                                                                        (1 = 100.0%)
1  ... 

Histogram: Navigation.IsLockedProcess recorded 1 samples, mean = 1.0 (flags = 0x1)
0  O                                                                         (0 = 0.0%)
1  -O                                                                        (1 = 100.0%) {0.0%}
2  O                                                                         (0 = 0.0%) {100.0%}

Histogram: Navigation.IsLockedProcess.HTTPOrHTTPS recorded 1 samples, mean = 1.0 (flags = 0x1)
0  O                                                                         (0 = 0.0%)
1  -O                                                                        (1 = 100.0%) {0.0%}
2  O                                                                         (0 = 0.0%) {100.0%}

Histogram: Navigation.IsProcessBackgrounded.OnCommit recorded 1 samples, mean = 0.0 (flags = 0x1)
0  -O                                                                        (1 = 100.0%)
1  ... 

Histogram: Navigation.IsProcessBackgrounded.OnDOMContentLoaded recorded 1 samples, mean = 0.0 (flags = 0x1)
0  -O                                                                        (1 = 100.0%)
1  ... 

Histogram: Navigation.IsSameBrowsingInstance recorded 1 samples, mean = 0.0 (flags = 0x1)
0  -O                                                                        (1 = 100.0%)
1  ... 

Histogram: Navigation.IsSameSiteInstance recorded 1 samples, mean = 0.0 (flags = 0x1)
0  -O                                                                        (1 = 100.0%)
1  ... 

Histogram: Navigation.IsSameSiteInstance.MainFrame recorded 1 samples, mean = 0.0 (flags = 0x1)
0  -O                                                                        (1 = 100.0%)
1  ... 

Histogram: Navigation.LoaderCreateToRequestStart.MainFrame recorded 1 samples, mean = 0.0 (flags = 0x1)
0  -O                                                                        (1 = 100.0%)
1  ... 

Histogram: Navigation.MainFrame.FrameCount recorded 1 samples, mean = 2.0 (flags = 0x1)
0  ... 
2  -O                                                                        (1 = 100.0%) {0.0%}
3  ... 

Histogram: Navigation.MainFrame.MaxFrameCount recorded 3 samples, mean = 2.0 (flags = 0x1)
0  O                                                                         (0 = 0.0%)
1  -O                                                                        (1 = 33.3%) {0.0%}
2  -O                                                                        (1 = 33.3%) {33.3%}
3  -O                                                                        (1 = 33.3%) {66.7%}
4  ... 

Histogram: Navigation.MainFrame.NewNavigation.IgnoreRestore.IsHTTPOrHTTPS.BeginNavigationToLoaderStart.Time2 recorded 1 samples, mean = 1.0 (flags = 0x1)
0  O                                                                         (0 = 0.0%)
1  -O                                                                        (1 = 100.0%) {0.0%}
2  ... 

Histogram: Navigation.MainFrame.NewNavigation.IgnoreRestore.IsHTTPOrHTTPS.FetchStart.Time2 recorded 1 samples, mean = 0.0 (flags = 0x1)
0  -O                                                                        (1 = 100.0%)
1  ... 

Histogram: Navigation.MainFrame.NewNavigation.IgnoreRestore.IsHTTPOrHTTPS.LoaderStartToFetchStart.Time2 recorded 1 samples, mean = 579.0 (flags = 0x1)
0    ... 
533  -O                                                                        (1 = 100.0%) {0.0%}
633  ... 

Histogram: Navigation.MainFrame.NewNavigation.IgnoreRestore.IsHTTPOrHTTPS.LoaderStartToReceiveResponse.Time2 recorded 1 samples, mean = 974.0 (flags = 0x1)
0    ... 
894  -O                                                                        (1 = 100.0%) {0.0%}
1062 ... 

Histogram: Navigation.MainFrame.NewNavigation.IgnoreRestore.IsHTTPOrHTTPS.NavigationStartToBeginNavigation.Time2 recorded 1 samples, mean = 2902.0 (flags = 0x1)
0     ... 
2516  -O                                                                        (1 = 100.0%) {0.0%}
2990  ... 

Histogram: Navigation.MainFrame.NewNavigation.IgnoreRestore.IsHTTPOrHTTPS.ReceiveHeaders.Time2 recorded 1 samples, mean = 383.0 (flags = 0x1)
0    ... 
378  -O                                                                        (1 = 100.0%) {0.0%}
449  ... 

Histogram: Navigation.MainFrame.NewNavigation.IgnoreRestore.IsHTTPOrHTTPS.ReceiveHeadersToReceiveResponse.Time2 recorded 1 samples, mean = 10.0 (flags = 0x1)
0   ... 
10  -O                                                                        (1 = 100.0%) {0.0%}
12  ... 

Histogram: Navigation.MainFrame.NewNavigation.IgnoreRestore.IsHTTPOrHTTPS.ReceiveResponseToCommitNavigation.Time2 recorded 1 samples, mean = 7.0 (flags = 0x1)
0  ... 
7  -O                                                                        (1 = 100.0%) {0.0%}
8  ... 

Histogram: Navigation.MainFrame.RendererInitiated.InitiatorFramePresentAtStart recorded 1 samples, mean = 0.0 (flags = 0x1)
0  -O                                                                        (1 = 100.0%)
1  ... 

Histogram: Navigation.MainFrame.SiteEngagementLevel recorded 1 samples, mean = 2.0 (flags = 0x1)
0  ... 
2  -O                                                                        (1 = 100.0%) {0.0%}
3  ... 

Histogram: Navigation.MainFrame.ThirdPartyCookieBlockingEnabled recorded 2 samples, mean = 0.0 (flags = 0x1)
0  --O                                                                       (2 = 100.0%)
1  ... 

Histogram: Navigation.MainFrameHasRTLDomain2 recorded 2 samples, mean = 0.0 (flags = 0x1)
0  --O                                                                       (2 = 100.0%)
1  ... 

Histogram: Navigation.MainFrameHasRTLDomainDifferentPage2 recorded 1 samples, mean = 0.0 (flags = 0x1)
0  -O                                                                        (1 = 100.0%)
1  ... 

Histogram: Navigation.MainFrameProfileType2 recorded 2 samples, mean = 0.0 (flags = 0x1)
0  --O                                                                       (2 = 100.0%)
1  ... 

Histogram: Navigation.MainFrameScheme2 recorded 2 samples, mean = 2.0 (flags = 0x1)
0  ... 
2  --O                                                                       (2 = 100.0%) {0.0%}
3  ... 

Histogram: Navigation.MainFrameSchemeDifferentPage2 recorded 1 samples, mean = 2.0 (flags = 0x1)
0  ... 
2  -O                                                                        (1 = 100.0%) {0.0%}
3  ... 

Histogram: Navigation.OnBeforeUnloadOverheadTime recorded 2 samples, mean = 1456.0 (flags = 0x1)
0     ... 
10    -O                                                                        (1 = 50.0%) {0.0%}
12    ... 
2516  -O                                                                        (1 = 50.0%) {50.0%}
2990  ... 

Histogram: Navigation.OnBeforeUnloadTotalTime recorded 2 samples, mean = 0.0 (flags = 0x1)
0  --O                                                                       (2 = 100.0%)
1  ... 

Histogram: Navigation.OriginAgentCluster.Result recorded 1 samples, mean = 9.0 (flags = 0x1)
0  ... 
9  -O                                                                        (1 = 100.0%) {0.0%}
10 O                                                                         (0 = 0.0%) {100.0%}

Histogram: Navigation.PendingCommit.DidBlockGetFrameHostForNavigation.Regular recorded 1 samples, mean = 0.0 (flags = 0x1)
0  -O                                                                        (1 = 100.0%)
1  ... 

Histogram: Navigation.PendingCommit.Duration.Regular recorded 1 samples, mean = 50.0 (flags = 0x1)
0   ... 
48  -O                                                                        (1 = 100.0%) {0.0%}
57  ... 

Histogram: Navigation.Preconnect.PreresolveJobQueueLength recorded 14 samples, mean = 0.5 (flags = 0x1)
0  -------O                                                                  (7 = 50.0%)
1  -------O                                                                  (7 = 50.0%) {50.0%}
2  ... 

Histogram: Navigation.Preconnect.PreresolveJobQueueingTime recorded 7 samples, mean = 0.0 (flags = 0x1)
0  -------O                                                                  (7 = 100.0%)
1  ... 

Histogram: Navigation.Preconnect.ProxyLookupCallbackQueueingTime recorded 7 samples, mean = 101.9 (flags = 0x1)
0    --O                                                                       (2 = 28.6%)
1    ... 
12   -O                                                                        (1 = 14.3%) {28.6%}
14   -O                                                                        (1 = 14.3%) {42.9%}
17   ... 
48   -O                                                                        (1 = 14.3%) {57.1%}
57   ... 
268  --O                                                                       (2 = 28.6%) {71.4%}
318  ... 

Histogram: Navigation.Preconnect.ProxyLookupLatency recorded 7 samples, mean = 530.6 (flags = 0x1)
0     --O                                                                       (2 = 28.6%)
1     ... 
14    --O                                                                       (2 = 28.6%) {28.6%}
17    ... 
57    -O                                                                        (1 = 14.3%) {57.1%}
68    ... 
318   -O                                                                        (1 = 14.3%) {71.4%}
378   ... 
2990  -O                                                                        (1 = 14.3%) {85.7%}
3553  ... 

Histogram: Navigation.Preconnect.ResolveHostCallbackQueueingTime recorded 7 samples, mean = 86.6 (flags = 0x1)
0    ... 
3    -O                                                                        (1 = 14.3%) {0.0%}
4    O                                                                         (0 = 0.0%) {14.3%}
5    -O                                                                        (1 = 14.3%) {14.3%}
6    ... 
14   -O                                                                        (1 = 14.3%) {28.6%}
17   ... 
40   -O                                                                        (1 = 14.3%) {42.9%}
48   -O                                                                        (1 = 14.3%) {57.1%}
57   ... 
226  --O                                                                       (2 = 28.6%) {71.4%}
268  ... 

Histogram: Navigation.Preconnect.ResolveHostLatency recorded 7 samples, mean = 91.0 (flags = 0x1)
0    ... 
3    -O                                                                        (1 = 14.3%) {0.0%}
4    ... 
14   --O                                                                       (2 = 28.6%) {14.3%}
17   ... 
57   --O                                                                       (2 = 28.6%) {42.9%}
68   ... 
226  --O                                                                       (2 = 28.6%) {71.4%}
268  ... 

Histogram: Navigation.ProcessNavigationThrottlesTime.WillStartRequest.MainFrame recorded 2 samples, mean = 0.5 (flags = 0x1)
0  -O                                                                        (1 = 50.0%)
1  -O                                                                        (1 = 50.0%) {50.0%}
2  ... 

Histogram: Navigation.QueueTime.OnReceiveRedirect.MainFrame recorded 1 samples, mean = 102.0 (flags = 0x1)
0   ... 
96  -O                                                                        (1 = 100.0%) {0.0%}
114 ... 

Histogram: Navigation.QueueTime.OnReceiveResponse.MainFrame recorded 1 samples, mean = 9.0 (flags = 0x1)
0  ... 
8  -O                                                                        (1 = 100.0%) {0.0%}
10 ... 

Histogram: Navigation.ReadyToCommitUntilCommit2 recorded 1 samples, mean = 50.0 (flags = 0x1)
0   ... 
41  -O                                                                        (1 = 100.0%) {0.0%}
52  ... 

Histogram: Navigation.ReadyToCommitUntilCommit2.ForegroundProcessPriority recorded 1 samples, mean = 50.0 (flags = 0x1)
0   ... 
41  -O                                                                        (1 = 100.0%) {0.0%}
52  ... 

Histogram: Navigation.ReadyToCommitUntilCommit2.NewNavigation recorded 1 samples, mean = 50.0 (flags = 0x1)
0   ... 
41  -O                                                                        (1 = 100.0%) {0.0%}
52  ... 

Histogram: Navigation.RegisterNavigationThrottlesTime.MainFrame recorded 2 samples, mean = 0.0 (flags = 0x1)
0  --O                                                                       (2 = 100.0%)
1  ... 

Histogram: Navigation.RenderFrameDelete recorded 1 samples, mean = 1.0 (flags = 0x1)
0  O                                                                         (0 = 0.0%)
1  -O                                                                        (1 = 100.0%) {0.0%}
2  ... 

Histogram: Navigation.RenderFrameHostConstructor recorded 4 samples, mean = 0.0 (flags = 0x1)
0  ----O                                                                     (4 = 100.0%)
1  ... 

Histogram: Navigation.RenderFrameHostDestructor recorded 4 samples, mean = 0.5 (flags = 0x1)
0  --O                                                                       (2 = 50.0%)
1  --O                                                                       (2 = 50.0%) {50.0%}
2  ... 

Histogram: Navigation.RenderViewHostConstructor recorded 2 samples, mean = 0.0 (flags = 0x1)
0  --O                                                                       (2 = 100.0%)
1  ... 

Histogram: Navigation.RenderViewHostDestructor recorded 2 samples, mean = 0.5 (flags = 0x1)
0  -O                                                                        (1 = 50.0%)
1  -O                                                                        (1 = 50.0%) {50.0%}
2  ... 

Histogram: Navigation.RenderWidgetHostConstructor recorded 2 samples, mean = 0.0 (flags = 0x1)
0  --O                                                                       (2 = 100.0%)
1  ... 

Histogram: Navigation.RenderWidgetHostDestructor recorded 2 samples, mean = 0.0 (flags = 0x1)
0  --O                                                                       (2 = 100.0%)
1  ... 

Histogram: Navigation.RendererCommitDelay.MainFrame recorded 1 samples, mean = 26.0 (flags = 0x1)
0   ... 
24  -O                                                                        (1 = 100.0%) {0.0%}
29  ... 

Histogram: Navigation.RendererCommitQueueTime.MainFrame recorded 1 samples, mean = 24.0 (flags = 0x1)
0   ... 
24  -O                                                                        (1 = 100.0%) {0.0%}
29  ... 

Histogram: Navigation.RendererDidNavigateTime.MainFrame recorded 1 samples, mean = 0.0 (flags = 0x1)
0  -O                                                                        (1 = 100.0%)
1  ... 

Histogram: Navigation.RendererDidNavigateTime.Subframe recorded 2 samples, mean = 0.0 (flags = 0x1)
0  --O                                                                       (2 = 100.0%)
1  ... 

Histogram: Navigation.RequiresDedicatedProcess recorded 1 samples, mean = 1.0 (flags = 0x1)
0  O                                                                         (0 = 0.0%)
1  -O                                                                        (1 = 100.0%) {0.0%}
2  O                                                                         (0 = 0.0%) {100.0%}

Histogram: Navigation.RequiresDedicatedProcess.HTTPOrHTTPS recorded 1 samples, mean = 1.0 (flags = 0x1)
0  O                                                                         (0 = 0.0%)
1  -O                                                                        (1 = 100.0%) {0.0%}
2  O                                                                         (0 = 0.0%) {100.0%}

Histogram: Navigation.SameDocumentNavigationWithScreenshot recorded 1 samples, mean = 0.0 (flags = 0x1)
0  -O                                                                        (1 = 100.0%)
1  ... 

Histogram: Navigation.SendCommitNavigationTime.MainFrame recorded 1 samples, mean = 0.0 (flags = 0x1)
0  -O                                                                        (1 = 100.0%)
1  ... 

Histogram: Navigation.StartToCommit recorded 3 samples, mean = 1311.0 (flags = 0x1)
0     --O                                                                       (2 = 66.7%)
1     ... 
3900  -O                                                                        (1 = 33.3%) {66.7%}
4955  ... 

Histogram: Navigation.StartToCommit.CrossProcess recorded 1 samples, mean = 3933.0 (flags = 0x1)
0     ... 
3900  -O                                                                        (1 = 100.0%) {0.0%}
4955  ... 

Histogram: Navigation.StartToCommit.CrossProcess.ForegroundProcessPriority recorded 1 samples, mean = 3933.0 (flags = 0x1)
0     ... 
3900  -O                                                                        (1 = 100.0%) {0.0%}
4955  ... 

Histogram: Navigation.StartToCommit.CrossProcess.MainFrame recorded 1 samples, mean = 3933.0 (flags = 0x1)
0     ... 
3900  -O                                                                        (1 = 100.0%) {0.0%}
4955  ... 

Histogram: Navigation.StartToCommit.CrossProcess.MainFrame.ForegroundProcessPriority recorded 1 samples, mean = 3933.0 (flags = 0x1)
0     ... 
3900  -O                                                                        (1 = 100.0%) {0.0%}
4955  ... 

Histogram: Navigation.StartToCommit.CrossProcess.MainFrame.NewNavigation recorded 1 samples, mean = 3933.0 (flags = 0x1)
0     ... 
3900  -O                                                                        (1 = 100.0%) {0.0%}
4955  ... 

Histogram: Navigation.StartToCommit.CrossProcess.NewNavigation recorded 1 samples, mean = 3933.0 (flags = 0x1)
0     ... 
3900  -O                                                                        (1 = 100.0%) {0.0%}
4955  ... 

Histogram: Navigation.StartToCommit.ForegroundProcessPriority recorded 3 samples, mean = 1311.0 (flags = 0x1)
0     --O                                                                       (2 = 66.7%)
1     ... 
3900  -O                                                                        (1 = 33.3%) {66.7%}
4955  ... 

Histogram: Navigation.StartToCommit.MainFrame recorded 1 samples, mean = 3933.0 (flags = 0x1)
0     ... 
3900  -O                                                                        (1 = 100.0%) {0.0%}
4955  ... 

Histogram: Navigation.StartToCommit.MainFrame.ForegroundProcessPriority recorded 1 samples, mean = 3933.0 (flags = 0x1)
0     ... 
3900  -O                                                                        (1 = 100.0%) {0.0%}
4955  ... 

Histogram: Navigation.StartToCommit.MainFrame.NewNavigation recorded 1 samples, mean = 3933.0 (flags = 0x1)
0     ... 
3900  -O                                                                        (1 = 100.0%) {0.0%}
4955  ... 

Histogram: Navigation.StartToCommit.NewNavigation recorded 3 samples, mean = 1311.0 (flags = 0x1)
0     --O                                                                       (2 = 66.7%)
1     ... 
3900  -O                                                                        (1 = 33.3%) {66.7%}
4955  ... 

Histogram: Navigation.StartToCommit.SameProcess recorded 2 samples, mean = 0.0 (flags = 0x1)
0  --O                                                                       (2 = 100.0%)
1  ... 

Histogram: Navigation.StartToCommit.SameProcess.ForegroundProcessPriority recorded 2 samples, mean = 0.0 (flags = 0x1)
0  --O                                                                       (2 = 100.0%)
1  ... 

Histogram: Navigation.StartToCommit.SameProcess.NewNavigation recorded 2 samples, mean = 0.0 (flags = 0x1)
0  --O                                                                       (2 = 100.0%)
1  ... 

Histogram: Navigation.StartToCommit.SameProcess.Subframe recorded 2 samples, mean = 0.0 (flags = 0x1)
0  --O                                                                       (2 = 100.0%)
1  ... 

Histogram: Navigation.StartToCommit.SameProcess.Subframe.ForegroundProcessPriority recorded 2 samples, mean = 0.0 (flags = 0x1)
0  --O                                                                       (2 = 100.0%)
1  ... 

Histogram: Navigation.StartToCommit.SameProcess.Subframe.NewNavigation recorded 2 samples, mean = 0.0 (flags = 0x1)
0  --O                                                                       (2 = 100.0%)
1  ... 

Histogram: Navigation.StartToCommit.Subframe recorded 2 samples, mean = 0.0 (flags = 0x1)
0  --O                                                                       (2 = 100.0%)
1  ... 

Histogram: Navigation.StartToCommit.Subframe.ForegroundProcessPriority recorded 2 samples, mean = 0.0 (flags = 0x1)
0  --O                                                                       (2 = 100.0%)
1  ... 

Histogram: Navigation.StartToCommit.Subframe.NewNavigation recorded 2 samples, mean = 0.0 (flags = 0x1)
0  --O                                                                       (2 = 100.0%)
1  ... 

Histogram: Navigation.SuddenTerminationDisabler.AllOrigins recorded 1 samples, mean = 13.0 (flags = 0x1)
0   ... 
13  -O                                                                        (1 = 100.0%) {0.0%}
14  ... 

Histogram: Navigation.SuddenTerminationDisabler.SameOrigin recorded 1 samples, mean = 13.0 (flags = 0x1)
0   ... 
13  -O                                                                        (1 = 100.0%) {0.0%}
14  ... 

Histogram: Navigation.SwapRFHToCompositorCreation recorded 1 samples, mean = 66.0 (flags = 0x1)
0   ... 
60  -O                                                                        (1 = 100.0%) {0.0%}
78  ... 

Histogram: Navigation.ThrottleCount recorded 2 samples, mean = 20.0 (flags = 0x1)
0   ... 
20  --O                                                                       (2 = 100.0%) {0.0%}
21  ... 

Histogram: Navigation.ThrottleEventDurationTime.WillProcessResponse recorded 1 samples, mean = 0.0 (flags = 0x1)
0  -O                                                                        (1 = 100.0%)
1  ... 

Histogram: Navigation.ThrottleEventDurationTime.WillRedirectRequest recorded 1 samples, mean = 0.0 (flags = 0x1)
0  -O                                                                        (1 = 100.0%)
1  ... 

Histogram: Navigation.ThrottleEventDurationTime.WillStartRequest recorded 2 samples, mean = 0.5 (flags = 0x1)
0  -O                                                                        (1 = 50.0%)
1  -O                                                                        (1 = 50.0%) {50.0%}
2  ... 

Histogram: Navigation.ThrottleEventExecutionTime.WillProcessResponse recorded 1 samples, mean = 0.0 (flags = 0x1)
0  -O                                                                        (1 = 100.0%)
1  ... 

Histogram: Navigation.ThrottleEventExecutionTime.WillRedirectRequest recorded 1 samples, mean = 0.0 (flags = 0x1)
0  -O                                                                        (1 = 100.0%)
1  ... 

Histogram: Navigation.ThrottleEventExecutionTime.WillStartRequest recorded 2 samples, mean = 0.5 (flags = 0x1)
0  -O                                                                        (1 = 50.0%)
1  -O                                                                        (1 = 50.0%) {50.0%}
2  ... 

Histogram: Navigation.ThrottleExecutionTime.WillProcessResponse recorded 20 samples, mean = 0.0 (flags = 0x1)
0  --------------------O                                                     (20 = 100.0%)
1  ... 

Histogram: Navigation.ThrottleExecutionTime.WillRedirectRequest recorded 20 samples, mean = 0.0 (flags = 0x1)
0  --------------------O                                                     (20 = 100.0%)
1  ... 

Histogram: Navigation.ThrottleExecutionTime.WillStartRequest recorded 40 samples, mean = 0.0 (flags = 0x1)
0  ----------------------------------------O                                 (40 = 100.0%)
1  ... 

Histogram: Navigation.ThrottleTotalDeferCount recorded 5 samples, mean = 0.0 (flags = 0x1)
0  -----O                                                                    (5 = 100.0%)
1  ... 

Histogram: Navigation.ThrottleTotalDeferCount.Request recorded 5 samples, mean = 0.0 (flags = 0x1)
0  -----O                                                                    (5 = 100.0%)
1  ... 

Histogram: Navigation.ThrottleTotalDeferTime recorded 5 samples, mean = 0.0 (flags = 0x1)
0  -----O                                                                    (5 = 100.0%)
1  ... 

Histogram: Navigation.ThrottleTotalDeferTime.Request recorded 5 samples, mean = 0.0 (flags = 0x1)
0  -----O                                                                    (5 = 100.0%)
1  ... 

Histogram: Navigation.Throttles.PolicyBlocklist.DeferDurationTime recorded 2 samples, mean = 0.0 (flags = 0x1)
0  --O                                                                       (2 = 100.0%)
1  ... 

Histogram: Navigation.Throttles.PolicyBlocklist.RequestThrottleAction recorded 2 samples, mean = 2.5 (flags = 0x1)
0  O                                                                         (0 = 0.0%)
1  -O                                                                        (1 = 50.0%) {0.0%}
2  ... 
4  -O                                                                        (1 = 50.0%) {50.0%}
5  ... 

Histogram: Navigation.Throttles.PolicyBlocklist.RequestToResponseTime recorded 1 samples, mean = 0.0 (flags = 0x1)
0  -O                                                                        (1 = 100.0%)
1  ... 

Histogram: Navigation.TimeToReadyToCommit2 recorded 1 samples, mean = 3882.0 (flags = 0x1)
0     ... 
3069  -O                                                                        (1 = 100.0%) {0.0%}
3900  ... 

Histogram: Navigation.TimeToReadyToCommit2.CrossProcess recorded 1 samples, mean = 3882.0 (flags = 0x1)
0     ... 
3069  -O                                                                        (1 = 100.0%) {0.0%}
3900  ... 

Histogram: Navigation.TimeToReadyToCommit2.CrossProcess.NewNavigation recorded 1 samples, mean = 3882.0 (flags = 0x1)
0     ... 
3069  -O                                                                        (1 = 100.0%) {0.0%}
3900  ... 

Histogram: Navigation.TimeToReadyToCommit2.MainFrame recorded 1 samples, mean = 3882.0 (flags = 0x1)
0     ... 
3069  -O                                                                        (1 = 100.0%) {0.0%}
3900  ... 

Histogram: Navigation.TimeToReadyToCommit2.MainFrame.NewNavigation recorded 1 samples, mean = 3882.0 (flags = 0x1)
0     ... 
3069  -O                                                                        (1 = 100.0%) {0.0%}
3900  ... 

Histogram: Navigation.TimeToReadyToCommit2.NewNavigation recorded 1 samples, mean = 3882.0 (flags = 0x1)
0     ... 
3069  -O                                                                        (1 = 100.0%) {0.0%}
3900  ... 

Histogram: Navigation.TpcdMitigations.MetadataInstallationResult recorded 1 samples, mean = 0.0 (flags = 0x1)
0  -O                                                                        (1 = 100.0%)
1  ... 

Histogram: Navigation.Unload recorded 1 samples, mean = 0.0 (flags = 0x1)
0  -O                                                                        (1 = 100.0%)
1  ... 

Histogram: Navigation.UserAgentStringType recorded 4 samples, mean = 1.0 (flags = 0x1)
0  O                                                                         (0 = 0.0%)
1  ----O                                                                     (4 = 100.0%) {0.0%}
2  ... 

Histogram: Navigation.WillStartRequestToLoaderStart.MainFrame recorded 2 samples, mean = 0.5 (flags = 0x1)
0  -O                                                                        (1 = 50.0%)
1  -O                                                                        (1 = 50.0%) {50.0%}
2  ... 

Histogram: NavigationPredictor.SearchEnginePreconnector.IsBrowserAppLikelyInForeground recorded 15 samples, mean = 0.1 (flags = 0x1)
0  -------------O                                                            (13 = 86.7%)
1  --O                                                                       (2 = 13.3%) {86.7%}
2  O                                                                         (0 = 0.0%) {100.0%}

Histogram: NavigationSuggestion.GetDomainInfoDelayBeforeAllowingNavigation recorded 1 samples, mean = 0.0 (flags = 0x1)
0  -O                                                                        (1 = 100.0%)
1  ... 

Histogram: NavigationSuggestion.IsLookalikeUrlDelayBeforeAllowingNavigation recorded 1 samples, mean = 0.0 (flags = 0x1)
0  -O                                                                        (1 = 100.0%)
1  ... 

Histogram: NavigationSuggestion.PerformChecksDelayBeforeAllowingNavigation recorded 1 samples, mean = 0.0 (flags = 0x1)
0  -O                                                                        (1 = 100.0%)
1  ... 

Histogram: Net.AlternateProtocolUsage recorded 41 samples, mean = 4.4 (flags = 0x1)
0  O                                                                         (0 = 0.0%)
1  ---------O                                                                (9 = 22.0%) {0.0%}
2  -O                                                                        (1 = 2.4%) {22.0%}
3  -----O                                                                    (5 = 12.2%) {24.4%}
4  --------O                                                                 (8 = 19.5%) {36.6%}
5  O                                                                         (0 = 0.0%) {56.1%}
6  --O                                                                       (2 = 4.9%) {56.1%}
7  ----------------O                                                         (16 = 39.0%) {61.0%}
8  O                                                                         (0 = 0.0%) {100.0%}

Histogram: Net.AlternateProtocolUsageGoogle recorded 14 samples, mean = 2.2 (flags = 0x1)
0  O                                                                         (0 = 0.0%)
1  ---------O                                                                (9 = 64.3%) {0.0%}
2  -O                                                                        (1 = 7.1%) {64.3%}
3  --O                                                                       (2 = 14.3%) {71.4%}
4  ... 
7  --O                                                                       (2 = 14.3%) {85.7%}
8  O                                                                         (0 = 0.0%) {100.0%}

Histogram: Net.AlternativeServiceTypeForRequest recorded 37 samples, mean = 0.3 (flags = 0x1)
0  ---------------------------O                                              (27 = 73.0%)
1  ----------O                                                               (10 = 27.0%) {73.0%}
2  ... 

Histogram: Net.CertVerifier.PathBuilderIterationCount recorded 18 samples, mean = 2.0 (flags = 0x1)
0  ... 
2  ------------------O                                                       (18 = 100.0%) {0.0%}
3  ... 

Histogram: Net.CertVerifier_First_Job_Latency recorded 2 samples, mean = 233.0 (flags = 0x1)
0    ... 
20   -O                                                                        (1 = 50.0%) {0.0%}
23   ... 
446  -O                                                                        (1 = 50.0%) {50.0%}
505  ... 

Histogram: Net.CertVerifier_Job_Latency recorded 18 samples, mean = 63.7 (flags = 0x1)
0    ... 
18   --O                                                                       (2 = 11.1%) {0.0%}
20   ------O                                                                   (6 = 33.3%) {11.1%}
23   -O                                                                        (1 = 5.6%) {44.4%}
26   ----O                                                                     (4 = 22.2%) {50.0%}
29   -O                                                                        (1 = 5.6%) {72.2%}
33   -O                                                                        (1 = 5.6%) {77.8%}
37   ... 
88   -O                                                                        (1 = 5.6%) {83.3%}
100  ... 
239  -O                                                                        (1 = 5.6%) {88.9%}
271  ... 
446  -O                                                                        (1 = 5.6%) {94.4%}
505  ... 

Histogram: Net.Certificate.TrustAnchor.Request recorded 26 samples (flags = 0x1)
210  ----O                                                                     (4 = 15.4%)
486  ----------------------O                                                   (22 = 84.6%)

Histogram: Net.Certificate.TrustAnchor.Verify recorded 18 samples (flags = 0x1)
210  --O                                                                       (2 = 11.1%)
486  ----------------O                                                         (16 = 88.9%)

Histogram: Net.ConnectionInfo.MainFrame recorded 1 samples, mean = 4.0 (flags = 0x1)
0  ... 
4  -O                                                                        (1 = 100.0%) {0.0%}
5  ... 

Histogram: Net.ConnectionInfo.SubResource recorded 12 samples, mean = 7.0 (flags = 0x1)
0   ... 
4   -----------O                                                              (11 = 91.7%) {0.0%}
5   ... 
40  -O                                                                        (1 = 8.3%) {91.7%}
41  ... 

Histogram: Net.ContentEncodingType recorded 61 samples, mean = 1.0 (flags = 0x1)
0  ----------------O                                                         (16 = 26.2%)
1  --------------------------------O                                         (32 = 52.5%) {26.2%}
2  -------------O                                                            (13 = 21.3%) {78.7%}
3  ... 

Histogram: Net.Cors.AccessCheckResult recorded 6 samples, mean = 0.0 (flags = 0x1)
0  ------O                                                                   (6 = 100.0%)
1  ... 

Histogram: Net.CountOfBrokenAlternativeServices recorded 1 samples, mean = 1.0 (flags = 0x1)
0  O                                                                         (0 = 0.0%)
1  -O                                                                        (1 = 100.0%) {0.0%}
2  ... 

Histogram: Net.CountOfQuicServerInfos recorded 1 samples, mean = 0.0 (flags = 0x1)
0  -O                                                                        (1 = 100.0%)
1  ... 

Histogram: Net.CountOfRecentlyBrokenAlternativeServices recorded 1 samples, mean = 5.0 (flags = 0x1)
0  ... 
5  -O                                                                        (1 = 100.0%) {0.0%}
6  ... 

Histogram: Net.DNS.DnsConfig.DnsClientCapability recorded 42 samples, mean = 1.0 (flags = 0x1)
0  O                                                                         (0 = 0.0%)
1  ------------------------------------------O                               (42 = 100.0%) {0.0%}
2  ... 

Histogram: Net.DNS.DnsConfig.SecureDnsMode recorded 1 samples, mean = 4.0 (flags = 0x1)
0  ... 
4  -O                                                                        (1 = 100.0%) {0.0%}
5  ... 

Histogram: Net.DNS.DnsConfig.Windows.Compatibility recorded 1 samples, mean = 0.0 (flags = 0x1)
0  -O                                                                        (1 = 100.0%)
1  ... 

Histogram: Net.DNS.DnsConfig.Windows.ReadSystemSettings0 recorded 1 samples, mean = 0.0 (flags = 0x1)
0  -O                                                                        (1 = 100.0%)
1  ... 

Histogram: Net.DNS.DnsHosts.Count recorded 1 samples, mean = 0.0 (flags = 0x1)
0  -O                                                                        (1 = 100.0%)
1  ... 

Histogram: Net.DNS.DnsHosts.EstimateMemoryUsage recorded 1 samples, mean = 0.0 (flags = 0x1)
0  -O                                                                        (1 = 100.0%)
1000... 

Histogram: Net.DNS.DnsHosts.FileSize recorded 1 samples, mean = 824.0 (flags = 0x1)
0    ... 
737  -O                                                                        (1 = 100.0%) {0.0%}
1065 ... 

Histogram: Net.DNS.DnsTask.SuccessTime recorded 16 samples, mean = 19.0 (flags = 0x1)
0   ... 
10  ---O                                                                      (3 = 18.8%) {0.0%}
12  O                                                                         (0 = 0.0%) {18.8%}
14  -O                                                                        (1 = 6.2%) {18.8%}
16  ----O                                                                     (4 = 25.0%) {25.0%}
18  --O                                                                       (2 = 12.5%) {50.0%}
21  --O                                                                       (2 = 12.5%) {62.5%}
24  ---O                                                                      (3 = 18.8%) {75.0%}
28  O                                                                         (0 = 0.0%) {93.8%}
32  -O                                                                        (1 = 6.2%) {93.8%}
37  ... 

Histogram: Net.DNS.DnsTask.SvcbHttpsTransactionError recorded 16 samples, mean = 0.0 (flags = 0x1)
0  ----------------O                                                         (16 = 100.0%)
1  ... 

Histogram: Net.DNS.DnsTransaction.AttemptType recorded 48 samples, mean = 0.0 (flags = 0x1)
0  ------------------------------------------------O                         (48 = 100.0%)
1  ... 

Histogram: Net.DNS.DnsTransaction.Insecure.Other.SuccessTime recorded 48 samples, mean = 15.4 (flags = 0x1)
0   ... 
6   --O                                                                       (2 = 4.2%) {0.0%}
8   ----------O                                                               (10 = 20.8%) {4.2%}
10  ------O                                                                   (6 = 12.5%) {25.0%}
13  -------O                                                                  (7 = 14.6%) {37.5%}
16  -----------O                                                              (11 = 22.9%) {52.1%}
20  ----------O                                                               (10 = 20.8%) {75.0%}
25  O                                                                         (0 = 0.0%) {95.8%}
32  --O                                                                       (2 = 4.2%) {95.8%}
41  ... 

Histogram: Net.DNS.H3SupportedGoogleHost.TaskTypeMetadataAvailability2 recorded 1 samples, mean = 3.0 (flags = 0x1)
0  ... 
3  -O                                                                        (1 = 100.0%) {0.0%}
4  ... 

Histogram: Net.DNS.HTTPSSVC.RecordHttps.Insecure.ExpectNoerror.DnsRcode recorded 16 samples, mean = 3.0 (flags = 0x1)
0  ... 
3  ----------------O                                                         (16 = 100.0%) {0.0%}
4  ... 

Histogram: Net.DNS.HTTPSSVC.RecordHttps.Insecure.ExpectNoerror.Parsable recorded 3 samples, mean = 1.0 (flags = 0x1)
0  O                                                                         (0 = 0.0%)
1  ---O                                                                      (3 = 100.0%) {0.0%}
2  O                                                                         (0 = 0.0%) {100.0%}

Histogram: Net.DNS.HTTPSSVC.RecordHttps.Insecure.ExpectNoerror.ResolveTimeAddress recorded 32 samples, mean = 17.1 (flags = 0x1)
0   ... 
6   --O                                                                       (2 = 6.2%) {0.0%}
8   ---O                                                                      (3 = 9.4%) {6.2%}
10  --O                                                                       (2 = 6.2%) {15.6%}
13  ------O                                                                   (6 = 18.8%) {21.9%}
16  --------O                                                                 (8 = 25.0%) {40.6%}
20  --------O                                                                 (8 = 25.0%) {65.6%}
25  -O                                                                        (1 = 3.1%) {90.6%}
32  --O                                                                       (2 = 6.2%) {93.8%}
41  ... 

Histogram: Net.DNS.HTTPSSVC.RecordHttps.Insecure.ExpectNoerror.ResolveTimeExperimental recorded 16 samples, mean = 13.3 (flags = 0x1)
0   ... 
8   ---O                                                                      (3 = 18.8%) {0.0%}
10  ------O                                                                   (6 = 37.5%) {18.8%}
13  --O                                                                       (2 = 12.5%) {56.2%}
16  ---O                                                                      (3 = 18.8%) {68.8%}
20  --O                                                                       (2 = 12.5%) {87.5%}
25  ... 

Histogram: Net.DNS.HTTPSSVC.RecordHttps.Insecure.ExpectNoerror.ResolveTimeRatio recorded 16 samples, mean = 7.4 (flags = 0x1)
0   ... 
4   --O                                                                       (2 = 12.5%) {0.0%}
5   ---O                                                                      (3 = 18.8%) {12.5%}
6   ---O                                                                      (3 = 18.8%) {31.2%}
7   -O                                                                        (1 = 6.2%) {50.0%}
8   O                                                                         (0 = 0.0%) {56.2%}
9   --O                                                                       (2 = 12.5%) {56.2%}
10  ---O                                                                      (3 = 18.8%) {68.8%}
11  -O                                                                        (1 = 6.2%) {87.5%}
12  -O                                                                        (1 = 6.2%) {93.8%}
13  ... 

Histogram: Net.DNS.JobQueueTime.PerTransaction recorded 48 samples, mean = 0.1 (flags = 0x1)
0  -------------------------------------------O                              (43 = 89.6%)
1  -----O                                                                    (5 = 10.4%) {89.6%}
2  ... 

Histogram: Net.DNS.JobQueueTime.Success recorded 16 samples, mean = 0.9 (flags = 0x1)
0  ---O                                                                      (3 = 18.8%)
1  -----------O                                                              (11 = 68.8%) {18.8%}
2  --O                                                                       (2 = 12.5%) {87.5%}
3  ... 

Histogram: Net.DNS.Request.TotalTime recorded 166 samples, mean = 1.8 (flags = 0x1)
0   ------------------------------------------------------------------------O (152 = 91.6%)
10  O                                                                         (1 = 0.6%) {91.6%}
12  O                                                                         (1 = 0.6%) {92.2%}
15  -O                                                                        (3 = 1.8%) {92.8%}
18  --O                                                                       (4 = 2.4%) {94.6%}
22  --O                                                                       (4 = 2.4%) {97.0%}
27  O                                                                         (0 = 0.0%) {99.4%}
33  O                                                                         (1 = 0.6%) {99.4%}
41  ... 

Histogram: Net.DNS.Request.TotalTimeAsync recorded 25 samples, mean = 12.2 (flags = 0x1)
0   -----------O                                                              (11 = 44.0%)
10  -O                                                                        (1 = 4.0%) {44.0%}
12  -O                                                                        (1 = 4.0%) {48.0%}
15  ---O                                                                      (3 = 12.0%) {52.0%}
18  ----O                                                                     (4 = 16.0%) {64.0%}
22  ----O                                                                     (4 = 16.0%) {80.0%}
27  O                                                                         (0 = 0.0%) {96.0%}
33  -O                                                                        (1 = 4.0%) {96.0%}
41  ... 

Histogram: Net.DNS.ResolveCategory recorded 26 samples, mean = 0.5 (flags = 0x1)
0  ---------------O                                                          (15 = 57.7%)
1  ----------O                                                               (10 = 38.5%) {57.7%}
2  -O                                                                        (1 = 3.8%) {96.2%}
3  ... 

Histogram: Net.DNS.ResolveError.Fast recorded 10 samples (flags = 0x1)
105  ----------O                                                               (10 = 100.0%)

Histogram: Net.DNS.ResolveFailureTime recorded 10 samples, mean = 1.3 (flags = 0x1)
0  -------O                                                                  (7 = 70.0%)
1  ... 
3  -O                                                                        (1 = 10.0%) {70.0%}
4  -O                                                                        (1 = 10.0%) {80.0%}
5  O                                                                         (0 = 0.0%) {90.0%}
6  -O                                                                        (1 = 10.0%) {90.0%}
7  ... 

Histogram: Net.DNS.ResolveSuccessTime recorded 15 samples, mean = 19.7 (flags = 0x1)
0   ... 
10  --O                                                                       (2 = 13.3%) {0.0%}
12  O                                                                         (0 = 0.0%) {13.3%}
14  -O                                                                        (1 = 6.7%) {13.3%}
16  ----O                                                                     (4 = 26.7%) {20.0%}
18  --O                                                                       (2 = 13.3%) {46.7%}
21  --O                                                                       (2 = 13.3%) {60.0%}
24  ---O                                                                      (3 = 20.0%) {73.3%}
28  O                                                                         (0 = 0.0%) {93.3%}
32  -O                                                                        (1 = 6.7%) {93.3%}
37  ... 

Histogram: Net.DNS.SystemTask.FailureTime recorded 10 samples, mean = 1.3 (flags = 0x1)
0  -------O                                                                  (7 = 70.0%)
1  ... 
3  -O                                                                        (1 = 10.0%) {70.0%}
4  -O                                                                        (1 = 10.0%) {80.0%}
5  O                                                                         (0 = 0.0%) {90.0%}
6  -O                                                                        (1 = 10.0%) {90.0%}
7  ... 

Histogram: Net.DNS.UpgradeConfig.HasPublicInsecureNameserver recorded 1 samples, mean = 0.0 (flags = 0x1)
0  -O                                                                        (1 = 100.0%)
1  ... 

Histogram: Net.DNS.UpgradeConfig.Ineligible.DohSpecified recorded 1 samples, mean = 0.0 (flags = 0x1)
0  -O                                                                        (1 = 100.0%)
1  ... 

Histogram: Net.DNS.UpgradeConfig.Ineligible.UnhandledOptions recorded 1 samples, mean = 0.0 (flags = 0x1)
0  -O                                                                        (1 = 100.0%)
1  ... 

Histogram: Net.DNS.UpgradeConfig.InsecureUpgradeSucceeded recorded 1 samples, mean = 0.0 (flags = 0x1)
0  -O                                                                        (1 = 100.0%)
1  ... 

Histogram: Net.DNS_Resolution_And_TCP_Connection_Latency2 recorded 12 samples, mean = 38.1 (flags = 0x1)
0   ... 
4   -O                                                                        (1 = 8.3%) {0.0%}
5   -O                                                                        (1 = 8.3%) {8.3%}
6   ... 
12  -O                                                                        (1 = 8.3%) {16.7%}
14  O                                                                         (0 = 0.0%) {25.0%}
16  -O                                                                        (1 = 8.3%) {25.0%}
18  ... 
23  -O                                                                        (1 = 8.3%) {33.3%}
26  ... 
37  -O                                                                        (1 = 8.3%) {41.7%}
42  --O                                                                       (2 = 16.7%) {50.0%}
48  -O                                                                        (1 = 8.3%) {66.7%}
54  O                                                                         (0 = 0.0%) {75.0%}
61  -O                                                                        (1 = 8.3%) {75.0%}
69  -O                                                                        (1 = 8.3%) {83.3%}
78  -O                                                                        (1 = 8.3%) {91.7%}
88  ... 

Histogram: Net.Dns.ResolveTimeDiff.AAAABeforeA.FirstRecord10msTo25ms recorded 8 samples, mean = 2.4 (flags = 0x1)
0  --O                                                                       (2 = 25.0%)
1  -O                                                                        (1 = 12.5%) {25.0%}
2  -O                                                                        (1 = 12.5%) {37.5%}
3  --O                                                                       (2 = 25.0%) {50.0%}
4  -O                                                                        (1 = 12.5%) {75.0%}
5  O                                                                         (0 = 0.0%) {87.5%}
6  -O                                                                        (1 = 12.5%) {87.5%}
7  ... 

Histogram: Net.Dns.ResolveTimeDiff.AAAABeforeA.FirstRecord25msTo50ms recorded 1 samples, mean = 1.0 (flags = 0x1)
0  O                                                                         (0 = 0.0%)
1  -O                                                                        (1 = 100.0%) {0.0%}
2  ... 

Histogram: Net.Dns.ResolveTimeDiff.AAAABeforeA.FirstRecordFasterThan10ms recorded 2 samples, mean = 1.0 (flags = 0x1)
0  -O                                                                        (1 = 50.0%)
1  O                                                                         (0 = 0.0%) {50.0%}
2  -O                                                                        (1 = 50.0%) {50.0%}
3  ... 

Histogram: Net.Dns.ResolveTimeDiff.ABeforeAAAA.FirstRecord10msTo25ms recorded 4 samples, mean = 2.8 (flags = 0x1)
0   --O                                                                       (2 = 50.0%)
1   -O                                                                        (1 = 25.0%) {50.0%}
2   ... 
10  -O                                                                        (1 = 25.0%) {75.0%}
12  ... 

Histogram: Net.Dns.ResolveTimeDiff.ABeforeAAAA.FirstRecordFasterThan10ms recorded 1 samples, mean = 0.0 (flags = 0x1)
0  -O                                                                        (1 = 100.0%)
1  ... 

Histogram: Net.Dns.ResolveTimeDiff.AddressRecordBeforeHTTPS.FirstRecord10msTo25ms recorded 3 samples, mean = 1.7 (flags = 0x1)
0  -O                                                                        (1 = 33.3%)
1  -O                                                                        (1 = 33.3%) {33.3%}
2  ... 
4  -O                                                                        (1 = 33.3%) {66.7%}
5  ... 

Histogram: Net.Dns.ResolveTimeDiff.AddressRecordBeforeHTTPS.FirstRecordFasterThan10ms recorded 2 samples, mean = 1.5 (flags = 0x1)
0  O                                                                         (0 = 0.0%)
1  -O                                                                        (1 = 50.0%) {0.0%}
2  -O                                                                        (1 = 50.0%) {50.0%}
3  ... 

Histogram: Net.ErrorCodesForMainFrame4 recorded 2 samples (flags = 0x1)
0  -O                                                                        (1 = 50.0%)
3  -O                                                                        (1 = 50.0%)

Histogram: Net.ErrorCodesForSubresources3 recorded 46 samples (flags = 0x1)
0  ----------------------------------------------O                           (46 = 100.0%)

Histogram: Net.HttpJob.BytesReceived2 recorded 28 samples, mean = 4910.4 (flags = 0x1)
0      ... 
56     -O                                                                        (1 = 3.6%) {0.0%}
80     O                                                                         (0 = 0.0%) {3.6%}
115    -O                                                                        (1 = 3.6%) {3.6%}
165    --------O                                                                 (8 = 28.6%) {7.1%}
237    ---O                                                                      (3 = 10.7%) {35.7%}
340    -----O                                                                    (5 = 17.9%) {46.4%}
488    -O                                                                        (1 = 3.6%) {64.3%}
700    O                                                                         (0 = 0.0%) {67.9%}
1004   -O                                                                        (1 = 3.6%) {67.9%}
1440   -O                                                                        (1 = 3.6%) {71.4%}
2065   -O                                                                        (1 = 3.6%) {75.0%}
2961   ---O                                                                      (3 = 10.7%) {78.6%}
4246   ... 
8732   -O                                                                        (1 = 3.6%) {89.3%}
12523  O                                                                         (0 = 0.0%) {92.9%}
17959  -O                                                                        (1 = 3.6%) {92.9%}
25755  ... 
75961  -O                                                                        (1 = 3.6%) {96.4%}
108935 ... 

Histogram: Net.HttpJob.BytesSent2 recorded 28 samples, mean = 1497.0 (flags = 0x1)
0      ... 
19     -O                                                                        (1 = 3.6%) {0.0%}
27     O                                                                         (0 = 0.0%) {3.6%}
39     -O                                                                        (1 = 3.6%) {3.6%}
56     -O                                                                        (1 = 3.6%) {7.1%}
80     O                                                                         (0 = 0.0%) {10.7%}
115    -O                                                                        (1 = 3.6%) {10.7%}
165    O                                                                         (0 = 0.0%) {14.3%}
237    -----O                                                                    (5 = 17.9%) {14.3%}
340    ---O                                                                      (3 = 10.7%) {32.1%}
488    ---O                                                                      (3 = 10.7%) {42.9%}
700    --O                                                                       (2 = 7.1%) {53.6%}
1004   ---------O                                                                (9 = 32.1%) {60.7%}
1440   ... 
6089   -O                                                                        (1 = 3.6%) {92.9%}
8732   O                                                                         (0 = 0.0%) {96.4%}
12523  -O                                                                        (1 = 3.6%) {96.4%}
17959  ... 

Histogram: Net.HttpJob.MainJobWaitTimeWithAvailableSpdySession recorded 2 samples, mean = 0.0 (flags = 0x1)
0  --O                                                                       (2 = 100.0%)
1  ... 

Histogram: Net.HttpJob.MainJobWaitTimeWithoutAvailableSpdySession recorded 14 samples, mean = 100.4 (flags = 0x1)
0    ---O                                                                      (3 = 21.4%)
1    ... 
20   -O                                                                        (1 = 7.1%) {21.4%}
24   -O                                                                        (1 = 7.1%) {28.6%}
29   ----O                                                                     (4 = 28.6%) {35.7%}
34   ... 
135  -O                                                                        (1 = 7.1%) {64.3%}
160  O                                                                         (0 = 0.0%) {71.4%}
190  -O                                                                        (1 = 7.1%) {71.4%}
226  O                                                                         (0 = 0.0%) {78.6%}
268  ---O                                                                      (3 = 21.4%) {78.6%}
318  ... 

Histogram: Net.HttpJob.PrefilterBytesRead recorded 63 samples, mean = 28121.9 (flags = 0x1)
0       -----O                                                                    (5 = 7.9%)
1       ... 
19      --O                                                                       (2 = 3.2%) {7.9%}
27      O                                                                         (0 = 0.0%) {11.1%}
39      -O                                                                        (1 = 1.6%) {11.1%}
56      -O                                                                        (1 = 1.6%) {12.7%}
80      ... 
165     ----------O                                                               (10 = 15.9%) {14.3%}
237     -O                                                                        (1 = 1.6%) {30.2%}
340     -O                                                                        (1 = 1.6%) {31.7%}
488     -----O                                                                    (5 = 7.9%) {33.3%}
700     ---O                                                                      (3 = 4.8%) {41.3%}
1004    ---O                                                                      (3 = 4.8%) {46.0%}
1440    --O                                                                       (2 = 3.2%) {50.8%}
2065    -O                                                                        (1 = 1.6%) {54.0%}
2961    ---O                                                                      (3 = 4.8%) {55.6%}
4246    -O                                                                        (1 = 1.6%) {60.3%}
6089    ---O                                                                      (3 = 4.8%) {61.9%}
8732    --O                                                                       (2 = 3.2%) {66.7%}
12523   -O                                                                        (1 = 1.6%) {69.8%}
17959   ---O                                                                      (3 = 4.8%) {71.4%}
25755   ---O                                                                      (3 = 4.8%) {76.2%}
36935   ----O                                                                     (4 = 6.3%) {81.0%}
52968   O                                                                         (0 = 0.0%) {87.3%}
75961   -----O                                                                    (5 = 7.9%) {87.3%}
108935  -O                                                                        (1 = 1.6%) {95.2%}
156223  O                                                                         (0 = 0.0%) {96.8%}
224038  -O                                                                        (1 = 1.6%) {96.8%}
321291  -O                                                                        (1 = 1.6%) {98.4%}
460760  ... 

Histogram: Net.HttpJob.PrefilterBytesRead.Cache recorded 39 samples, mean = 42383.8 (flags = 0x1)
0       -O                                                                        (1 = 2.6%)
1       ... 
165     -O                                                                        (1 = 2.6%) {2.6%}
237     O                                                                         (0 = 0.0%) {5.1%}
340     -O                                                                        (1 = 2.6%) {5.1%}
488     -----O                                                                    (5 = 12.8%) {7.7%}
700     ---O                                                                      (3 = 7.7%) {20.5%}
1004    -O                                                                        (1 = 2.6%) {28.2%}
1440    -O                                                                        (1 = 2.6%) {30.8%}
2065    -O                                                                        (1 = 2.6%) {33.3%}
2961    ---O                                                                      (3 = 7.7%) {35.9%}
4246    -O                                                                        (1 = 2.6%) {43.6%}
6089    ---O                                                                      (3 = 7.7%) {46.2%}
8732    -O                                                                        (1 = 2.6%) {53.8%}
12523   O                                                                         (0 = 0.0%) {56.4%}
17959   ---O                                                                      (3 = 7.7%) {56.4%}
25755   ---O                                                                      (3 = 7.7%) {64.1%}
36935   ----O                                                                     (4 = 10.3%) {71.8%}
52968   O                                                                         (0 = 0.0%) {82.1%}
75961   ----O                                                                     (4 = 10.3%) {82.1%}
108935  -O                                                                        (1 = 2.6%) {92.3%}
156223  O                                                                         (0 = 0.0%) {94.9%}
224038  -O                                                                        (1 = 2.6%) {94.9%}
321291  -O                                                                        (1 = 2.6%) {97.4%}
460760  ... 

Histogram: Net.HttpJob.PrefilterBytesRead.Net recorded 24 samples, mean = 4946.2 (flags = 0x1)
0      ----O                                                                     (4 = 16.7%)
1      ... 
19     --O                                                                       (2 = 8.3%) {16.7%}
27     O                                                                         (0 = 0.0%) {25.0%}
39     -O                                                                        (1 = 4.2%) {25.0%}
56     -O                                                                        (1 = 4.2%) {29.2%}
80     ... 
165    ---------O                                                                (9 = 37.5%) {33.3%}
237    -O                                                                        (1 = 4.2%) {70.8%}
340    ... 
1004   --O                                                                       (2 = 8.3%) {75.0%}
1440   -O                                                                        (1 = 4.2%) {83.3%}
2065   ... 
8732   -O                                                                        (1 = 4.2%) {87.5%}
12523  -O                                                                        (1 = 4.2%) {91.7%}
17959  ... 
75961  -O                                                                        (1 = 4.2%) {95.8%}
108935 ... 

Histogram: Net.HttpJob.ProxyTypeSuccess recorded 28 samples, mean = 1.0 (flags = 0x1)
0  O                                                                         (0 = 0.0%)
1  ----------------------------O                                             (28 = 100.0%) {0.0%}
2  ... 

Histogram: Net.HttpJob.TotalTime recorded 63 samples, mean = 71.2 (flags = 0x1)
0    -O                                                                        (1 = 1.6%)
1    ---O                                                                      (3 = 4.8%) {1.6%}
2    -----O                                                                    (5 = 7.9%) {6.3%}
3    ---O                                                                      (3 = 4.8%) {14.3%}
4    -----------O                                                              (11 = 17.5%) {19.0%}
5    ----O                                                                     (4 = 6.3%) {36.5%}
6    -----O                                                                    (5 = 7.9%) {42.9%}
7    -O                                                                        (1 = 1.6%) {50.8%}
8    O                                                                         (0 = 0.0%) {52.4%}
10   -O                                                                        (1 = 1.6%) {52.4%}
12   ... 
17   -O                                                                        (1 = 1.6%) {54.0%}
20   -O                                                                        (1 = 1.6%) {55.6%}
24   -O                                                                        (1 = 1.6%) {57.1%}
29   ... 
48   ---O                                                                      (3 = 4.8%) {58.7%}
57   -O                                                                        (1 = 1.6%) {63.5%}
68   --O                                                                       (2 = 3.2%) {65.1%}
81   O                                                                         (0 = 0.0%) {68.3%}
96   --O                                                                       (2 = 3.2%) {68.3%}
114  -----O                                                                    (5 = 7.9%) {71.4%}
135  --O                                                                       (2 = 3.2%) {79.4%}
160  ---O                                                                      (3 = 4.8%) {82.5%}
190  --O                                                                       (2 = 3.2%) {87.3%}
226  -O                                                                        (1 = 1.6%) {90.5%}
268  ---O                                                                      (3 = 4.8%) {92.1%}
318  -O                                                                        (1 = 1.6%) {96.8%}
378  -O                                                                        (1 = 1.6%) {98.4%}
449  ... 

Histogram: Net.HttpJob.TotalTime.Secure.Quic recorded 9 samples, mean = 153.7 (flags = 0x1)
0    ... 
84   -O                                                                        (1 = 11.1%) {0.0%}
107  ------O                                                                   (6 = 66.7%) {11.1%}
136  -O                                                                        (1 = 11.1%) {77.8%}
173  ... 
356  -O                                                                        (1 = 11.1%) {88.9%}
452  ... 

Histogram: Net.HttpJob.TotalTime.TLS13.Google recorded 3 samples, mean = 132.7 (flags = 0x1)
0    ... 
48   -O                                                                        (1 = 33.3%) {0.0%}
57   ... 
135  -O                                                                        (1 = 33.3%) {33.3%}
160  O                                                                         (0 = 0.0%) {66.7%}
190  -O                                                                        (1 = 33.3%) {66.7%}
226  ... 

Histogram: Net.HttpJob.TotalTimeCached recorded 39 samples, mean = 28.3 (flags = 0x1)
0    -O                                                                        (1 = 2.6%)
1    ---O                                                                      (3 = 7.7%) {2.6%}
2    -----O                                                                    (5 = 12.8%) {10.3%}
3    ---O                                                                      (3 = 7.7%) {23.1%}
4    -----------O                                                              (11 = 28.2%) {30.8%}
5    ----O                                                                     (4 = 10.3%) {59.0%}
6    -----O                                                                    (5 = 12.8%) {69.2%}
7    -O                                                                        (1 = 2.6%) {82.1%}
8    O                                                                         (0 = 0.0%) {84.6%}
10   -O                                                                        (1 = 2.6%) {84.6%}
12   ... 
24   -O                                                                        (1 = 2.6%) {87.2%}
29   ... 
160  -O                                                                        (1 = 2.6%) {89.7%}
190  -O                                                                        (1 = 2.6%) {92.3%}
226  -O                                                                        (1 = 2.6%) {94.9%}
268  -O                                                                        (1 = 2.6%) {97.4%}
318  ... 

Histogram: Net.HttpJob.TotalTimeNotCached recorded 24 samples, mean = 140.9 (flags = 0x1)
0    ... 
17   -O                                                                        (1 = 4.2%) {0.0%}
20   -O                                                                        (1 = 4.2%) {4.2%}
24   ... 
48   ---O                                                                      (3 = 12.5%) {8.3%}
57   -O                                                                        (1 = 4.2%) {20.8%}
68   --O                                                                       (2 = 8.3%) {25.0%}
81   O                                                                         (0 = 0.0%) {33.3%}
96   --O                                                                       (2 = 8.3%) {33.3%}
114  -----O                                                                    (5 = 20.8%) {41.7%}
135  --O                                                                       (2 = 8.3%) {62.5%}
160  --O                                                                       (2 = 8.3%) {70.8%}
190  -O                                                                        (1 = 4.2%) {79.2%}
226  O                                                                         (0 = 0.0%) {83.3%}
268  --O                                                                       (2 = 8.3%) {83.3%}
318  -O                                                                        (1 = 4.2%) {91.7%}
378  -O                                                                        (1 = 4.2%) {95.8%}
449  ... 

Histogram: Net.HttpJob.TotalTimeNotCached.Secure.Quic recorded 9 samples, mean = 153.7 (flags = 0x1)
0    ... 
84   -O                                                                        (1 = 11.1%) {0.0%}
107  ------O                                                                   (6 = 66.7%) {11.1%}
136  -O                                                                        (1 = 11.1%) {77.8%}
173  ... 
356  -O                                                                        (1 = 11.1%) {88.9%}
452  ... 

Histogram: Net.HttpJob.TotalTimeSuccess recorded 63 samples, mean = 71.2 (flags = 0x1)
0    -O                                                                        (1 = 1.6%)
1    ---O                                                                      (3 = 4.8%) {1.6%}
2    -----O                                                                    (5 = 7.9%) {6.3%}
3    ---O                                                                      (3 = 4.8%) {14.3%}
4    -----------O                                                              (11 = 17.5%) {19.0%}
5    ----O                                                                     (4 = 6.3%) {36.5%}
6    -----O                                                                    (5 = 7.9%) {42.9%}
7    -O                                                                        (1 = 1.6%) {50.8%}
8    O                                                                         (0 = 0.0%) {52.4%}
10   -O                                                                        (1 = 1.6%) {52.4%}
12   ... 
17   -O                                                                        (1 = 1.6%) {54.0%}
20   -O                                                                        (1 = 1.6%) {55.6%}
24   -O                                                                        (1 = 1.6%) {57.1%}
29   ... 
48   ---O                                                                      (3 = 4.8%) {58.7%}
57   -O                                                                        (1 = 1.6%) {63.5%}
68   --O                                                                       (2 = 3.2%) {65.1%}
81   O                                                                         (0 = 0.0%) {68.3%}
96   --O                                                                       (2 = 3.2%) {68.3%}
114  -----O                                                                    (5 = 7.9%) {71.4%}
135  --O                                                                       (2 = 3.2%) {79.4%}
160  ---O                                                                      (3 = 4.8%) {82.5%}
190  --O                                                                       (2 = 3.2%) {87.3%}
226  -O                                                                        (1 = 1.6%) {90.5%}
268  ---O                                                                      (3 = 4.8%) {92.1%}
318  -O                                                                        (1 = 1.6%) {96.8%}
378  -O                                                                        (1 = 1.6%) {98.4%}
449  ... 

Histogram: Net.HttpJob.TotalTimeSuccess.Priority1 recorded 14 samples, mean = 130.0 (flags = 0x1)
0    ... 
17   -O                                                                        (1 = 7.1%) {0.0%}
20   -O                                                                        (1 = 7.1%) {7.1%}
24   ... 
48   -O                                                                        (1 = 7.1%) {14.3%}
57   ... 
96   --O                                                                       (2 = 14.3%) {21.4%}
114  -----O                                                                    (5 = 35.7%) {35.7%}
135  --O                                                                       (2 = 14.3%) {71.4%}
160  O                                                                         (0 = 0.0%) {85.7%}
190  -O                                                                        (1 = 7.1%) {85.7%}
226  ... 
378  -O                                                                        (1 = 7.1%) {92.9%}
449  ... 

Histogram: Net.HttpJob.TotalTimeSuccess.Priority2 recorded 28 samples, mean = 36.3 (flags = 0x1)
0    O                                                                         (0 = 0.0%)
1    --O                                                                       (2 = 7.1%) {0.0%}
2    ---O                                                                      (3 = 10.7%) {7.1%}
3    -O                                                                        (1 = 3.6%) {17.9%}
4    ------O                                                                   (6 = 21.4%) {21.4%}
5    ---O                                                                      (3 = 10.7%) {42.9%}
6    ----O                                                                     (4 = 14.3%) {53.6%}
7    -O                                                                        (1 = 3.6%) {67.9%}
8    O                                                                         (0 = 0.0%) {71.4%}
10   -O                                                                        (1 = 3.6%) {71.4%}
12   ... 
24   -O                                                                        (1 = 3.6%) {75.0%}
29   ... 
48   --O                                                                       (2 = 7.1%) {78.6%}
57   O                                                                         (0 = 0.0%) {85.7%}
68   --O                                                                       (2 = 7.1%) {85.7%}
81   ... 
268  -O                                                                        (1 = 3.6%) {92.9%}
318  -O                                                                        (1 = 3.6%) {96.4%}
378  ... 

Histogram: Net.HttpJob.TotalTimeSuccess.Priority3 recorded 1 samples, mean = 223.0 (flags = 0x1)
0    ... 
190  -O                                                                        (1 = 100.0%) {0.0%}
226  ... 

Histogram: Net.HttpJob.TotalTimeSuccess.Priority4 recorded 6 samples, mean = 157.0 (flags = 0x1)
0    O                                                                         (0 = 0.0%)
1    -O                                                                        (1 = 16.7%) {0.0%}
2    ... 
57   -O                                                                        (1 = 16.7%) {16.7%}
68   ... 
160  --O                                                                       (2 = 33.3%) {33.3%}
190  ... 
268  --O                                                                       (2 = 33.3%) {66.7%}
318  ... 

Histogram: Net.HttpJob.TotalTimeSuccess.Priority5 recorded 14 samples, mean = 34.6 (flags = 0x1)
0    -O                                                                        (1 = 7.1%)
1    O                                                                         (0 = 0.0%) {7.1%}
2    --O                                                                       (2 = 14.3%) {7.1%}
3    --O                                                                       (2 = 14.3%) {21.4%}
4    -----O                                                                    (5 = 35.7%) {35.7%}
5    -O                                                                        (1 = 7.1%) {71.4%}
6    -O                                                                        (1 = 7.1%) {78.6%}
7    ... 
160  -O                                                                        (1 = 7.1%) {85.7%}
190  O                                                                         (0 = 0.0%) {92.9%}
226  -O                                                                        (1 = 7.1%) {92.9%}
268  ... 

Histogram: Net.HttpRequestSSLUpgradeDecision recorded 2 samples, mean = 5.0 (flags = 0x1)
0  ... 
5  --O                                                                       (2 = 100.0%) {0.0%}
6  O                                                                         (0 = 0.0%) {100.0%}

Histogram: Net.HttpRequestStsState recorded 2 samples, mean = 2.0 (flags = 0x1)
0  ... 
2  --O                                                                       (2 = 100.0%) {0.0%}
3  ... 

Histogram: Net.HttpResponseCode recorded 141 samples, mean = 215.2 (flags = 0x1)
0    ... 
200  ------------------------------------------------------------------------O (123 = 87.2%) {0.0%}
201  ... 
204  --O                                                                       (4 = 2.8%) {87.2%}
205  ... 
302  -O                                                                        (2 = 1.4%) {90.1%}
303  O                                                                         (0 = 0.0%) {91.5%}
304  --O                                                                       (4 = 2.8%) {91.5%}
305  ... 
308  -O                                                                        (1 = 0.7%) {94.3%}
309  ... 
400  ----O                                                                     (7 = 5.0%) {95.0%}
401  ... 

Histogram: Net.HttpTimeToFirstByte recorded 63 samples, mean = 72.9 (flags = 0x1)
0    -----------------------------------O                                      (35 = 55.6%)
10   O                                                                         (0 = 0.0%) {55.6%}
12   -O                                                                        (1 = 1.6%) {55.6%}
15   ... 
22   -O                                                                        (1 = 1.6%) {57.1%}
27   ... 
41   -O                                                                        (1 = 1.6%) {58.7%}
50   --O                                                                       (2 = 3.2%) {60.3%}
61   -O                                                                        (1 = 1.6%) {63.5%}
75   --O                                                                       (2 = 3.2%) {65.1%}
92   -O                                                                        (1 = 1.6%) {68.3%}
113  ------O                                                                   (6 = 9.5%) {69.8%}
139  ----O                                                                     (4 = 6.3%) {79.4%}
171  ---O                                                                      (3 = 4.8%) {85.7%}
210  -O                                                                        (1 = 1.6%) {90.5%}
258  ----O                                                                     (4 = 6.3%) {92.1%}
317  ... 
718  -O                                                                        (1 = 1.6%) {98.4%}
881  ... 

Histogram: Net.HttpTimeToFirstByte.TLS13.Google recorded 3 samples, mean = 133.0 (flags = 0x1)
0    ... 
41   -O                                                                        (1 = 33.3%) {0.0%}
52   ... 
136  -O                                                                        (1 = 33.3%) {33.3%}
173  -O                                                                        (1 = 33.3%) {66.7%}
220  ... 

Histogram: Net.NetworkChangeNotifier.NewConnectionCost recorded 2 samples, mean = 1.0 (flags = 0x1)
0  O                                                                         (0 = 0.0%)
1  --O                                                                       (2 = 100.0%) {0.0%}
2  ... 

Histogram: Net.NumQuicSessionsAtShutdown recorded 3 samples, mean = 0.3 (flags = 0x1)
0  --O                                                                       (2 = 66.7%)
1  -O                                                                        (1 = 33.3%) {66.7%}
2  ... 

Histogram: Net.OnTransferSizeUpdated.Experimental.OverridenBy recorded 84 samples, mean = 12.0 (flags = 0x1)
0   O                                                                         (0 = 0.0%)
1   ------------------------------------O                                     (36 = 42.9%) {0.0%}
2   ... 
11  -------------------O                                                      (19 = 22.6%) {42.9%}
12  --O                                                                       (2 = 2.4%) {65.5%}
13  ... 
26  --------O                                                                 (8 = 9.5%) {67.9%}
27  O                                                                         (0 = 0.0%) {77.4%}
28  -------------------O                                                      (19 = 22.6%) {77.4%}
29  ... 

Histogram: Net.QuicActiveSessionCount.CertVerifierChanged recorded 12 samples, mean = 0.4 (flags = 0x1)
0  ----------O                                                               (10 = 83.3%)
1  -O                                                                        (1 = 8.3%) {83.3%}
2  ... 
4  -O                                                                        (1 = 8.3%) {91.7%}
5  ... 

Histogram: Net.QuicActiveSessions recorded 14 samples, mean = 0.4 (flags = 0x1)
0  -----------O                                                              (11 = 78.6%)
1  -O                                                                        (1 = 7.1%) {78.6%}
2  -O                                                                        (1 = 7.1%) {85.7%}
3  -O                                                                        (1 = 7.1%) {92.9%}
4  ... 

Histogram: Net.QuicChromiumClientStream.HandleOnCloseConnectionError recorded 11 samples (flags = 0x1)
0  -----------O                                                              (11 = 100.0%)

Histogram: Net.QuicChromiumClientStream.HandleOnCloseNetError recorded 11 samples (flags = 0x1)
100  -----------O                                                              (11 = 100.0%)

Histogram: Net.QuicChromiumClientStream.HandleOnCloseStreamError recorded 11 samples (flags = 0x1)
0  -----------O                                                              (11 = 100.0%)

Histogram: Net.QuicChromiumClientStream.HeaderDecodingDelay recorded 11 samples, mean = 0.0 (flags = 0x1)
0  -----------O                                                              (11 = 100.0%)
1  ... 

Histogram: Net.QuicChromiumClientStream.HeaderDecodingDelayGoogle recorded 9 samples, mean = 0.0 (flags = 0x1)
0  ---------O                                                                (9 = 100.0%)
1  ... 

Histogram: Net.QuicConnection.WritePacketStatus recorded 205 samples, mean = 0.0 (flags = 0x1)
0  ------------------------------------------------------------------------O (205 = 100.0%)
1  ... 

Histogram: Net.QuicCryptoClientConfig.PopulatedFromCanonicalConfig recorded 6 samples, mean = 0.0 (flags = 0x1)
0  ------O                                                                   (6 = 100.0%)
1  ... 

Histogram: Net.QuicDroppedPacketReason recorded 15 samples, mean = 6.0 (flags = 0x1)
0  ... 
6  ---------------O                                                          (15 = 100.0%) {0.0%}
7  O                                                                         (0 = 0.0%) {100.0%}

Histogram: Net.QuicHandshakeState recorded 42 samples, mean = 1.0 (flags = 0x1)
0  --------------O                                                           (14 = 33.3%)
1  --------------O                                                           (14 = 33.3%) {33.3%}
2  --------------O                                                           (14 = 33.3%) {66.7%}
3  ... 

Histogram: Net.QuicHttpStream.ProcessResponseHeaderSuccess recorded 11 samples, mean = 1.0 (flags = 0x1)
0  O                                                                         (0 = 0.0%)
1  -----------O                                                              (11 = 100.0%) {0.0%}
2  O                                                                         (0 = 0.0%) {100.0%}

Histogram: Net.QuicSession.AbortedPendingStreamRequests recorded 14 samples, mean = 0.0 (flags = 0x1)
0  --------------O                                                           (14 = 100.0%)
1  ... 

Histogram: Net.QuicSession.AcceptChForOrigin recorded 11 samples, mean = 0.2 (flags = 0x1)
0  ---------O                                                                (9 = 81.8%)
1  --O                                                                       (2 = 18.2%) {81.8%}
2  O                                                                         (0 = 0.0%) {100.0%}

Histogram: Net.QuicSession.AcceptChFrameReceivedViaAlps recorded 12 samples, mean = 1.0 (flags = 0x1)
0  O                                                                         (0 = 0.0%)
1  ------------O                                                             (12 = 100.0%) {0.0%}
2  ... 

Histogram: Net.QuicSession.AsyncRead recorded 276 samples, mean = 0.6 (flags = 0x1)
0  --------------------------------------------------O                       (113 = 40.9%)
1  ------------------------------------------------------------------------O (163 = 59.1%) {40.9%}
2  O                                                                         (0 = 0.0%) {100.0%}

Histogram: Net.QuicSession.BlockedFrames.Received recorded 14 samples, mean = 0.0 (flags = 0x1)
0  --------------O                                                           (14 = 100.0%)
1  ... 

Histogram: Net.QuicSession.BlockedFrames.Sent recorded 14 samples, mean = 0.0 (flags = 0x1)
0  --------------O                                                           (14 = 100.0%)
1  ... 

Histogram: Net.QuicSession.CertVerificationResult recorded 14 samples (flags = 0x1)
0  --------------O                                                           (14 = 100.0%)

Histogram: Net.QuicSession.ClientSideMtu recorded 14 samples (flags = 0x1)
1230  ------------O                                                             (12 = 85.7%)
1250  --O                                                                       (2 = 14.3%)

Histogram: Net.QuicSession.CloseAllSessionsError recorded 3 samples (flags = 0x1)
3  ---O                                                                      (3 = 100.0%)

Histogram: Net.QuicSession.CloseSessionOnError recorded 1 samples (flags = 0x1)
3  -O                                                                        (1 = 100.0%)

Histogram: Net.QuicSession.ClosedDuringInitializeSession recorded 14 samples, mean = 0.0 (flags = 0x1)
0  --------------O                                                           (14 = 100.0%)
1  ... 

Histogram: Net.QuicSession.CoalesceStreamFrameStatus recorded 103 samples, mean = 0.3 (flags = 0x1)
0  -------------------------------------------------------------------O      (67 = 65.0%)
1  ------------------------------------O                                     (36 = 35.0%) {65.0%}
2  O                                                                         (0 = 0.0%) {100.0%}

Histogram: Net.QuicSession.ConnectAfterBroken recorded 2 samples, mean = 1.0 (flags = 0x1)
0  O                                                                         (0 = 0.0%)
1  --O                                                                       (2 = 100.0%) {0.0%}
2  O                                                                         (0 = 0.0%) {100.0%}

Histogram: Net.QuicSession.ConnectRandomPortForHTTPS recorded 14 samples, mean = 0.0 (flags = 0x1)
0  --------------O                                                           (14 = 100.0%)
1  ... 

Histogram: Net.QuicSession.ConnectRandomPortRequiringConfirmationForHTTPS recorded 4 samples, mean = 0.0 (flags = 0x1)
0  ----O                                                                     (4 = 100.0%)
1  ... 

Histogram: Net.QuicSession.ConnectionClose.NumOpenStreams.TimedOut recorded 13 samples, mean = 0.0 (flags = 0x1)
0  -------------O                                                            (13 = 100.0%)
1  ... 

Histogram: Net.QuicSession.ConnectionCloseErrorCodeClient recorded 14 samples (flags = 0x1)
25  -------------O                                                            (13 = 92.9%)
70  -O                                                                        (1 = 7.1%)

Histogram: Net.QuicSession.ConnectionCloseErrorCodeClient.HandshakeConfirmed recorded 14 samples (flags = 0x1)
25  -------------O                                                            (13 = 92.9%)
70  -O                                                                        (1 = 7.1%)

Histogram: Net.QuicSession.ConnectionCloseErrorCodeClientGoogle recorded 12 samples (flags = 0x1)
25  -----------O                                                              (11 = 91.7%)
70  -O                                                                        (1 = 8.3%)

Histogram: Net.QuicSession.ConnectionCloseErrorCodeClientGoogle.HandshakeConfirmed recorded 12 samples (flags = 0x1)
25  -----------O                                                              (11 = 91.7%)
70  -O                                                                        (1 = 8.3%)

Histogram: Net.QuicSession.ConnectionDuration recorded 14 samples, mean = 28297.7 (flags = 0x1)
0      ... 
15451  -O                                                                        (1 = 7.1%) {0.0%}
17834  ... 
27425  -------------O                                                            (13 = 92.9%) {7.1%}
31655  ... 

Histogram: Net.QuicSession.ConnectionFlowControlBlocked recorded 15 samples, mean = 0.2 (flags = 0x1)
0  ------------O                                                             (12 = 80.0%)
1  ---O                                                                      (3 = 20.0%) {80.0%}
2  O                                                                         (0 = 0.0%) {100.0%}

Histogram: Net.QuicSession.ConnectionIpPooled recorded 14 samples, mean = 0.0 (flags = 0x1)
0  --------------O                                                           (14 = 100.0%)
1  ... 

Histogram: Net.QuicSession.ConnectionTypeFromSelf recorded 14 samples, mean = 1.9 (flags = 0x1)
0  O                                                                         (0 = 0.0%)
1  --O                                                                       (2 = 14.3%) {0.0%}
2  ------------O                                                             (12 = 85.7%) {14.3%}

Histogram: Net.QuicSession.CryptoRetransmitCount.HandshakeConfirmed recorded 14 samples, mean = 0.6 (flags = 0x1)
0  -----O                                                                    (5 = 35.7%)
1  ---------O                                                                (9 = 64.3%) {35.7%}
2  ... 

Histogram: Net.QuicSession.DuplicatePacketsReceived recorded 14 samples, mean = 0.0 (flags = 0x1)
0  --------------O                                                           (14 = 100.0%)
1  ... 

Histogram: Net.QuicSession.EcnMarksObserved recorded 14 samples, mean = 1.0 (flags = 0x1)
0  O                                                                         (0 = 0.0%)
1  --------------O                                                           (14 = 100.0%) {0.0%}
2  ... 

Histogram: Net.QuicSession.EncryptionEstablishedTime recorded 14 samples, mean = 54.9 (flags = 0x1)
0    --O                                                                       (2 = 14.3%)
1    -O                                                                        (1 = 7.1%) {14.3%}
2    ... 
20   --O                                                                       (2 = 14.3%) {21.4%}
24   --O                                                                       (2 = 14.3%) {35.7%}
29   O                                                                         (0 = 0.0%) {50.0%}
34   -O                                                                        (1 = 7.1%) {50.0%}
40   -O                                                                        (1 = 7.1%) {57.1%}
48   O                                                                         (0 = 0.0%) {64.3%}
57   -O                                                                        (1 = 7.1%) {64.3%}
68   --O                                                                       (2 = 14.3%) {71.4%}
81   -O                                                                        (1 = 7.1%) {85.7%}
96   ... 
268  -O                                                                        (1 = 7.1%) {92.9%}
318  ... 

Histogram: Net.QuicSession.FinchConfigIsValid recorded 3 samples, mean = 1.0 (flags = 0x1)
0  O                                                                         (0 = 0.0%)
1  ---O                                                                      (3 = 100.0%) {0.0%}
2  O                                                                         (0 = 0.0%) {100.0%}

Histogram: Net.QuicSession.FindMatchingIpSessionResult recorded 28 samples, mean = 2.0 (flags = 0x1)
0  ... 
2  ----------------------------O                                             (28 = 100.0%) {0.0%}
3  O                                                                         (0 = 0.0%) {100.0%}

Histogram: Net.QuicSession.FindMatchingIpSessionResultGoogle recorded 24 samples, mean = 2.0 (flags = 0x1)
0  ... 
2  ------------------------O                                                 (24 = 100.0%) {0.0%}
3  O                                                                         (0 = 0.0%) {100.0%}

Histogram: Net.QuicSession.HandshakeConfirmedTime recorded 14 samples, mean = 70.2 (flags = 0x1)
0    ... 
40   --------O                                                                 (8 = 57.1%) {0.0%}
48   -O                                                                        (1 = 7.1%) {57.1%}
57   -O                                                                        (1 = 7.1%) {64.3%}
68   --O                                                                       (2 = 14.3%) {71.4%}
81   -O                                                                        (1 = 7.1%) {85.7%}
96   ... 
268  -O                                                                        (1 = 7.1%) {92.9%}
318  ... 

Histogram: Net.QuicSession.HeaderCompressionRatioQpackReceived recorded 11 samples, mean = 14.9 (flags = 0x1)
0   O                                                                         (0 = 0.0%)
1   -O                                                                        (1 = 9.1%) {0.0%}
2   O                                                                         (0 = 0.0%) {9.1%}
3   --O                                                                       (2 = 18.2%) {9.1%}
4   O                                                                         (0 = 0.0%) {27.3%}
5   ------O                                                                   (6 = 54.5%) {27.3%}
6   ... 
63  -O                                                                        (1 = 9.1%) {81.8%}
64  -O                                                                        (1 = 9.1%) {90.9%}
65  ... 

Histogram: Net.QuicSession.HeaderCompressionRatioQpackSent recorded 11 samples, mean = 67.9 (flags = 0x1)
0   ... 
63  -O                                                                        (1 = 9.1%) {0.0%}
64  O                                                                         (0 = 0.0%) {9.1%}
65  --O                                                                       (2 = 18.2%) {9.1%}
66  ... 
69  ------O                                                                   (6 = 54.5%) {27.3%}
70  --O                                                                       (2 = 18.2%) {81.8%}
71  ... 

Histogram: Net.QuicSession.HostResolution.HandshakeConfirmedTime recorded 14 samples, mean = 70.6 (flags = 0x1)
0    ... 
40   --------O                                                                 (8 = 57.1%) {0.0%}
48   -O                                                                        (1 = 7.1%) {57.1%}
57   -O                                                                        (1 = 7.1%) {64.3%}
68   --O                                                                       (2 = 14.3%) {71.4%}
81   -O                                                                        (1 = 7.1%) {85.7%}
96   ... 
268  -O                                                                        (1 = 7.1%) {92.9%}
318  ... 

Histogram: Net.QuicSession.IncorrectConnectionIDsReceived recorded 14 samples, mean = 0.0 (flags = 0x1)
0  --------------O                                                           (14 = 100.0%)
1  ... 

Histogram: Net.QuicSession.InitialRttEsitmateSource recorded 14 samples, mean = 0.8 (flags = 0x1)
0  ---O                                                                      (3 = 21.4%)
1  -----------O                                                              (11 = 78.6%) {21.4%}
2  ... 

Histogram: Net.QuicSession.KeyUpdate.PerConnection2 recorded 14 samples, mean = 0.0 (flags = 0x1)
0  --------------O                                                           (14 = 100.0%)
1  ... 

Histogram: Net.QuicSession.KeyUpdate.PotentialPeerKeyUpdateAttemptCount recorded 14 samples, mean = 0.0 (flags = 0x1)
0  --------------O                                                           (14 = 100.0%)
1  ... 

Histogram: Net.QuicSession.MaxConsecutiveRtoWithForwardProgress recorded 14 samples, mean = 0.2 (flags = 0x1)
0  -----------O                                                              (11 = 78.6%)
1  ---O                                                                      (3 = 21.4%) {78.6%}
2  ... 

Histogram: Net.QuicSession.MinRTT recorded 14 samples, mean = 21.1 (flags = 0x1)
0   ... 
12  ----O                                                                     (4 = 28.6%) {0.0%}
14  -----O                                                                    (5 = 35.7%) {28.6%}
17  -O                                                                        (1 = 7.1%) {64.3%}
20  -O                                                                        (1 = 7.1%) {71.4%}
24  ... 
40  ---O                                                                      (3 = 21.4%) {78.6%}
48  ... 

Histogram: Net.QuicSession.MtuProbesSent recorded 14 samples, mean = 0.0 (flags = 0x1)
0  --------------O                                                           (14 = 100.0%)
1  ... 

Histogram: Net.QuicSession.NumDefaultPathDegrading recorded 14 samples, mean = 0.0 (flags = 0x1)
0  --------------O                                                           (14 = 100.0%)
1  ... 

Histogram: Net.QuicSession.NumMigrations recorded 14 samples, mean = 0.0 (flags = 0x1)
0  --------------O                                                           (14 = 100.0%)
1  ... 

Histogram: Net.QuicSession.NumOpenStreams recorded 11 samples, mean = 1.0 (flags = 0x1)
0  O                                                                         (0 = 0.0%)
1  -----------O                                                              (11 = 100.0%) {0.0%}
2  ... 

Histogram: Net.QuicSession.NumPingsSent recorded 14 samples, mean = 0.6 (flags = 0x1)
0  -----O                                                                    (5 = 35.7%)
1  ---------O                                                                (9 = 64.3%) {35.7%}
2  ... 

Histogram: Net.QuicSession.NumQueuedPacketsBeforeWrite recorded 271 samples, mean = 0.0 (flags = 0x1)
0  ------------------------------------------------------------------------O (271 = 100.0%)
1  ... 

Histogram: Net.QuicSession.NumTotalStreams recorded 14 samples, mean = 0.8 (flags = 0x1)
0  ---O                                                                      (3 = 21.4%)
1  -----------O                                                              (11 = 78.6%) {21.4%}
2  ... 

Histogram: Net.QuicSession.OutOfOrderGapReceived recorded 5 samples, mean = 1.2 (flags = 0x1)
0  O                                                                         (0 = 0.0%)
1  ----O                                                                     (4 = 80.0%) {0.0%}
2  -O                                                                        (1 = 20.0%) {80.0%}
3  ... 

Histogram: Net.QuicSession.OutOfOrderLargePacketsReceived recorded 14 samples, mean = 0.1 (flags = 0x1)
0  ------------O                                                             (12 = 85.7%)
1  --O                                                                       (2 = 14.3%) {85.7%}
2  ... 

Histogram: Net.QuicSession.OutOfOrderPacketsReceived recorded 14 samples, mean = 0.4 (flags = 0x1)
0  ---------O                                                                (9 = 64.3%)
1  -----O                                                                    (5 = 35.7%) {64.3%}
2  ... 

Histogram: Net.QuicSession.PacketGapReceived recorded 7 samples, mean = 1.3 (flags = 0x1)
0  O                                                                         (0 = 0.0%)
1  -----O                                                                    (5 = 71.4%) {0.0%}
2  --O                                                                       (2 = 28.6%) {71.4%}
3  ... 

Histogram: Net.QuicSession.PacketGapReceivedNearPing recorded 9 samples, mean = 1.1 (flags = 0x1)
0  O                                                                         (0 = 0.0%)
1  --------O                                                                 (8 = 88.9%) {0.0%}
2  -O                                                                        (1 = 11.1%) {88.9%}
3  ... 

Histogram: Net.QuicSession.PacketLossRate_CONNECTION_WIFI recorded 1 samples, mean = 10.0 (flags = 0x1)
0   ... 
10  -O                                                                        (1 = 100.0%) {0.0%}
11  ... 

Histogram: Net.QuicSession.PacketWriteTime.Synchronous recorded 201 samples, mean = 0.0 (flags = 0x1)
0  ------------------------------------------------------------------------O (201 = 100.0%)
1  ... 

Histogram: Net.QuicSession.PacketsBeforeEcnTransition recorded 14 samples, mean = 0.0 (flags = 0x1)
0  --------------O                                                           (14 = 100.0%)
1  ... 

Histogram: Net.QuicSession.PreferAesGcm recorded 2 samples, mean = 1.0 (flags = 0x1)
0  O                                                                         (0 = 0.0%)
1  --O                                                                       (2 = 100.0%) {0.0%}
2  O                                                                         (0 = 0.0%) {100.0%}

Histogram: Net.QuicSession.Qpack.HeaderListCountWhenBlockedStreamLimited recorded 2 samples, mean = 1.0 (flags = 0x1)
0  O                                                                         (0 = 0.0%)
1  --O                                                                       (2 = 100.0%) {0.0%}
2  ... 

Histogram: Net.QuicSession.Qpack.HeaderListCountWhenInsertionNotBlocked recorded 11 samples, mean = 1.0 (flags = 0x1)
0  O                                                                         (0 = 0.0%)
1  -----------O                                                              (11 = 100.0%) {0.0%}
2  ... 

Histogram: Net.QuicSession.Qpack.HeaderListCountWhenNotBlockedStreamLimited recorded 9 samples, mean = 1.0 (flags = 0x1)
0  O                                                                         (0 = 0.0%)
1  ---------O                                                                (9 = 100.0%) {0.0%}
2  ... 

Histogram: Net.QuicSession.QuicVersion recorded 14 samples (flags = 0x1)
80  --------------O                                                           (14 = 100.0%)

Histogram: Net.QuicSession.ReceivedSettings.BlockedStreams recorded 12 samples, mean = 100.0 (flags = 0x1)
0   ... 
95  ------------O                                                             (12 = 100.0%) {0.0%}
107 ... 

Histogram: Net.QuicSession.ReceivedSettings.CountPlusOne recorded 14 samples, mean = 6.4 (flags = 0x1)
0  ... 
3  --O                                                                       (2 = 14.3%) {0.0%}
4  ... 
7  ------------O                                                             (12 = 85.7%) {14.3%}
8  ... 

Histogram: Net.QuicSession.ReceivedSettings.MaxHeaderListSize2 recorded 14 samples, mean = 74898.3 (flags = 0x1)
0       ... 
63662   ------------O                                                             (12 = 85.7%) {0.0%}
83848   O                                                                         (0 = 0.0%) {85.7%}
110434  --O                                                                       (2 = 14.3%) {85.7%}
145450  ... 

Histogram: Net.QuicSession.ReceivedSettings.MaxTableCapacity2 recorded 12 samples, mean = 65536.0 (flags = 0x1)
0      ... 
63662  ------------O                                                             (12 = 100.0%) {0.0%}
83848  ... 

Histogram: Net.QuicSession.ReceivedSettings.ReservedCountPlusOne recorded 14 samples, mean = 2.0 (flags = 0x1)
0  ... 
2  --------------O                                                           (14 = 100.0%) {0.0%}
3  ... 

Histogram: Net.QuicSession.RstStreamErrorCodeServer recorded 2 samples (flags = 0x1)
20  --O                                                                       (2 = 100.0%)

Histogram: Net.QuicSession.SendPacketSize.0RTT recorded 8 samples, mean = 79.6 (flags = 0x1)
0   ... 
68  --O                                                                       (2 = 25.0%) {0.0%}
77  ------O                                                                   (6 = 75.0%) {25.0%}
87  ... 

Histogram: Net.QuicSession.SendPacketSize.ForwardSecure recorded 121 samples, mean = 170.5 (flags = 0x1)
0     ... 
28    --------------O                                                           (14 = 11.6%) {0.0%}
32    -----------------------------O                                            (29 = 24.0%) {11.6%}
36    ---O                                                                      (3 = 2.5%) {35.5%}
41    -------------------------------------------O                              (43 = 35.5%) {38.0%}
47    -----O                                                                    (5 = 4.1%) {73.6%}
53    ... 
68    ----O                                                                     (4 = 3.3%) {77.7%}
77    --O                                                                       (2 = 1.7%) {81.0%}
87    ... 
276   ---O                                                                      (3 = 2.5%) {82.6%}
314   ---O                                                                      (3 = 2.5%) {85.1%}
357   O                                                                         (0 = 0.0%) {87.6%}
406   -O                                                                        (1 = 0.8%) {87.6%}
461   -O                                                                        (1 = 0.8%) {88.4%}
524   ---O                                                                      (3 = 2.5%) {89.3%}
595   ... 
1126  ----------O                                                               (10 = 8.3%) {91.7%}
1279  ... 

Histogram: Net.QuicSession.SendPacketSize.Handshake recorded 30 samples, mean = 63.5 (flags = 0x1)
0   ... 
36  ---------O                                                                (9 = 30.0%) {0.0%}
41  --O                                                                       (2 = 6.7%) {30.0%}
47  --O                                                                       (2 = 6.7%) {36.7%}
53  ... 
77  ----------------O                                                         (16 = 53.3%) {43.3%}
87  -O                                                                        (1 = 3.3%) {96.7%}
99  ... 

Histogram: Net.QuicSession.SendPacketSize.Initial recorded 46 samples, mean = 710.7 (flags = 0x1)
0     ... 
41    ---O                                                                      (3 = 6.5%) {0.0%}
47    --O                                                                       (2 = 4.3%) {6.5%}
53    ... 
99    ------O                                                                   (6 = 13.0%) {10.9%}
113   O                                                                         (0 = 0.0%) {23.9%}
128   --O                                                                       (2 = 4.3%) {23.9%}
145   --O                                                                       (2 = 4.3%) {28.3%}
165   -O                                                                        (1 = 2.2%) {32.6%}
188   --O                                                                       (2 = 4.3%) {34.8%}
214   ... 
524   ---O                                                                      (3 = 6.5%) {39.1%}
595   ---O                                                                      (3 = 6.5%) {45.7%}
676   ... 
1126  ----------------------O                                                   (22 = 47.8%) {52.2%}
1279  ... 

Histogram: Net.QuicSession.ServerSideMtu recorded 14 samples (flags = 0x1)
1200  --O                                                                       (2 = 14.3%)
1230  ------------O                                                             (12 = 85.7%)

Histogram: Net.QuicSession.SmoothedRTT recorded 14 samples, mean = 25.4 (flags = 0x1)
0   ... 
14  ---O                                                                      (3 = 21.4%) {0.0%}
17  ----O                                                                     (4 = 28.6%) {21.4%}
20  ----O                                                                     (4 = 28.6%) {50.0%}
24  ... 
40  -O                                                                        (1 = 7.1%) {78.6%}
48  --O                                                                       (2 = 14.3%) {85.7%}
57  ... 

Histogram: Net.QuicSession.StopSendingErrorCodeClient recorded 2 samples (flags = 0x1)
20  --O                                                                       (2 = 100.0%)

Histogram: Net.QuicSession.StreamFlowControlBlocked recorded 15 samples, mean = 0.2 (flags = 0x1)
0  ------------O                                                             (12 = 80.0%)
1  ---O                                                                      (3 = 20.0%) {80.0%}
2  O                                                                         (0 = 0.0%) {100.0%}

Histogram: Net.QuicSession.StreamFrameDuplicatedShortConnection recorded 11 samples, mean = 0.0 (flags = 0x1)
0  -----------O                                                              (11 = 100.0%)
1  ... 

Histogram: Net.QuicSession.TimeFromResolveHostToConfirmConnection recorded 14 samples, mean = 69.6 (flags = 0x1)
0    ... 
14   -O                                                                        (1 = 7.1%) {0.0%}
17   --O                                                                       (2 = 14.3%) {7.1%}
20   ... 
29   -O                                                                        (1 = 7.1%) {21.4%}
34   -O                                                                        (1 = 7.1%) {28.6%}
40   ---O                                                                      (3 = 21.4%) {35.7%}
48   -O                                                                        (1 = 7.1%) {57.1%}
57   -O                                                                        (1 = 7.1%) {64.3%}
68   O                                                                         (0 = 0.0%) {71.4%}
81   -O                                                                        (1 = 7.1%) {71.4%}
96   -O                                                                        (1 = 7.1%) {78.6%}
114  -O                                                                        (1 = 7.1%) {85.7%}
135  ... 
318  -O                                                                        (1 = 7.1%) {92.9%}
378  ... 

Histogram: Net.QuicSession.TooManyOpenStreams recorded 11 samples, mean = 0.0 (flags = 0x1)
0  -----------O                                                              (11 = 100.0%)
1  ... 

Histogram: Net.QuicSession.TooSmallInitialSentPacket recorded 24 samples, mean = 966.0 (flags = 0x1)
0     ... 
505   --O                                                                       (2 = 8.3%) {0.0%}
571   --O                                                                       (2 = 8.3%) {8.3%}
646   --O                                                                       (2 = 8.3%) {16.7%}
731   ... 
936   -----O                                                                    (5 = 20.8%) {25.0%}
1060  -------------O                                                            (13 = 54.2%) {45.8%}
1200  O                                                                         (0 = 0.0%) {100.0%}

Histogram: Net.QuicSession.UndecryptablePacketsReceived recorded 14 samples, mean = 1.1 (flags = 0x1)
0  --------O                                                                 (8 = 57.1%)
1  ---O                                                                      (3 = 21.4%) {57.1%}
2  O                                                                         (0 = 0.0%) {78.6%}
3  --O                                                                       (2 = 14.3%) {78.6%}
4  O                                                                         (0 = 0.0%) {92.9%}
5  -O                                                                        (1 = 7.1%) {92.9%}
7  ... 

Histogram: Net.QuicSession.UndecryptablePacketsReceivedWithDecrypter recorded 14 samples, mean = 0.0 (flags = 0x1)
0  --------------O                                                           (14 = 100.0%)
1  ... 

Histogram: Net.QuicSession.ValidConnectionTime recorded 3 samples, mean = 1.0 (flags = 0x1)
0  O                                                                         (0 = 0.0%)
1  ---O                                                                      (3 = 100.0%) {0.0%}
2  ... 

Histogram: Net.QuicSession.VerifyProofTime recorded 14 samples, mean = 32.9 (flags = 0x1)
0    ----O                                                                     (4 = 28.6%)
1    ... 
17   --O                                                                       (2 = 14.3%) {28.6%}
20   ---O                                                                      (3 = 21.4%) {42.9%}
24   --O                                                                       (2 = 14.3%) {64.3%}
29   --O                                                                       (2 = 14.3%) {78.6%}
34   ... 
226  -O                                                                        (1 = 7.1%) {92.9%}
268  ... 

Histogram: Net.QuicSession.VerifyProofTime.google recorded 2 samples, mean = 26.0 (flags = 0x1)
0   ... 
17  -O                                                                        (1 = 50.0%) {0.0%}
20  ... 
29  -O                                                                        (1 = 50.0%) {50.0%}
34  ... 

Histogram: Net.QuicSession.ZeroRttReason recorded 14 samples, mean = 3.3 (flags = 0x1)
0  ... 
2  --------O                                                                 (8 = 57.1%) {0.0%}
3  ... 
5  ------O                                                                   (6 = 42.9%) {57.1%}
6  ... 

Histogram: Net.QuicSession.ZeroRttReasonGoogle recorded 12 samples, mean = 3.0 (flags = 0x1)
0  ... 
2  --------O                                                                 (8 = 66.7%) {0.0%}
3  ... 
5  ----O                                                                     (4 = 33.3%) {66.7%}
6  ... 

Histogram: Net.QuicSession.ZeroRttReasonNonGoogle recorded 2 samples, mean = 5.0 (flags = 0x1)
0  ... 
5  --O                                                                       (2 = 100.0%) {0.0%}
6  ... 

Histogram: Net.QuicSession.ZeroRttState recorded 14 samples, mean = 0.9 (flags = 0x1)
0  --------O                                                                 (8 = 57.1%)
1  O                                                                         (0 = 0.0%) {57.1%}
2  ------O                                                                   (6 = 42.9%) {57.1%}
3  O                                                                         (0 = 0.0%) {100.0%}

Histogram: Net.RestrictedCookieManager.SiteForCookiesOK recorded 1 samples, mean = 1.0 (flags = 0x1)
0  O                                                                         (0 = 0.0%)
1  -O                                                                        (1 = 100.0%) {0.0%}
2  O                                                                         (0 = 0.0%) {100.0%}

Histogram: Net.RestrictedCookieManager.TopFrameOriginOK recorded 1 samples, mean = 1.0 (flags = 0x1)
0  O                                                                         (0 = 0.0%)
1  -O                                                                        (1 = 100.0%) {0.0%}
2  O                                                                         (0 = 0.0%) {100.0%}

Histogram: Net.SSLHandshakeDetails recorded 11 samples, mean = 6.1 (flags = 0x1)
0  ... 
6  ----------O                                                               (10 = 90.9%) {0.0%}
7  -O                                                                        (1 = 9.1%) {90.9%}
8  ... 

Histogram: Net.SSLNegotiatedAlpnProtocol recorded 11 samples, mean = 1.8 (flags = 0x1)
0  -O                                                                        (1 = 9.1%)
1  O                                                                         (0 = 0.0%) {9.1%}
2  ----------O                                                               (10 = 90.9%) {9.1%}
3  ... 

Histogram: Net.SSLRenegotiationInfoSupported recorded 11 samples, mean = 1.0 (flags = 0x1)
0  O                                                                         (0 = 0.0%)
1  -----------O                                                              (11 = 100.0%) {0.0%}
2  O                                                                         (0 = 0.0%) {100.0%}

Histogram: Net.SSLSignatureAlgorithm recorded 11 samples (flags = 0x1)
1027  --------O                                                                 (8 = 72.7%)
2052  ---O                                                                      (3 = 27.3%)

Histogram: Net.SSLVersion recorded 10 samples, mean = 6.0 (flags = 0x1)
0  ... 
6  ----------O                                                               (10 = 100.0%) {0.0%}
7  ... 

Histogram: Net.SSL_CipherSuite recorded 10 samples (flags = 0x1)
4865  -------O                                                                  (7 = 70.0%)
4866  ---O                                                                      (3 = 30.0%)

Histogram: Net.SSL_Connection_Error recorded 10 samples (flags = 0x1)
0  ----------O                                                               (10 = 100.0%)

Histogram: Net.SSL_Connection_Latency_2 recorded 10 samples, mean = 125.2 (flags = 0x1)
0    ... 
42   -O                                                                        (1 = 10.0%) {0.0%}
46   -O                                                                        (1 = 10.0%) {10.0%}
51   O                                                                         (0 = 0.0%) {20.0%}
56   -O                                                                        (1 = 10.0%) {20.0%}
62   O                                                                         (0 = 0.0%) {30.0%}
68   --O                                                                       (2 = 20.0%) {30.0%}
75   ... 
92   --O                                                                       (2 = 20.0%) {50.0%}
101  -O                                                                        (1 = 10.0%) {70.0%}
111  ... 
149  -O                                                                        (1 = 10.0%) {80.0%}
164  ... 
485  -O                                                                        (1 = 10.0%) {90.0%}
535  ... 

Histogram: Net.SSL_KeyExchange.ECDHE recorded 10 samples (flags = 0x1)
29     ------O                                                                   (6 = 60.0%)
25497  ----O                                                                     (4 = 40.0%)

Histogram: Net.SharedDictionaryStorageOnDisk.IsMetadataReadyOnFirstUse recorded 1 samples, mean = 1.0 (flags = 0x1)
0  O                                                                         (0 = 0.0%)
1  -O                                                                        (1 = 100.0%) {0.0%}
2  O                                                                         (0 = 0.0%) {100.0%}

Histogram: Net.SharedDictionaryStorageOnDisk.MetadataReadTime.Empty recorded 1 samples, mean = 0.0 (flags = 0x1)
0  -O                                                                        (1 = 100.0%)
1  ... 

Histogram: Net.SharedDictionaryStore.DeleteExpiredDictionaries.Error recorded 2 samples, mean = 0.0 (flags = 0x1)
0  --O                                                                       (2 = 100.0%)
1  ... 

Histogram: Net.SharedDictionaryStore.GetDictionaries.Error recorded 1 samples, mean = 0.0 (flags = 0x1)
0  -O                                                                        (1 = 100.0%)
1  ... 

Histogram: Net.SharedDictionaryStore.ProcessEviction.Error recorded 1 samples, mean = 0.0 (flags = 0x1)
0  -O                                                                        (1 = 100.0%)
1  ... 

Histogram: Net.SpdyFrameStreamAndSessionFlowControlState recorded 4 samples, mean = 0.0 (flags = 0x1)
0  ----O                                                                     (4 = 100.0%)
1  ... 

Histogram: Net.SpdyHeadersCompressionPercentage recorded 15 samples, mean = 66.5 (flags = 0x1)
0   ... 
34  -O                                                                        (1 = 6.7%) {0.0%}
35  ---O                                                                      (3 = 20.0%) {6.7%}
36  ... 
40  -O                                                                        (1 = 6.7%) {26.7%}
41  O                                                                         (0 = 0.0%) {33.3%}
42  -O                                                                        (1 = 6.7%) {33.3%}
43  ... 
75  -O                                                                        (1 = 6.7%) {40.0%}
76  O                                                                         (0 = 0.0%) {46.7%}
77  -O                                                                        (1 = 6.7%) {46.7%}
78  ... 
81  -O                                                                        (1 = 6.7%) {53.3%}
82  -O                                                                        (1 = 6.7%) {60.0%}
83  ... 
87  --O                                                                       (2 = 13.3%) {66.7%}
88  ... 
94  -O                                                                        (1 = 6.7%) {80.0%}
95  -O                                                                        (1 = 6.7%) {86.7%}
96  ... 
98  -O                                                                        (1 = 6.7%) {93.3%}
99  ... 

Histogram: Net.SpdyResponseCode recorded 15 samples (flags = 0x1)
200  --------O                                                                 (8 = 53.3%)
204  --O                                                                       (2 = 13.3%)
302  -O                                                                        (1 = 6.7%)
304  ---O                                                                      (3 = 20.0%)
400  -O                                                                        (1 = 6.7%)

Histogram: Net.SpdySession.AcceptChForOrigin recorded 15 samples, mean = 0.2 (flags = 0x1)
0  ------------O                                                             (12 = 80.0%)
1  ---O                                                                      (3 = 20.0%) {80.0%}
2  O                                                                         (0 = 0.0%) {100.0%}

Histogram: Net.SpdySession.AlpsAcceptChEntries recorded 2 samples, mean = 1.0 (flags = 0x1)
0  O                                                                         (0 = 0.0%)
1  --O                                                                       (2 = 100.0%) {0.0%}
2  ... 

Histogram: Net.SpdySession.AlpsDecoderStatus recorded 2 samples, mean = 0.0 (flags = 0x1)
0  --O                                                                       (2 = 100.0%)
1  ... 

Histogram: Net.SpdySession.AlpsDecoderStatus.Bypassed recorded 2 samples, mean = 0.0 (flags = 0x1)
0  --O                                                                       (2 = 100.0%)
1  ... 

Histogram: Net.SpdySession.AlpsSettingParameterCount recorded 2 samples, mean = 0.0 (flags = 0x1)
0  --O                                                                       (2 = 100.0%)
1  ... 

Histogram: Net.SpdySession.ClosedOnError recorded 6 samples (flags = 0x1)
0  ------O                                                                   (6 = 100.0%)

Histogram: Net.SpdySession.CreateStreamWithSocketConnected recorded 15 samples, mean = 1.0 (flags = 0x1)
0  O                                                                         (0 = 0.0%)
1  ---------------O                                                          (15 = 100.0%) {0.0%}
2  O                                                                         (0 = 0.0%) {100.0%}

Histogram: Net.SpdySession.GoAwayReceived recorded 1 samples (flags = 0x1)
0  -O                                                                        (1 = 100.0%)

Histogram: Net.SpdySession.OnSettings.ActiveStreamCount2 recorded 6 samples, mean = 0.8 (flags = 0x1)
0  -O                                                                        (1 = 16.7%)
1  -----O                                                                    (5 = 83.3%) {16.7%}
2  ... 

Histogram: Net.SpdySession.OnSettings.CreatedAndActiveStreamCount2 recorded 6 samples, mean = 0.8 (flags = 0x1)
0  -O                                                                        (1 = 16.7%)
1  -----O                                                                    (5 = 83.3%) {16.7%}
2  ... 

Histogram: Net.SpdySession.OnSettings.CreatedStreamCount2 recorded 6 samples, mean = 0.0 (flags = 0x1)
0  ------O                                                                   (6 = 100.0%)
1  ... 

Histogram: Net.SpdySession.OnSettings.PendingStreamCount2 recorded 6 samples, mean = 0.0 (flags = 0x1)
0  ------O                                                                   (6 = 100.0%)
1  ... 

Histogram: Net.SpdySession.ServerSupportsWebSocket recorded 6 samples, mean = 0.0 (flags = 0x1)
0  ------O                                                                   (6 = 100.0%)
1  ... 

Histogram: Net.SpdySessionGet recorded 16 samples, mean = 1.8 (flags = 0x1)
0  O                                                                         (0 = 0.0%)
1  ----------O                                                               (10 = 62.5%) {0.0%}
2  O                                                                         (0 = 0.0%) {62.5%}
3  ------O                                                                   (6 = 37.5%) {62.5%}
4  O                                                                         (0 = 0.0%) {100.0%}

Histogram: Net.SpdyStreamsAbandonedPerSession recorded 6 samples, mean = 0.0 (flags = 0x1)
0  ------O                                                                   (6 = 100.0%)
1  ... 

Histogram: Net.SpdyStreamsPerSession recorded 6 samples, mean = 2.5 (flags = 0x1)
0  O                                                                         (0 = 0.0%)
1  ---O                                                                      (3 = 50.0%) {0.0%}
2  -O                                                                        (1 = 16.7%) {50.0%}
3  -O                                                                        (1 = 16.7%) {66.7%}
4  ... 
7  -O                                                                        (1 = 16.7%) {83.3%}
8  ... 

Histogram: Net.TCP_Connection_Latency recorded 12 samples, mean = 37.9 (flags = 0x1)
0   ... 
3   -O                                                                        (1 = 8.3%) {0.0%}
4   -O                                                                        (1 = 8.3%) {8.3%}
5   ... 
12  -O                                                                        (1 = 8.3%) {16.7%}
14  O                                                                         (0 = 0.0%) {25.0%}
16  -O                                                                        (1 = 8.3%) {25.0%}
18  ... 
23  -O                                                                        (1 = 8.3%) {33.3%}
26  ... 
37  -O                                                                        (1 = 8.3%) {41.7%}
42  --O                                                                       (2 = 16.7%) {50.0%}
48  -O                                                                        (1 = 8.3%) {66.7%}
54  O                                                                         (0 = 0.0%) {75.0%}
61  -O                                                                        (1 = 8.3%) {75.0%}
69  -O                                                                        (1 = 8.3%) {83.3%}
78  -O                                                                        (1 = 8.3%) {91.7%}
88  ... 

Histogram: Net.TcpConnectAttempt.Latency.Error recorded 4 samples, mean = 2078.2 (flags = 0x1)
0     ... 
1996  ----O                                                                     (4 = 100.0%) {0.0%}
2449  ... 

Histogram: Net.TcpConnectAttempt.Latency.Success recorded 13 samples, mean = 35.5 (flags = 0x1)
0   ---O                                                                      (3 = 23.1%)
10  O                                                                         (0 = 0.0%) {23.1%}
12  -O                                                                        (1 = 7.7%) {23.1%}
15  -O                                                                        (1 = 7.7%) {30.8%}
18  O                                                                         (0 = 0.0%) {38.5%}
22  -O                                                                        (1 = 7.7%) {38.5%}
27  O                                                                         (0 = 0.0%) {46.2%}
33  -O                                                                        (1 = 7.7%) {46.2%}
41  --O                                                                       (2 = 15.4%) {53.8%}
50  --O                                                                       (2 = 15.4%) {69.2%}
61  O                                                                         (0 = 0.0%) {84.6%}
75  --O                                                                       (2 = 15.4%) {84.6%}
92  ... 

Histogram: Net.UDPSocketWinClose recorded 88 samples, mean = 0.0 (flags = 0x1)
0  ------------------------------------------------------------------------O (88 = 100.0%)
1  ... 

Histogram: Net.URLLoaderThrottle.OnReceiveResponseTime recorded 47 samples, mean = 0.1 (flags = 0x1)
0  ----------------------------------------------O                           (46 = 97.9%)
1  ... 
7  -O                                                                        (1 = 2.1%) {97.9%}
8  ... 

Histogram: Net.URLLoaderThrottleExecutionTime.BeforeWillProcessResponse recorded 238 samples, mean = 0.0 (flags = 0x1)
0  ------------------------------------------------------------------------O (238 = 100.0%)
1  ... 

Histogram: Net.URLLoaderThrottleExecutionTime.WillProcessResponse recorded 238 samples, mean = 0.0 (flags = 0x1)
0  ------------------------------------------------------------------------O (238 = 100.0%)
1  ... 

Histogram: Net.URLLoaderThrottleExecutionTime.WillRedirectRequest recorded 16 samples, mean = 0.0 (flags = 0x1)
0  ----------------O                                                         (16 = 100.0%)
1  ... 

Histogram: Net.URLLoaderThrottleExecutionTime.WillStartRequest recorded 238 samples, mean = 0.0 (flags = 0x1)
0  ------------------------------------------------------------------------O (238 = 100.0%)
1  ... 

Histogram: Net.URLRequest.ReferrerHasInformativePath.CrossOrigin recorded 55 samples, mean = 0.0 (flags = 0x1)
0  -------------------------------------------------------O                  (55 = 100.0%)
1  ... 

Histogram: Net.URLRequest.ReferrerHasInformativePath.SameOrigin recorded 8 samples, mean = 1.0 (flags = 0x1)
0  O                                                                         (0 = 0.0%)
1  --------O                                                                 (8 = 100.0%) {0.0%}
2  O                                                                         (0 = 0.0%) {100.0%}

Histogram: Net.URLRequest.ReferrerPolicyForRequest.CrossOrigin recorded 55 samples, mean = 1.5 (flags = 0x1)
0  O                                                                         (0 = 0.0%)
1  -----------------------------------------O                                (41 = 74.5%) {0.0%}
2  O                                                                         (0 = 0.0%) {74.5%}
3  --------------O                                                           (14 = 25.5%) {74.5%}
4  ... 

Histogram: Net.URLRequest.ReferrerPolicyForRequest.SameOrigin recorded 8 samples, mean = 1.0 (flags = 0x1)
0  O                                                                         (0 = 0.0%)
1  --------O                                                                 (8 = 100.0%) {0.0%}
2  ... 

Histogram: NetworkService.DeletedOldCacheData recorded 1 samples, mean = 0.0 (flags = 0x1)
0  -O                                                                        (1 = 100.0%)
1  ... 

Histogram: NetworkService.GrantSandboxResult recorded 3 samples, mean = 9.0 (flags = 0x1)
0   ... 
7   -O                                                                        (1 = 33.3%) {0.0%}
8   ... 
10  --O                                                                       (2 = 66.7%) {33.3%}
11  ... 

Histogram: NetworkService.NetworkLoaderCompletionTime2.DiskCache recorded 38 samples, mean = 39.9 (flags = 0x1)
0    O                                                                         (0 = 0.0%)
1    -O                                                                        (1 = 2.6%) {0.0%}
2    -O                                                                        (1 = 2.6%) {2.6%}
3    ... 
5    -----O                                                                    (5 = 13.2%) {5.3%}
6    -O                                                                        (1 = 2.6%) {18.4%}
7    -----O                                                                    (5 = 13.2%) {21.1%}
8    O                                                                         (0 = 0.0%) {34.2%}
10   ---O                                                                      (3 = 7.9%) {34.2%}
12   ---O                                                                      (3 = 7.9%) {42.1%}
14   -O                                                                        (1 = 2.6%) {50.0%}
17   ----O                                                                     (4 = 10.5%) {52.6%}
20   --O                                                                       (2 = 5.3%) {63.2%}
24   -O                                                                        (1 = 2.6%) {68.4%}
29   ----O                                                                     (4 = 10.5%) {71.1%}
34   --O                                                                       (2 = 5.3%) {81.6%}
40   -O                                                                        (1 = 2.6%) {86.8%}
48   ... 
160  -O                                                                        (1 = 2.6%) {89.5%}
190  -O                                                                        (1 = 2.6%) {92.1%}
226  -O                                                                        (1 = 2.6%) {94.7%}
268  O                                                                         (0 = 0.0%) {97.4%}
318  -O                                                                        (1 = 2.6%) {97.4%}
378  ... 

Histogram: NetworkService.NetworkLoaderCompletionTime2.Network recorded 23 samples, mean = 162.7 (flags = 0x1)
0    ... 
17   -O                                                                        (1 = 4.3%) {0.0%}
20   -O                                                                        (1 = 4.3%) {4.3%}
24   ... 
48   -O                                                                        (1 = 4.3%) {8.7%}
57   --O                                                                       (2 = 8.7%) {13.0%}
68   --O                                                                       (2 = 8.7%) {21.7%}
81   O                                                                         (0 = 0.0%) {30.4%}
96   -O                                                                        (1 = 4.3%) {30.4%}
114  ------O                                                                   (6 = 26.1%) {34.8%}
135  --O                                                                       (2 = 8.7%) {60.9%}
160  --O                                                                       (2 = 8.7%) {69.6%}
190  -O                                                                        (1 = 4.3%) {78.3%}
226  O                                                                         (0 = 0.0%) {82.6%}
268  --O                                                                       (2 = 8.7%) {82.6%}
318  -O                                                                        (1 = 4.3%) {91.3%}
378  ... 
633  -O                                                                        (1 = 4.3%) {95.7%}
752  ... 

Histogram: NetworkService.TimeToGrantCacheAccess recorded 1 samples, mean = 31.0 (flags = 0x1)
0   ... 
29  -O                                                                        (1 = 100.0%) {0.0%}
34  ... 

Histogram: NetworkService.TimeToGrantDataAccess recorded 2 samples, mean = 3.5 (flags = 0x1)
0  ... 
2  -O                                                                        (1 = 50.0%) {0.0%}
3  ... 
5  -O                                                                        (1 = 50.0%) {50.0%}
6  ... 

Histogram: NetworkService.TimeToGrantSharedDictionaryAccess recorded 1 samples, mean = 4.0 (flags = 0x1)
0  ... 
4  -O                                                                        (1 = 100.0%) {0.0%}
5  ... 

Histogram: NetworkedProfile.Check recorded 1 samples, mean = 4.0 (flags = 0x1)
0  ... 
4  -O                                                                        (1 = 100.0%) {0.0%}
5  ... 

Histogram: NewTabPage.MostVisited.DeciScore.0.Local recorded 1 samples, mean = 171.0 (flags = 0x1)
0    ... 
149  -O                                                                        (1 = 100.0%) {0.0%}
196  ... 

Histogram: NewTabPage.MostVisited.DeciScore.1.Local recorded 1 samples, mean = 171.0 (flags = 0x1)
0    ... 
149  -O                                                                        (1 = 100.0%) {0.0%}
196  ... 

Histogram: Notifications.UsingSystemNotificationCenter recorded 1 samples, mean = 0.0 (flags = 0x1)
0  -O                                                                        (1 = 100.0%)
1  ... 

Histogram: Notifications.Windows.GetDisplayedStatus recorded 1 samples, mean = 0.0 (flags = 0x1)
0  -O                                                                        (1 = 100.0%)
1  ... 

Histogram: Notifications.Windows.GetSettingStatusStartup recorded 1 samples, mean = 1.0 (flags = 0x1)
0  O                                                                         (0 = 0.0%)
1  -O                                                                        (1 = 100.0%) {0.0%}
2  O                                                                         (0 = 0.0%) {100.0%}

Histogram: Notifications.Windows.HistoryStatus recorded 1 samples, mean = 0.0 (flags = 0x1)
0  -O                                                                        (1 = 100.0%)
1  ... 

Histogram: Notifications.Windows.SetReadyCallbackStatus2 recorded 1 samples, mean = 3.0 (flags = 0x1)
0  ... 
3  -O                                                                        (1 = 100.0%) {0.0%}
4  ... 

Histogram: Notifications.Windows.StartMenuShortcutStatus recorded 1 samples, mean = 2.0 (flags = 0x1)
0  ... 
2  -O                                                                        (1 = 100.0%) {0.0%}
3  ... 

Histogram: OSCrypt.AppBoundEncryption.SupportLevel recorded 1 samples, mean = 4.0 (flags = 0x1)
0  ... 
4  -O                                                                        (1 = 100.0%) {0.0%}
5  ... 

Histogram: OSCrypt.AppBoundProvider.KeyRetrieval.Status recorded 1 samples, mean = 1.0 (flags = 0x1)
0  O                                                                         (0 = 0.0%)
1  -O                                                                        (1 = 100.0%) {0.0%}
2  ... 

Histogram: OSCrypt.AsyncInitialization.Result recorded 1 samples, mean = 1.0 (flags = 0x1)
0  O                                                                         (0 = 0.0%)
1  -O                                                                        (1 = 100.0%) {0.0%}
2  O                                                                         (0 = 0.0%) {100.0%}

Histogram: OSCrypt.AsyncInitialization.Time recorded 1 samples, mean = 1.0 (flags = 0x1)
0  O                                                                         (0 = 0.0%)
1  -O                                                                        (1 = 100.0%) {0.0%}
2  ... 

Histogram: OSCrypt.DPAPIProvider.Status recorded 1 samples, mean = 0.0 (flags = 0x1)
0  -O                                                                        (1 = 100.0%)
1  ... 

Histogram: OSCrypt.Win.Decrypt.Result recorded 1 samples, mean = 1.0 (flags = 0x1)
0  O                                                                         (0 = 0.0%)
1  -O                                                                        (1 = 100.0%) {0.0%}
2  O                                                                         (0 = 0.0%) {100.0%}

Histogram: OSCrypt.Win.Decrypt.Time recorded 1 samples, mean = 0.0 (flags = 0x1)
0  -O                                                                        (1 = 100.0%)
1  ... 

Histogram: Omnibox.KeywordModeUsageByEngineType.ActiveOnStartup recorded 4 samples, mean = 3.5 (flags = 0x1)
0  ... 
2  -O                                                                        (1 = 25.0%) {0.0%}
3  -O                                                                        (1 = 25.0%) {25.0%}
4  -O                                                                        (1 = 25.0%) {50.0%}
5  -O                                                                        (1 = 25.0%) {75.0%}
6  O                                                                         (0 = 0.0%) {100.0%}

Histogram: Omnibox.KeywordModeUsageByEngineType.InactiveOnStartup recorded 5 samples, mean = 1.0 (flags = 0x1)
0  O                                                                         (0 = 0.0%)
1  -----O                                                                    (5 = 100.0%) {0.0%}
2  ... 

Histogram: Omnibox.TemplateUrl.RlzPresent recorded 24 samples, mean = 0.0 (flags = 0x1)
0  ------------------------O                                                 (24 = 100.0%)
1  ... 

Histogram: Omnibox.TemplateUrl.SearchClientPresent recorded 24 samples, mean = 0.0 (flags = 0x1)
0  ------------------------O                                                 (24 = 100.0%)
1  ... 

Histogram: OptimizationGuide.ApplyDecision.AboutThisSite recorded 1 samples, mean = 8.0 (flags = 0x1)
0  ... 
8  -O                                                                        (1 = 100.0%) {0.0%}
9  ... 

Histogram: OptimizationGuide.ApplyDecision.HistoryClusters recorded 4 samples, mean = 3.0 (flags = 0x1)
0  ... 
3  ----O                                                                     (4 = 100.0%) {0.0%}
4  ... 

Histogram: OptimizationGuide.ApplyDecision.V8CompileHints recorded 1 samples, mean = 8.0 (flags = 0x1)
0  ... 
8  -O                                                                        (1 = 100.0%) {0.0%}
9  ... 

Histogram: OptimizationGuide.HintCacheLevelDBStore.LoadMetadataResult recorded 1 samples, mean = 5.0 (flags = 0x1)
0  ... 
5  -O                                                                        (1 = 100.0%) {0.0%}
6  ... 

Histogram: OptimizationGuide.HintCacheLevelDBStore.Status recorded 3 samples, mean = 1.0 (flags = 0x1)
0  -O                                                                        (1 = 33.3%)
1  -O                                                                        (1 = 33.3%) {33.3%}
2  -O                                                                        (1 = 33.3%) {66.7%}
3  ... 

Histogram: OptimizationGuide.HintsManager.HintCacheInitialized recorded 1 samples, mean = 1.0
0  O                                                                         (0 = 0.0%)
1  -O                                                                        (1 = 100.0%) {0.0%}
2  O                                                                         (0 = 0.0%) {100.0%}

Histogram: OptimizationGuide.LoadedHint.Result recorded 4 samples, mean = 0.0
0  ----O                                                                     (4 = 100.0%)
1  ... 

Histogram: OptimizationGuide.ModelExecution.FeatureCurrentlyEnabledResult.Compose recorded 1 samples, mean = 1.0 (flags = 0x1)
0  O                                                                         (0 = 0.0%)
1  -O                                                                        (1 = 100.0%) {0.0%}
2  ... 

Histogram: OptimizationGuide.ModelExecution.FeatureCurrentlyEnabledResult.HistorySearch recorded 2 samples, mean = 3.0 (flags = 0x1)
0  ... 
3  --O                                                                       (2 = 100.0%) {0.0%}
4  ... 

Histogram: OptimizationGuide.ModelExecution.FeatureCurrentlyEnabledResult.TabOrganization recorded 1 samples, mean = 3.0 (flags = 0x1)
0  ... 
3  -O                                                                        (1 = 100.0%) {0.0%}
4  ... 

Histogram: OptimizationGuide.ModelExecution.FeatureCurrentlyEnabledResult.WallpaperSearch recorded 1 samples, mean = 1.0 (flags = 0x1)
0  O                                                                         (0 = 0.0%)
1  -O                                                                        (1 = 100.0%) {0.0%}
2  ... 

Histogram: OptimizationGuide.ModelExecution.FeatureEnabledAtStartup.Compose recorded 1 samples, mean = 0.0 (flags = 0x1)
0  -O                                                                        (1 = 100.0%)
1  ... 

Histogram: OptimizationGuide.ModelExecution.FeatureEnabledAtStartup.HistorySearch recorded 1 samples, mean = 0.0 (flags = 0x1)
0  -O                                                                        (1 = 100.0%)
1  ... 

Histogram: OptimizationGuide.ModelExecution.FeatureEnabledAtStartup.TabOrganization recorded 1 samples, mean = 0.0 (flags = 0x1)
0  -O                                                                        (1 = 100.0%)
1  ... 

Histogram: OptimizationGuide.ModelExecution.FeatureEnabledAtStartup.WallpaperSearch recorded 1 samples, mean = 0.0 (flags = 0x1)
0  -O                                                                        (1 = 100.0%)
1  ... 

Histogram: OptimizationGuide.ModelExecution.OnDeviceModelInstallCriteria.AtRegistration.All recorded 1 samples, mean = 0.0 (flags = 0x1)
0  -O                                                                        (1 = 100.0%)
1  ... 

Histogram: OptimizationGuide.ModelExecution.OnDeviceModelInstallCriteria.AtRegistration.DeviceCapability recorded 1 samples, mean = 0.0 (flags = 0x1)
0  -O                                                                        (1 = 100.0%)
1  ... 

Histogram: OptimizationGuide.ModelExecution.OnDeviceModelInstallCriteria.AtRegistration.DiskSpace recorded 1 samples, mean = 1.0 (flags = 0x1)
0  O                                                                         (0 = 0.0%)
1  -O                                                                        (1 = 100.0%) {0.0%}
2  O                                                                         (0 = 0.0%) {100.0%}

Histogram: OptimizationGuide.ModelExecution.OnDeviceModelInstallCriteria.AtRegistration.EnabledByEnterprisePolicy recorded 1 samples, mean = 1.0 (flags = 0x1)
0  O                                                                         (0 = 0.0%)
1  -O                                                                        (1 = 100.0%) {0.0%}
2  O                                                                         (0 = 0.0%) {100.0%}

Histogram: OptimizationGuide.ModelExecution.OnDeviceModelInstallCriteria.AtRegistration.EnabledByFeature recorded 1 samples, mean = 0.0 (flags = 0x1)
0  -O                                                                        (1 = 100.0%)
1  ... 

Histogram: OptimizationGuide.ModelExecution.OnDeviceModelInstallCriteria.AtRegistration.FeatureUse recorded 1 samples, mean = 0.0 (flags = 0x1)
0  -O                                                                        (1 = 100.0%)
1  ... 

Histogram: OptimizationGuide.ModelHandler.HandlerCreated.GeolocationPermissions recorded 1 samples, mean = 1.0 (flags = 0x1)
0  O                                                                         (0 = 0.0%)
1  -O                                                                        (1 = 100.0%) {0.0%}
2  O                                                                         (0 = 0.0%) {100.0%}

Histogram: OptimizationGuide.ModelHandler.HandlerCreated.NewTabPageHistoryClustersModuleRanking recorded 1 samples, mean = 1.0 (flags = 0x1)
0  O                                                                         (0 = 0.0%)
1  -O                                                                        (1 = 100.0%) {0.0%}
2  O                                                                         (0 = 0.0%) {100.0%}

Histogram: OptimizationGuide.ModelHandler.HandlerCreated.NotificationPermissions recorded 1 samples, mean = 1.0 (flags = 0x1)
0  O                                                                         (0 = 0.0%)
1  -O                                                                        (1 = 100.0%) {0.0%}
2  O                                                                         (0 = 0.0%) {100.0%}

Histogram: OptimizationGuide.ModelHandler.HandlerCreated.OmniboxUrlScoring recorded 1 samples, mean = 1.0 (flags = 0x1)
0  O                                                                         (0 = 0.0%)
1  -O                                                                        (1 = 100.0%) {0.0%}
2  O                                                                         (0 = 0.0%) {100.0%}

Histogram: OptimizationGuide.ModelHandler.HandlerCreated.PageTopicsV2 recorded 1 samples, mean = 1.0 (flags = 0x1)
0  O                                                                         (0 = 0.0%)
1  -O                                                                        (1 = 100.0%) {0.0%}
2  O                                                                         (0 = 0.0%) {100.0%}

Histogram: OptimizationGuide.ModelHandler.HandlerCreated.SegmentationChromeLowUserEngagement recorded 1 samples, mean = 1.0 (flags = 0x1)
0  O                                                                         (0 = 0.0%)
1  -O                                                                        (1 = 100.0%) {0.0%}
2  O                                                                         (0 = 0.0%) {100.0%}

Histogram: OptimizationGuide.ModelHandler.HandlerCreated.SegmentationComposePromotion recorded 1 samples, mean = 1.0 (flags = 0x1)
0  O                                                                         (0 = 0.0%)
1  -O                                                                        (1 = 100.0%) {0.0%}
2  O                                                                         (0 = 0.0%) {100.0%}

Histogram: OptimizationGuide.ModelHandler.HandlerCreated.SegmentationDeviceSwitcher recorded 1 samples, mean = 1.0 (flags = 0x1)
0  O                                                                         (0 = 0.0%)
1  -O                                                                        (1 = 100.0%) {0.0%}
2  O                                                                         (0 = 0.0%) {100.0%}

Histogram: OptimizationGuide.ModelHandler.HandlerCreated.SegmentationSearchUser recorded 1 samples, mean = 1.0 (flags = 0x1)
0  O                                                                         (0 = 0.0%)
1  -O                                                                        (1 = 100.0%) {0.0%}
2  O                                                                         (0 = 0.0%) {100.0%}

Histogram: OptimizationGuide.ModelHandler.HandlerCreated.SegmentationShoppingUser recorded 1 samples, mean = 1.0 (flags = 0x1)
0  O                                                                         (0 = 0.0%)
1  -O                                                                        (1 = 100.0%) {0.0%}
2  O                                                                         (0 = 0.0%) {100.0%}

Histogram: OptimizationGuide.ModelHandler.HandlerCreated.URLVisitResumptionRanker recorded 1 samples, mean = 1.0 (flags = 0x1)
0  O                                                                         (0 = 0.0%)
1  -O                                                                        (1 = 100.0%) {0.0%}
2  O                                                                         (0 = 0.0%) {100.0%}

Histogram: OptimizationGuide.ModelHandler.HandlerCreated.WebAppInstallationPromo recorded 1 samples, mean = 1.0 (flags = 0x1)
0  O                                                                         (0 = 0.0%)
1  -O                                                                        (1 = 100.0%) {0.0%}
2  O                                                                         (0 = 0.0%) {100.0%}

Histogram: OptimizationGuide.OptimizationFilterStatus.HistoryClusters recorded 4 samples, mean = 0.5 (flags = 0x1)
0  --O                                                                       (2 = 50.0%)
1  --O                                                                       (2 = 50.0%) {50.0%}
2  ... 

Histogram: OptimizationGuide.OptimizationFilterStatus.ShoppingPagePredictor recorded 4 samples, mean = 0.5 (flags = 0x1)
0  --O                                                                       (2 = 50.0%)
1  --O                                                                       (2 = 50.0%) {50.0%}
2  ... 

Histogram: OptimizationGuide.OptimizationHintsComponent.MajorVersion2 recorded 2 samples (flags = 0x1)
628  -O                                                                        (1 = 50.0%)
629  -O                                                                        (1 = 50.0%)

Histogram: OptimizationGuide.PageContentAnnotations.AnnotateVisitResultCached recorded 4 samples, mean = 0.0 (flags = 0x1)
0  ----O                                                                     (4 = 100.0%)
1  ... 

Histogram: OptimizationGuide.PageContentAnnotationsService.ContentAnnotated recorded 4 samples, mean = 0.0 (flags = 0x1)
0  ----O                                                                     (4 = 100.0%)
1  ... 

Histogram: OptimizationGuide.PredictionManager.DownloadServiceAvailabilityBlockedFetch recorded 6 samples, mean = 0.0 (flags = 0x1)
0  ------O                                                                   (6 = 100.0%)
1  ... 

Histogram: OptimizationGuide.PredictionManager.FirstModelFetchSinceServiceInit recorded 1 samples, mean = 10019.0 (flags = 0x1)
0     ... 
8000  -O                                                                        (1 = 100.0%) {0.0%}
10165 ... 

Histogram: OptimizationGuide.PredictionManager.ModelAvailableAtRegistration.ClientSidePhishing recorded 1 samples, mean = 0.0 (flags = 0x1)
0  -O                                                                        (1 = 100.0%)
1  ... 

Histogram: OptimizationGuide.PredictionManager.ModelAvailableAtRegistration.GeolocationPermissions recorded 1 samples, mean = 0.0 (flags = 0x1)
0  -O                                                                        (1 = 100.0%)
1  ... 

Histogram: OptimizationGuide.PredictionManager.ModelAvailableAtRegistration.LanguageDetection recorded 2 samples, mean = 0.0 (flags = 0x1)
0  --O                                                                       (2 = 100.0%)
1  ... 

Histogram: OptimizationGuide.PredictionManager.ModelAvailableAtRegistration.NewTabPageHistoryClustersModuleRanking recorded 1 samples, mean = 0.0 (flags = 0x1)
0  -O                                                                        (1 = 100.0%)
1  ... 

Histogram: OptimizationGuide.PredictionManager.ModelAvailableAtRegistration.NotificationPermissions recorded 1 samples, mean = 0.0 (flags = 0x1)
0  -O                                                                        (1 = 100.0%)
1  ... 

Histogram: OptimizationGuide.PredictionManager.ModelAvailableAtRegistration.OmniboxUrlScoring recorded 1 samples, mean = 0.0 (flags = 0x1)
0  -O                                                                        (1 = 100.0%)
1  ... 

Histogram: OptimizationGuide.PredictionManager.ModelAvailableAtRegistration.PageTopicsV2 recorded 1 samples, mean = 0.0 (flags = 0x1)
0  -O                                                                        (1 = 100.0%)
1  ... 

Histogram: OptimizationGuide.PredictionManager.ModelAvailableAtRegistration.SegmentationChromeLowUserEngagement recorded 1 samples, mean = 0.0 (flags = 0x1)
0  -O                                                                        (1 = 100.0%)
1  ... 

Histogram: OptimizationGuide.PredictionManager.ModelAvailableAtRegistration.SegmentationComposePromotion recorded 1 samples, mean = 0.0 (flags = 0x1)
0  -O                                                                        (1 = 100.0%)
1  ... 

Histogram: OptimizationGuide.PredictionManager.ModelAvailableAtRegistration.SegmentationDeviceSwitcher recorded 1 samples, mean = 0.0 (flags = 0x1)
0  -O                                                                        (1 = 100.0%)
1  ... 

Histogram: OptimizationGuide.PredictionManager.ModelAvailableAtRegistration.SegmentationSearchUser recorded 1 samples, mean = 0.0 (flags = 0x1)
0  -O                                                                        (1 = 100.0%)
1  ... 

Histogram: OptimizationGuide.PredictionManager.ModelAvailableAtRegistration.SegmentationShoppingUser recorded 1 samples, mean = 0.0 (flags = 0x1)
0  -O                                                                        (1 = 100.0%)
1  ... 

Histogram: OptimizationGuide.PredictionManager.ModelAvailableAtRegistration.TextSafety recorded 1 samples, mean = 0.0 (flags = 0x1)
0  -O                                                                        (1 = 100.0%)
1  ... 

Histogram: OptimizationGuide.PredictionManager.ModelAvailableAtRegistration.URLVisitResumptionRanker recorded 1 samples, mean = 0.0 (flags = 0x1)
0  -O                                                                        (1 = 100.0%)
1  ... 

Histogram: OptimizationGuide.PredictionManager.ModelAvailableAtRegistration.VisualSearchClassification recorded 1 samples, mean = 0.0 (flags = 0x1)
0  -O                                                                        (1 = 100.0%)
1  ... 

Histogram: OptimizationGuide.PredictionManager.ModelAvailableAtRegistration.WebAppInstallationPromo recorded 1 samples, mean = 0.0 (flags = 0x1)
0  -O                                                                        (1 = 100.0%)
1  ... 

Histogram: OptimizationGuide.PredictionManager.ModelDeliveryEvents.ClientSidePhishing recorded 12 samples, mean = 5.5 (flags = 0x1)
0  ... 
3  ------O                                                                   (6 = 50.0%) {0.0%}
4  ... 
8  ------O                                                                   (6 = 50.0%) {50.0%}
9  ... 

Histogram: OptimizationGuide.PredictionManager.ModelDeliveryEvents.GeolocationPermissions recorded 12 samples, mean = 5.5 (flags = 0x1)
0  ... 
3  ------O                                                                   (6 = 50.0%) {0.0%}
4  ... 
8  ------O                                                                   (6 = 50.0%) {50.0%}
9  ... 

Histogram: OptimizationGuide.PredictionManager.ModelDeliveryEvents.LanguageDetection recorded 12 samples, mean = 5.5 (flags = 0x1)
0  ... 
3  ------O                                                                   (6 = 50.0%) {0.0%}
4  ... 
8  ------O                                                                   (6 = 50.0%) {50.0%}
9  ... 

Histogram: OptimizationGuide.PredictionManager.ModelDeliveryEvents.NewTabPageHistoryClustersModuleRanking recorded 12 samples, mean = 5.5 (flags = 0x1)
0  ... 
3  ------O                                                                   (6 = 50.0%) {0.0%}
4  ... 
8  ------O                                                                   (6 = 50.0%) {50.0%}
9  ... 

Histogram: OptimizationGuide.PredictionManager.ModelDeliveryEvents.NotificationPermissions recorded 12 samples, mean = 5.5 (flags = 0x1)
0  ... 
3  ------O                                                                   (6 = 50.0%) {0.0%}
4  ... 
8  ------O                                                                   (6 = 50.0%) {50.0%}
9  ... 

Histogram: OptimizationGuide.PredictionManager.ModelDeliveryEvents.OmniboxUrlScoring recorded 12 samples, mean = 5.5 (flags = 0x1)
0  ... 
3  ------O                                                                   (6 = 50.0%) {0.0%}
4  ... 
8  ------O                                                                   (6 = 50.0%) {50.0%}
9  ... 

Histogram: OptimizationGuide.PredictionManager.ModelDeliveryEvents.PageTopicsV2 recorded 12 samples, mean = 5.5 (flags = 0x1)
0  ... 
3  ------O                                                                   (6 = 50.0%) {0.0%}
4  ... 
8  ------O                                                                   (6 = 50.0%) {50.0%}
9  ... 

Histogram: OptimizationGuide.PredictionManager.ModelDeliveryEvents.SegmentationChromeLowUserEngagement recorded 12 samples, mean = 5.5 (flags = 0x1)
0  ... 
3  ------O                                                                   (6 = 50.0%) {0.0%}
4  ... 
8  ------O                                                                   (6 = 50.0%) {50.0%}
9  ... 

Histogram: OptimizationGuide.PredictionManager.ModelDeliveryEvents.SegmentationComposePromotion recorded 12 samples, mean = 5.5 (flags = 0x1)
0  ... 
3  ------O                                                                   (6 = 50.0%) {0.0%}
4  ... 
8  ------O                                                                   (6 = 50.0%) {50.0%}
9  ... 

Histogram: OptimizationGuide.PredictionManager.ModelDeliveryEvents.SegmentationDeviceSwitcher recorded 12 samples, mean = 5.5 (flags = 0x1)
0  ... 
3  ------O                                                                   (6 = 50.0%) {0.0%}
4  ... 
8  ------O                                                                   (6 = 50.0%) {50.0%}
9  ... 

Histogram: OptimizationGuide.PredictionManager.ModelDeliveryEvents.SegmentationSearchUser recorded 12 samples, mean = 5.5 (flags = 0x1)
0  ... 
3  ------O                                                                   (6 = 50.0%) {0.0%}
4  ... 
8  ------O                                                                   (6 = 50.0%) {50.0%}
9  ... 

Histogram: OptimizationGuide.PredictionManager.ModelDeliveryEvents.SegmentationShoppingUser recorded 12 samples, mean = 5.5 (flags = 0x1)
0  ... 
3  ------O                                                                   (6 = 50.0%) {0.0%}
4  ... 
8  ------O                                                                   (6 = 50.0%) {50.0%}
9  ... 

Histogram: OptimizationGuide.PredictionManager.ModelDeliveryEvents.TextSafety recorded 12 samples, mean = 5.5 (flags = 0x1)
0  ... 
3  ------O                                                                   (6 = 50.0%) {0.0%}
4  ... 
8  ------O                                                                   (6 = 50.0%) {50.0%}
9  ... 

Histogram: OptimizationGuide.PredictionManager.ModelDeliveryEvents.URLVisitResumptionRanker recorded 12 samples, mean = 5.5 (flags = 0x1)
0  ... 
3  ------O                                                                   (6 = 50.0%) {0.0%}
4  ... 
8  ------O                                                                   (6 = 50.0%) {50.0%}
9  ... 

Histogram: OptimizationGuide.PredictionManager.ModelDeliveryEvents.VisualSearchClassification recorded 12 samples, mean = 5.5 (flags = 0x1)
0  ... 
3  ------O                                                                   (6 = 50.0%) {0.0%}
4  ... 
8  ------O                                                                   (6 = 50.0%) {50.0%}
9  ... 

Histogram: OptimizationGuide.PredictionManager.ModelDeliveryEvents.WebAppInstallationPromo recorded 12 samples, mean = 5.5 (flags = 0x1)
0  ... 
3  ------O                                                                   (6 = 50.0%) {0.0%}
4  ... 
8  ------O                                                                   (6 = 50.0%) {50.0%}
9  ... 

Histogram: OptimizationGuide.PredictionManager.RegistrationTimeSinceServiceInit.ClientSidePhishing recorded 1 samples, mean = 0.0 (flags = 0x1)
0  -O                                                                        (1 = 100.0%)
1  ... 

Histogram: OptimizationGuide.PredictionManager.RegistrationTimeSinceServiceInit.GeolocationPermissions recorded 1 samples, mean = 0.0 (flags = 0x1)
0  -O                                                                        (1 = 100.0%)
1  ... 

Histogram: OptimizationGuide.PredictionManager.RegistrationTimeSinceServiceInit.LanguageDetection recorded 2 samples, mean = 5.5 (flags = 0x1)
0   -O                                                                        (1 = 50.0%)
1   ... 
10  -O                                                                        (1 = 50.0%) {50.0%}
13  ... 

Histogram: OptimizationGuide.PredictionManager.RegistrationTimeSinceServiceInit.NewTabPageHistoryClustersModuleRanking recorded 1 samples, mean = 0.0 (flags = 0x1)
0  -O                                                                        (1 = 100.0%)
1  ... 

Histogram: OptimizationGuide.PredictionManager.RegistrationTimeSinceServiceInit.NotificationPermissions recorded 1 samples, mean = 0.0 (flags = 0x1)
0  -O                                                                        (1 = 100.0%)
1  ... 

Histogram: OptimizationGuide.PredictionManager.RegistrationTimeSinceServiceInit.OmniboxUrlScoring recorded 1 samples, mean = 0.0 (flags = 0x1)
0  -O                                                                        (1 = 100.0%)
1  ... 

Histogram: OptimizationGuide.PredictionManager.RegistrationTimeSinceServiceInit.PageTopicsV2 recorded 1 samples, mean = 0.0 (flags = 0x1)
0  -O                                                                        (1 = 100.0%)
1  ... 

Histogram: OptimizationGuide.PredictionManager.RegistrationTimeSinceServiceInit.SegmentationChromeLowUserEngagement recorded 1 samples, mean = 3567.0 (flags = 0x1)
0     ... 
3069  -O                                                                        (1 = 100.0%) {0.0%}
3900  ... 

Histogram: OptimizationGuide.PredictionManager.RegistrationTimeSinceServiceInit.SegmentationComposePromotion recorded 1 samples, mean = 3567.0 (flags = 0x1)
0     ... 
3069  -O                                                                        (1 = 100.0%) {0.0%}
3900  ... 

Histogram: OptimizationGuide.PredictionManager.RegistrationTimeSinceServiceInit.SegmentationDeviceSwitcher recorded 1 samples, mean = 3567.0 (flags = 0x1)
0     ... 
3069  -O                                                                        (1 = 100.0%) {0.0%}
3900  ... 

Histogram: OptimizationGuide.PredictionManager.RegistrationTimeSinceServiceInit.SegmentationSearchUser recorded 1 samples, mean = 3567.0 (flags = 0x1)
0     ... 
3069  -O                                                                        (1 = 100.0%) {0.0%}
3900  ... 

Histogram: OptimizationGuide.PredictionManager.RegistrationTimeSinceServiceInit.SegmentationShoppingUser recorded 1 samples, mean = 3567.0 (flags = 0x1)
0     ... 
3069  -O                                                                        (1 = 100.0%) {0.0%}
3900  ... 

Histogram: OptimizationGuide.PredictionManager.RegistrationTimeSinceServiceInit.TextSafety recorded 1 samples, mean = 0.0 (flags = 0x1)
0  -O                                                                        (1 = 100.0%)
1  ... 

Histogram: OptimizationGuide.PredictionManager.RegistrationTimeSinceServiceInit.URLVisitResumptionRanker recorded 1 samples, mean = 3567.0 (flags = 0x1)
0     ... 
3069  -O                                                                        (1 = 100.0%) {0.0%}
3900  ... 

Histogram: OptimizationGuide.PredictionManager.RegistrationTimeSinceServiceInit.VisualSearchClassification recorded 1 samples, mean = 0.0 (flags = 0x1)
0  -O                                                                        (1 = 100.0%)
1  ... 

Histogram: OptimizationGuide.PredictionManager.RegistrationTimeSinceServiceInit.WebAppInstallationPromo recorded 1 samples, mean = 3567.0 (flags = 0x1)
0     ... 
3069  -O                                                                        (1 = 100.0%) {0.0%}
3900  ... 

Histogram: OptimizationGuide.PredictionManager.StoreInitialized recorded 1 samples, mean = 1.0
0  O                                                                         (0 = 0.0%)
1  -O                                                                        (1 = 100.0%) {0.0%}
2  O                                                                         (0 = 0.0%) {100.0%}

Histogram: OptimizationGuide.PredictionManager.SupportedModelEngineVersion recorded 6 samples, mean = 18.0
0   ... 
18  ------O                                                                   (6 = 100.0%) {0.0%}
19  ... 

Histogram: OptimizationGuide.PredictionModelFetcher.GetModelsResponse.NetErrorCode recorded 6 samples (flags = 0x1)
379  ------O                                                                   (6 = 100.0%)

Histogram: OptimizationGuide.PredictionModelFetcher.GetModelsResponse.NetErrorCode.ClientSidePhishing recorded 6 samples (flags = 0x1)
379  ------O                                                                   (6 = 100.0%)

Histogram: OptimizationGuide.PredictionModelFetcher.GetModelsResponse.NetErrorCode.GeolocationPermissions recorded 6 samples (flags = 0x1)
379  ------O                                                                   (6 = 100.0%)

Histogram: OptimizationGuide.PredictionModelFetcher.GetModelsResponse.NetErrorCode.LanguageDetection recorded 6 samples (flags = 0x1)
379  ------O                                                                   (6 = 100.0%)

Histogram: OptimizationGuide.PredictionModelFetcher.GetModelsResponse.NetErrorCode.NewTabPageHistoryClustersModuleRanking recorded 6 samples (flags = 0x1)
379  ------O                                                                   (6 = 100.0%)

Histogram: OptimizationGuide.PredictionModelFetcher.GetModelsResponse.NetErrorCode.NotificationPermissions recorded 6 samples (flags = 0x1)
379  ------O                                                                   (6 = 100.0%)

Histogram: OptimizationGuide.PredictionModelFetcher.GetModelsResponse.NetErrorCode.OmniboxUrlScoring recorded 6 samples (flags = 0x1)
379  ------O                                                                   (6 = 100.0%)

Histogram: OptimizationGuide.PredictionModelFetcher.GetModelsResponse.NetErrorCode.PageTopicsV2 recorded 6 samples (flags = 0x1)
379  ------O                                                                   (6 = 100.0%)

Histogram: OptimizationGuide.PredictionModelFetcher.GetModelsResponse.NetErrorCode.SegmentationChromeLowUserEngagement recorded 6 samples (flags = 0x1)
379  ------O                                                                   (6 = 100.0%)

Histogram: OptimizationGuide.PredictionModelFetcher.GetModelsResponse.NetErrorCode.SegmentationComposePromotion recorded 6 samples (flags = 0x1)
379  ------O                                                                   (6 = 100.0%)

Histogram: OptimizationGuide.PredictionModelFetcher.GetModelsResponse.NetErrorCode.SegmentationDeviceSwitcher recorded 6 samples (flags = 0x1)
379  ------O                                                                   (6 = 100.0%)

Histogram: OptimizationGuide.PredictionModelFetcher.GetModelsResponse.NetErrorCode.SegmentationSearchUser recorded 6 samples (flags = 0x1)
379  ------O                                                                   (6 = 100.0%)

Histogram: OptimizationGuide.PredictionModelFetcher.GetModelsResponse.NetErrorCode.SegmentationShoppingUser recorded 6 samples (flags = 0x1)
379  ------O                                                                   (6 = 100.0%)

Histogram: OptimizationGuide.PredictionModelFetcher.GetModelsResponse.NetErrorCode.TextSafety recorded 6 samples (flags = 0x1)
379  ------O                                                                   (6 = 100.0%)

Histogram: OptimizationGuide.PredictionModelFetcher.GetModelsResponse.NetErrorCode.URLVisitResumptionRanker recorded 6 samples (flags = 0x1)
379  ------O                                                                   (6 = 100.0%)

Histogram: OptimizationGuide.PredictionModelFetcher.GetModelsResponse.NetErrorCode.VisualSearchClassification recorded 6 samples (flags = 0x1)
379  ------O                                                                   (6 = 100.0%)

Histogram: OptimizationGuide.PredictionModelFetcher.GetModelsResponse.NetErrorCode.WebAppInstallationPromo recorded 6 samples (flags = 0x1)
379  ------O                                                                   (6 = 100.0%)

Histogram: OptimizationGuide.PredictionModelFetcher.GetModelsResponse.Status recorded 6 samples, mean = 400.0 (flags = 0x1)
0    ... 
400  ------O                                                                   (6 = 100.0%) {0.0%}
401  ... 

Histogram: OptimizationGuide.PredictionModelFetcher.GetModelsResponse.Status.ClientSidePhishing recorded 6 samples, mean = 400.0 (flags = 0x1)
0    ... 
400  ------O                                                                   (6 = 100.0%) {0.0%}
401  ... 

Histogram: OptimizationGuide.PredictionModelFetcher.GetModelsResponse.Status.GeolocationPermissions recorded 6 samples, mean = 400.0 (flags = 0x1)
0    ... 
400  ------O                                                                   (6 = 100.0%) {0.0%}
401  ... 

Histogram: OptimizationGuide.PredictionModelFetcher.GetModelsResponse.Status.LanguageDetection recorded 6 samples, mean = 400.0 (flags = 0x1)
0    ... 
400  ------O                                                                   (6 = 100.0%) {0.0%}
401  ... 

Histogram: OptimizationGuide.PredictionModelFetcher.GetModelsResponse.Status.NewTabPageHistoryClustersModuleRanking recorded 6 samples, mean = 400.0 (flags = 0x1)
0    ... 
400  ------O                                                                   (6 = 100.0%) {0.0%}
401  ... 

Histogram: OptimizationGuide.PredictionModelFetcher.GetModelsResponse.Status.NotificationPermissions recorded 6 samples, mean = 400.0 (flags = 0x1)
0    ... 
400  ------O                                                                   (6 = 100.0%) {0.0%}
401  ... 

Histogram: OptimizationGuide.PredictionModelFetcher.GetModelsResponse.Status.OmniboxUrlScoring recorded 6 samples, mean = 400.0 (flags = 0x1)
0    ... 
400  ------O                                                                   (6 = 100.0%) {0.0%}
401  ... 

Histogram: OptimizationGuide.PredictionModelFetcher.GetModelsResponse.Status.PageTopicsV2 recorded 6 samples, mean = 400.0 (flags = 0x1)
0    ... 
400  ------O                                                                   (6 = 100.0%) {0.0%}
401  ... 

Histogram: OptimizationGuide.PredictionModelFetcher.GetModelsResponse.Status.SegmentationChromeLowUserEngagement recorded 6 samples, mean = 400.0 (flags = 0x1)
0    ... 
400  ------O                                                                   (6 = 100.0%) {0.0%}
401  ... 

Histogram: OptimizationGuide.PredictionModelFetcher.GetModelsResponse.Status.SegmentationComposePromotion recorded 6 samples, mean = 400.0 (flags = 0x1)
0    ... 
400  ------O                                                                   (6 = 100.0%) {0.0%}
401  ... 

Histogram: OptimizationGuide.PredictionModelFetcher.GetModelsResponse.Status.SegmentationDeviceSwitcher recorded 6 samples, mean = 400.0 (flags = 0x1)
0    ... 
400  ------O                                                                   (6 = 100.0%) {0.0%}
401  ... 

Histogram: OptimizationGuide.PredictionModelFetcher.GetModelsResponse.Status.SegmentationSearchUser recorded 6 samples, mean = 400.0 (flags = 0x1)
0    ... 
400  ------O                                                                   (6 = 100.0%) {0.0%}
401  ... 

Histogram: OptimizationGuide.PredictionModelFetcher.GetModelsResponse.Status.SegmentationShoppingUser recorded 6 samples, mean = 400.0 (flags = 0x1)
0    ... 
400  ------O                                                                   (6 = 100.0%) {0.0%}
401  ... 

Histogram: OptimizationGuide.PredictionModelFetcher.GetModelsResponse.Status.TextSafety recorded 6 samples, mean = 400.0 (flags = 0x1)
0    ... 
400  ------O                                                                   (6 = 100.0%) {0.0%}
401  ... 

Histogram: OptimizationGuide.PredictionModelFetcher.GetModelsResponse.Status.URLVisitResumptionRanker recorded 6 samples, mean = 400.0 (flags = 0x1)
0    ... 
400  ------O                                                                   (6 = 100.0%) {0.0%}
401  ... 

Histogram: OptimizationGuide.PredictionModelFetcher.GetModelsResponse.Status.VisualSearchClassification recorded 6 samples, mean = 400.0 (flags = 0x1)
0    ... 
400  ------O                                                                   (6 = 100.0%) {0.0%}
401  ... 

Histogram: OptimizationGuide.PredictionModelFetcher.GetModelsResponse.Status.WebAppInstallationPromo recorded 6 samples, mean = 400.0 (flags = 0x1)
0    ... 
400  ------O                                                                   (6 = 100.0%) {0.0%}
401  ... 

Histogram: OptimizationGuide.ProcessHintsResult recorded 2 samples, mean = 5.5 (flags = 0x1)
0  ... 
5  -O                                                                        (1 = 50.0%) {0.0%}
6  -O                                                                        (1 = 50.0%) {50.0%}
7  ... 

Histogram: OptimizationGuide.ProcessingComponentAtShutdown recorded 1 samples, mean = 0.0 (flags = 0x1)
0  -O                                                                        (1 = 100.0%)
1  ... 

Histogram: OptimizationGuide.RemoteFetchingEnabled recorded 1 samples, mean = 0.0 (flags = 0x1)
0  -O                                                                        (1 = 100.0%)
1  ... 

Histogram: OptimizationGuide.UpdateComponentHints.Result recorded 2 samples, mean = 0.5
0  -O                                                                        (1 = 50.0%)
1  -O                                                                        (1 = 50.0%) {50.0%}
2  O                                                                         (0 = 0.0%) {100.0%}

Histogram: OriginTrials.PersistentOriginTrial.LevelDbInitSuccess recorded 1 samples, mean = 1.0 (flags = 0x1)
0  O                                                                         (0 = 0.0%)
1  -O                                                                        (1 = 100.0%) {0.0%}
2  O                                                                         (0 = 0.0%) {100.0%}

Histogram: OriginTrials.PersistentOriginTrial.LevelDbLoadSize recorded 1 samples, mean = 0.0 (flags = 0x1)
0  -O                                                                        (1 = 100.0%)
1  ... 

Histogram: OriginTrials.PersistentOriginTrial.LevelDbLoadSuccess recorded 1 samples, mean = 1.0 (flags = 0x1)
0  O                                                                         (0 = 0.0%)
1  -O                                                                        (1 = 100.0%) {0.0%}
2  O                                                                         (0 = 0.0%) {100.0%}

Histogram: OriginTrials.PersistentOriginTrial.LevelDbLoadTime recorded 1 samples, mean = 3568.0 (flags = 0x1)
0     ... 
3553  -O                                                                        (1 = 100.0%) {0.0%}
4222  ... 

Histogram: OriginTrials.PersistentOriginTrial.OriginLookupsBeforeDbLoad recorded 1 samples, mean = 0.0 (flags = 0x1)
0  -O                                                                        (1 = 100.0%)
1  ... 

Histogram: OriginTrials.PersistentOriginTrial.OriginsAddedBeforeDbLoad recorded 1 samples, mean = 0.0 (flags = 0x1)
0  -O                                                                        (1 = 100.0%)
1  ... 

Histogram: PageActionController.ExtensionsWithPageActions recorded 1 samples, mean = 0.0 (flags = 0x1)
0  -O                                                                        (1 = 100.0%)
1  ... 

Histogram: PageContentAnnotations.AnnotateVisit.AnnotationRequestQueued recorded 4 samples, mean = 1.0
0  O                                                                         (0 = 0.0%)
1  ----O                                                                     (4 = 100.0%) {0.0%}
2  O                                                                         (0 = 0.0%) {100.0%}

Histogram: PageContentAnnotations.AnnotateVisit.AnnotationRequested recorded 4 samples, mean = 1.0
0  O                                                                         (0 = 0.0%)
1  ----O                                                                     (4 = 100.0%) {0.0%}
2  O                                                                         (0 = 0.0%) {100.0%}

Histogram: PageContentAnnotations.AnnotateVisit.BatchAnnotationStarted recorded 1 samples, mean = 1.0
0  O                                                                         (0 = 0.0%)
1  -O                                                                        (1 = 100.0%) {0.0%}
2  O                                                                         (0 = 0.0%) {100.0%}

Histogram: PageLoad.Clients.Ads.AllPages.NonAdNetworkBytes recorded 1 samples, mean = 126.0 (flags = 0x1)
0    ... 
108  -O                                                                        (1 = 100.0%) {0.0%}
141  ... 

Histogram: PageLoad.Clients.Ads.AllPages.PercentNetworkBytesAds recorded 1 samples, mean = 0.0 (flags = 0x1)
0  -O                                                                        (1 = 100.0%)
1  ... 

Histogram: PageLoad.Clients.Ads.AllPages.PercentTotalBytesAds recorded 1 samples, mean = 0.0 (flags = 0x1)
0  -O                                                                        (1 = 100.0%)
1  ... 

Histogram: PageLoad.Clients.Ads.AverageViewportAdDensity recorded 1 samples, mean = 0.0 (flags = 0x1)
0  -O                                                                        (1 = 100.0%)
1  ... 

Histogram: PageLoad.Clients.Ads.FrameCounts.AdFrames.Total recorded 1 samples, mean = 0.0 (flags = 0x1)
0  -O                                                                        (1 = 100.0%)
1  ... 

Histogram: PageLoad.Clients.Ads.NonVisible.FrameCounts.AdFrames.Total recorded 1 samples, mean = 0.0 (flags = 0x1)
0  -O                                                                        (1 = 100.0%)
1  ... 

Histogram: PageLoad.Clients.Ads.Visible.FrameCounts.AdFrames.Total recorded 1 samples, mean = 0.0 (flags = 0x1)
0  -O                                                                        (1 = 100.0%)
1  ... 

Histogram: PageLoad.Clients.CrossOrigin.LayoutInstability.CumulativeShiftScore recorded 1 samples, mean = 0.0 (flags = 0x1)
0  -O                                                                        (1 = 100.0%)
1  ... 

Histogram: PageLoad.Clients.CrossOrigin.LayoutInstability.CumulativeShiftScore.MainFrame recorded 1 samples, mean = 0.0 (flags = 0x1)
0  -O                                                                        (1 = 100.0%)
1  ... 

Histogram: PageLoad.Clients.Leakage2.AbandonReasonAt.LoaderStart recorded 1 samples, mean = 10.0 (flags = 0x1)
0   ... 
10  -O                                                                        (1 = 100.0%) {0.0%}
11  ... 

Histogram: PageLoad.Clients.Leakage2.LastMilestoneBeforeAbandon.NewReloadNavigation recorded 1 samples, mean = 1.0 (flags = 0x1)
0  O                                                                         (0 = 0.0%)
1  -O                                                                        (1 = 100.0%) {0.0%}
2  ... 

Histogram: PageLoad.Clients.Leakage2.LoaderStartToAbandon.NewReloadNavigation recorded 1 samples, mean = 2957.0 (flags = 0x1)
0     ... 
2725  -O                                                                        (1 = 100.0%) {0.0%}
3049  ... 

Histogram: PageLoad.Clients.Leakage2.NavigationStart recorded 2 samples, mean = 3455.5 (flags = 0x1)
0     ... 
2725  -O                                                                        (1 = 50.0%) {0.0%}
3049  ... 
3818  -O                                                                        (1 = 50.0%) {50.0%}
4272  ... 

Histogram: PageLoad.Clients.Leakage2.NavigationStartToCommitReceived recorded 1 samples, mean = 3911.0 (flags = 0x1)
0     ... 
3818  -O                                                                        (1 = 100.0%) {0.0%}
4272  ... 

Histogram: PageLoad.Clients.Leakage2.NavigationStartToCommitSent recorded 1 samples, mean = 3884.0 (flags = 0x1)
0     ... 
3818  -O                                                                        (1 = 100.0%) {0.0%}
4272  ... 

Histogram: PageLoad.Clients.Leakage2.NavigationStartToDOMContentLoaded recorded 1 samples, mean = 4385.0 (flags = 0x1)
0     ... 
4272  -O                                                                        (1 = 100.0%) {0.0%}
4780  ... 

Histogram: PageLoad.Clients.Leakage2.NavigationStartToDidCommit recorded 1 samples, mean = 3933.0 (flags = 0x1)
0     ... 
3818  -O                                                                        (1 = 100.0%) {0.0%}
4272  ... 

Histogram: PageLoad.Clients.Leakage2.NavigationStartToFirstRedirectResponseLoaderCallback recorded 1 samples, mean = 3587.0 (flags = 0x1)
0     ... 
3412  -O                                                                        (1 = 100.0%) {0.0%}
3818  ... 

Histogram: PageLoad.Clients.Leakage2.NavigationStartToFirstRedirectResponseStart recorded 1 samples, mean = 3483.0 (flags = 0x1)
0     ... 
3412  -O                                                                        (1 = 100.0%) {0.0%}
3818  ... 

Histogram: PageLoad.Clients.Leakage2.NavigationStartToFirstRedirectedRequestStart recorded 1 samples, mean = 3483.0 (flags = 0x1)
0     ... 
3412  -O                                                                        (1 = 100.0%) {0.0%}
3818  ... 

Histogram: PageLoad.Clients.Leakage2.NavigationStartToLoadStarted recorded 1 samples, mean = 4529.0 (flags = 0x1)
0     ... 
4272  -O                                                                        (1 = 100.0%) {0.0%}
4780  ... 

Histogram: PageLoad.Clients.Leakage2.NavigationStartToLoaderStart recorded 2 samples, mean = 1461.0 (flags = 0x1)
0     ... 
19    -O                                                                        (1 = 50.0%) {0.0%}
21    ... 
2725  -O                                                                        (1 = 50.0%) {50.0%}
3049  ... 

Histogram: PageLoad.Clients.Leakage2.NavigationStartToNonRedirectResponseLoaderCallback recorded 1 samples, mean = 3877.0 (flags = 0x1)
0     ... 
3818  -O                                                                        (1 = 100.0%) {0.0%}
4272  ... 

Histogram: PageLoad.Clients.Leakage2.NavigationStartToNonRedirectResponseStart recorded 1 samples, mean = 3862.0 (flags = 0x1)
0     ... 
3818  -O                                                                        (1 = 100.0%) {0.0%}
4272  ... 

Histogram: PageLoad.Clients.Leakage2.NavigationStartToNonRedirectedRequestStart recorded 1 samples, mean = 3685.0 (flags = 0x1)
0     ... 
3412  -O                                                                        (1 = 100.0%) {0.0%}
3818  ... 

Histogram: PageLoad.Clients.Leakage2.NavigationStartToParseStart recorded 1 samples, mean = 3916.0 (flags = 0x1)
0     ... 
3818  -O                                                                        (1 = 100.0%) {0.0%}
4272  ... 

Histogram: PageLoad.Clients.Leakage2.RendererProcessCreatedBeforeNav recorded 1 samples, mean = 1.0 (flags = 0x1)
0  O                                                                         (0 = 0.0%)
1  -O                                                                        (1 = 100.0%) {0.0%}
2  O                                                                         (0 = 0.0%) {100.0%}

Histogram: PageLoad.Clients.LinkPreview.Usage recorded 1 samples, mean = 0.0 (flags = 0x1)
0  -O                                                                        (1 = 100.0%)
1  ... 

Histogram: PageLoad.Clients.MultiTabLoading.WithTabCount_0.DocumentTiming.NavigationToDOMContentLoadedEventFired recorded 1 samples, mean = 4385.0 (flags = 0x1)
0     ... 
4272  -O                                                                        (1 = 100.0%) {0.0%}
4780  ... 

Histogram: PageLoad.Clients.MultiTabLoading.WithTabCount_0.DocumentTiming.NavigationToLoadEventFired recorded 1 samples, mean = 4529.0 (flags = 0x1)
0     ... 
4272  -O                                                                        (1 = 100.0%) {0.0%}
4780  ... 

Histogram: PageLoad.Clients.MultiTabLoading.With_0_OtherLoading.DocumentTiming.NavigationToDOMContentLoadedEventFired recorded 1 samples, mean = 4385.0 (flags = 0x1)
0     ... 
4272  -O                                                                        (1 = 100.0%) {0.0%}
4780  ... 

Histogram: PageLoad.Clients.MultiTabLoading.With_0_OtherLoading.DocumentTiming.NavigationToLoadEventFired recorded 1 samples, mean = 4529.0 (flags = 0x1)
0     ... 
4272  -O                                                                        (1 = 100.0%) {0.0%}
4780  ... 

Histogram: PageLoad.Clients.PerformanceManager.LoadedIdleWithoutLCP recorded 1 samples, mean = 7680.0 (flags = 0x1)
0     ... 
6296  -O                                                                        (1 = 100.0%) {0.0%}
8000  ... 

Histogram: PageLoad.Clients.PerformanceManager.LoadedIdleWithoutLCP.Foreground recorded 1 samples, mean = 7680.0 (flags = 0x1)
0     ... 
6296  -O                                                                        (1 = 100.0%) {0.0%}
8000  ... 

Histogram: PageLoad.Clients.Protocol.H2.DocumentTiming.NavigationToDOMContentLoadedEventFired recorded 1 samples, mean = 4385.0 (flags = 0x1)
0     ... 
4272  -O                                                                        (1 = 100.0%) {0.0%}
4780  ... 

Histogram: PageLoad.Clients.Protocol.H2.DocumentTiming.NavigationToLoadEventFired recorded 1 samples, mean = 4529.0 (flags = 0x1)
0     ... 
4272  -O                                                                        (1 = 100.0%) {0.0%}
4780  ... 

Histogram: PageLoad.Clients.Protocol.H2.ParseTiming.NavigationToParseStart recorded 1 samples, mean = 3916.0 (flags = 0x1)
0     ... 
3818  -O                                                                        (1 = 100.0%) {0.0%}
4272  ... 

Histogram: PageLoad.Clients.Scheme.HTTPS.ParseTiming.NavigationToParseStart recorded 1 samples, mean = 3916.0 (flags = 0x1)
0     ... 
3818  -O                                                                        (1 = 100.0%) {0.0%}
4272  ... 

Histogram: PageLoad.Clients.SubresourceLoading.DaysSinceLastVisitToOrigin recorded 1 samples, mean = 0.0
0  -O                                                                        (1 = 100.0%)
1  ... 

Histogram: PageLoad.Clients.SubresourceLoading.HasPreviousVisitToOrigin recorded 1 samples, mean = 1.0
0  O                                                                         (0 = 0.0%)
1  -O                                                                        (1 = 100.0%) {0.0%}
2  O                                                                         (0 = 0.0%) {100.0%}

Histogram: PageLoad.Clients.TPCD.CookieAccess.ThirdPartyCookieAllowMechanism3 recorded 1 samples, mean = 2.0 (flags = 0x1)
0  ... 
2  -O                                                                        (1 = 100.0%) {0.0%}
3  ... 

Histogram: PageLoad.Clients.TPCD.ThirdPartyCookieAccessBlockedByExperiment2 recorded 1 samples, mean = 0.0 (flags = 0x1)
0  -O                                                                        (1 = 100.0%)
1  ... 

Histogram: PageLoad.Clients.ThirdParty.Origins.CookieRead2 recorded 1 samples, mean = 0.0 (flags = 0x1)
0  -O                                                                        (1 = 100.0%)
1  ... 

Histogram: PageLoad.Cpu.TotalUsage recorded 1 samples, mean = 304.0 (flags = 0x1)
0    ... 
288  -O                                                                        (1 = 100.0%) {0.0%}
322  ... 

Histogram: PageLoad.Cpu.TotalUsageForegrounded recorded 1 samples, mean = 304.0 (flags = 0x1)
0    ... 
288  -O                                                                        (1 = 100.0%) {0.0%}
322  ... 

Histogram: PageLoad.DocumentTiming.NavigationToDOMContentLoadedEventFired recorded 1 samples, mean = 4385.0 (flags = 0x1)
0     ... 
4272  -O                                                                        (1 = 100.0%) {0.0%}
4780  ... 

Histogram: PageLoad.DocumentTiming.NavigationToLoadEventFired recorded 1 samples, mean = 4529.0 (flags = 0x1)
0     ... 
4272  -O                                                                        (1 = 100.0%) {0.0%}
4780  ... 

Histogram: PageLoad.Experimental.NavigationTiming.FinalLoaderCallbackToNavigationCommitSent recorded 1 samples, mean = 7.0 (flags = 0x1)
0  -O                                                                        (1 = 100.0%)
10 ... 

Histogram: PageLoad.Experimental.NavigationTiming.FinalRequestStartToFinalResponseStart recorded 1 samples, mean = 176.0 (flags = 0x1)
0    ... 
164  -O                                                                        (1 = 100.0%) {0.0%}
184  ... 

Histogram: PageLoad.Experimental.NavigationTiming.FinalResponseStartToFinalLoaderCallback recorded 1 samples, mean = 15.0 (flags = 0x1)
0   ... 
15  -O                                                                        (1 = 100.0%) {0.0%}
17  ... 

Histogram: PageLoad.Experimental.NavigationTiming.FirstRequestStartToFirstResponseStart recorded 1 samples, mean = 0.0 (flags = 0x1)
0  -O                                                                        (1 = 100.0%)
10 ... 

Histogram: PageLoad.Experimental.NavigationTiming.FirstResponseStartToFirstLoaderCallback recorded 1 samples, mean = 103.0 (flags = 0x1)
0   ... 
94  -O                                                                        (1 = 100.0%) {0.0%}
105 ... 

Histogram: PageLoad.Experimental.NavigationTiming.NavigationStartToFinalLoaderCallback recorded 1 samples, mean = 3877.0 (flags = 0x1)
0     ... 
3818  -O                                                                        (1 = 100.0%) {0.0%}
4272  ... 

Histogram: PageLoad.Experimental.NavigationTiming.NavigationStartToFinalRequestStart recorded 1 samples, mean = 3685.0 (flags = 0x1)
0     ... 
3412  -O                                                                        (1 = 100.0%) {0.0%}
3818  ... 

Histogram: PageLoad.Experimental.NavigationTiming.NavigationStartToFinalResponseStart recorded 1 samples, mean = 3862.0 (flags = 0x1)
0     ... 
3818  -O                                                                        (1 = 100.0%) {0.0%}
4272  ... 

Histogram: PageLoad.Experimental.NavigationTiming.NavigationStartToFirstLoaderCallback recorded 1 samples, mean = 3587.0 (flags = 0x1)
0     ... 
3412  -O                                                                        (1 = 100.0%) {0.0%}
3818  ... 

Histogram: PageLoad.Experimental.NavigationTiming.NavigationStartToFirstRequestStart recorded 1 samples, mean = 3483.0 (flags = 0x1)
0     ... 
3412  -O                                                                        (1 = 100.0%) {0.0%}
3818  ... 

Histogram: PageLoad.Experimental.NavigationTiming.NavigationStartToFirstResponseStart recorded 1 samples, mean = 3483.0 (flags = 0x1)
0     ... 
3412  -O                                                                        (1 = 100.0%) {0.0%}
3818  ... 

Histogram: PageLoad.Experimental.NavigationTiming.NavigationStartToNavigationCommitSent recorded 1 samples, mean = 3884.0 (flags = 0x1)
0     ... 
3818  -O                                                                        (1 = 100.0%) {0.0%}
4272  ... 

Histogram: PageLoad.Experimental.PageTiming.CachedResourceLoadTime. recorded 1 samples, mean = 161.0 (flags = 0x1)
0    ... 
136  -O                                                                        (1 = 100.0%) {0.0%}
173  ... 

Histogram: PageLoad.Experimental.PageTiming.CachedResourceLoadTime.font recorded 5 samples, mean = 1.0 (flags = 0x1)
0  O                                                                         (0 = 0.0%)
1  -----O                                                                    (5 = 100.0%) {0.0%}
2  ... 

Histogram: PageLoad.Experimental.PageTiming.CachedResourceLoadTime.image recorded 1 samples, mean = 0.0 (flags = 0x1)
0  -O                                                                        (1 = 100.0%)
1  ... 

Histogram: PageLoad.Experimental.PageTiming.CachedResourceLoadTime.manifest recorded 1 samples, mean = 222.0 (flags = 0x1)
0    ... 
220  -O                                                                        (1 = 100.0%) {0.0%}
280  ... 

Histogram: PageLoad.Experimental.PageTiming.CachedResourceLoadTime.script recorded 22 samples, mean = 15.3 (flags = 0x1)
0    -O                                                                        (1 = 4.5%)
1    ----O                                                                     (4 = 18.2%) {4.5%}
2    ---------O                                                                (9 = 40.9%) {22.7%}
3    --O                                                                       (2 = 9.1%) {63.6%}
4    ---O                                                                      (3 = 13.6%) {72.7%}
5    -O                                                                        (1 = 4.5%) {86.4%}
6    -O                                                                        (1 = 4.5%) {90.9%}
8    ... 
280  -O                                                                        (1 = 4.5%) {95.5%}
356  ... 

Histogram: PageLoad.Experimental.PageTiming.CachedResourceLoadTime.style recorded 8 samples, mean = 36.0 (flags = 0x1)
0    ... 
4    ------O                                                                   (6 = 75.0%) {0.0%}
5    -O                                                                        (1 = 12.5%) {75.0%}
6    ... 
220  -O                                                                        (1 = 12.5%) {87.5%}
280  ... 

Histogram: PageLoad.Experimental.PageTiming.CommitSentToFirstSubresourceLoadStart recorded 1 samples, mean = 52.0 (flags = 0x1)
0   ... 
48  -O                                                                        (1 = 100.0%) {0.0%}
54  ... 

Histogram: PageLoad.Experimental.PageTiming.NavigationToFirstSubresourceLoadStart recorded 1 samples, mean = 3937.0 (flags = 0x1)
0     ... 
3818  -O                                                                        (1 = 100.0%) {0.0%}
4272  ... 

Histogram: PageLoad.Experimental.PageTiming.ResourceLoadTime. recorded 4 samples, mean = 193.2 (flags = 0x1)
0    ... 
52   -O                                                                        (1 = 25.0%) {0.0%}
66   ... 
136  -O                                                                        (1 = 25.0%) {25.0%}
173  O                                                                         (0 = 0.0%) {50.0%}
220  -O                                                                        (1 = 25.0%) {50.0%}
280  -O                                                                        (1 = 25.0%) {75.0%}
356  ... 

Histogram: PageLoad.Experimental.PageTiming.ResourceLoadTime.document recorded 1 samples, mean = 181.0 (flags = 0x1)
0    ... 
173  -O                                                                        (1 = 100.0%) {0.0%}
220  ... 

Histogram: PageLoad.Experimental.PageTiming.ResourceLoadTime.image recorded 2 samples, mean = 78.0 (flags = 0x1)
0   ... 
66  --O                                                                       (2 = 100.0%) {0.0%}
84  ... 

Histogram: PageLoad.Experimental.PageTiming.ResourceLoadTime.script recorded 2 samples, mean = 122.0 (flags = 0x1)
0    ... 
52   -O                                                                        (1 = 50.0%) {0.0%}
66   ... 
173  -O                                                                        (1 = 50.0%) {50.0%}
220  ... 

Histogram: PageLoad.Experimental.PageVisitFinalStatus recorded 1 samples, mean = 1.0 (flags = 0x1)
0  O                                                                         (0 = 0.0%)
1  -O                                                                        (1 = 100.0%) {0.0%}
2  ... 

Histogram: PageLoad.Experimental.PageVisitType2 recorded 1 samples, mean = 6.0 (flags = 0x1)
0  ... 
6  -O                                                                        (1 = 100.0%) {0.0%}
7  ... 

Histogram: PageLoad.Experimental.PaintTiming.FirstEligibleToPaintToFirstPaint recorded 1 samples, mean = 538.0 (flags = 0x1)
0    ... 
505  -O                                                                        (1 = 100.0%) {0.0%}
565  ... 

Histogram: PageLoad.Experimental.TotalForegroundDuration recorded 1 samples, mean = 880308.0 (flags = 0x1)
0       ... 
857304  -O                                                                        (1 = 100.0%) {0.0%}
976757  ... 

Histogram: PageLoad.Experimental.TotalForegroundDuration.AllVisit recorded 1 samples, mean = 880308.0 (flags = 0x1)
0       ... 
857304  -O                                                                        (1 = 100.0%) {0.0%}
976757  ... 

Histogram: PageLoad.Experimental.TotalForegroundDuration.IndependentUIVisit recorded 1 samples, mean = 880308.0 (flags = 0x1)
0       ... 
857304  -O                                                                        (1 = 100.0%) {0.0%}
976757  ... 

Histogram: PageLoad.Expermental.SoftNavigations.Count recorded 1 samples, mean = 0.0 (flags = 0x1)
0  -O                                                                        (1 = 100.0%)
1  ... 

Histogram: PageLoad.Internal.PageLoadTimingStatus recorded 7 samples, mean = 0.0 (flags = 0x1)
0  -------O                                                                  (7 = 100.0%)
1  ... 

Histogram: PageLoad.Internal.PageLoadTimingStatus.AtTimingCallbackDispatch recorded 4 samples, mean = 0.0 (flags = 0x1)
0  ----O                                                                     (4 = 100.0%)
1  ... 

Histogram: PageLoad.Internal.PageType recorded 2 samples, mean = 0.0 (flags = 0x1)
0  --O                                                                       (2 = 100.0%)
1  ... 

Histogram: PageLoad.Internal.SuppressedEventsBeforeMissingFirstPaint recorded 1 samples, mean = 0.0 (flags = 0x1)
0  -O                                                                        (1 = 100.0%)
1  ... 

Histogram: PageLoad.Internal.SuppressedEventsCountBeforePaint3 recorded 1 samples, mean = 0.0 (flags = 0x1)
0  -O                                                                        (1 = 100.0%)
1  ... 

Histogram: PageLoad.Internal.SuppressedEventsTimingBeforePaint3 recorded 1 samples, mean = 0.0 (flags = 0x1)
0  -O                                                                        (1 = 100.0%)
1  ... 

Histogram: PageLoad.Internal.SuppressedInteractionsCountBeforePaint3 recorded 1 samples, mean = 0.0 (flags = 0x1)
0  -O                                                                        (1 = 100.0%)
1  ... 

Histogram: PageLoad.LayoutInstability.CumulativeShiftScore recorded 1 samples, mean = 0.0 (flags = 0x1)
0  -O                                                                        (1 = 100.0%)
1  ... 

Histogram: PageLoad.LayoutInstability.CumulativeShiftScore.MainFrame recorded 1 samples, mean = 0.0 (flags = 0x1)
0  -O                                                                        (1 = 100.0%)
1  ... 

Histogram: PageLoad.LayoutInstability.MaxCumulativeShiftScore.SessionWindow.Gap1000ms.Max5000ms recorded 1 samples, mean = 0.0 (flags = 0x1)
0  -O                                                                        (1 = 100.0%)
1  ... 

Histogram: PageLoad.LayoutInstability.MaxCumulativeShiftScore.SessionWindow.Gap1000ms.Max5000ms2 recorded 1 samples, mean = 0.0 (flags = 0x1)
0  -O                                                                        (1 = 100.0%)
1  ... 

Histogram: PageLoad.PageTiming.ForegroundDuration recorded 1 samples, mean = 880307.0 (flags = 0x1)
0       ... 
857304  -O                                                                        (1 = 100.0%) {0.0%}
976757  ... 

Histogram: PageLoad.PageTiming.ForegroundDuration.AfterPaint recorded 1 samples, mean = 875548.0 (flags = 0x1)
0       ... 
857304  -O                                                                        (1 = 100.0%) {0.0%}
976757  ... 

Histogram: PageLoad.PageTiming.ForegroundDuration.NoCommit recorded 1 samples, mean = 73.0 (flags = 0x1)
0   ... 
71  -O                                                                        (1 = 100.0%) {0.0%}
81  ... 

Histogram: PageLoad.PageTiming.ForegroundDuration.WithPaint recorded 1 samples, mean = 880307.0 (flags = 0x1)
0       ... 
857304  -O                                                                        (1 = 100.0%) {0.0%}
976757  ... 

Histogram: PageLoad.PaintTiming.NavigationToFirstPaint recorded 1 samples, mean = 4759.0 (flags = 0x1)
0     ... 
4272  -O                                                                        (1 = 100.0%) {0.0%}
4780  ... 

Histogram: PageLoad.ParseTiming.NavigationToParseStart recorded 1 samples, mean = 3916.0 (flags = 0x1)
0     ... 
3818  -O                                                                        (1 = 100.0%) {0.0%}
4272  ... 

Histogram: PageLoad.ParseTiming.NavigationToParseStart.LoadType.NewNavigation recorded 1 samples, mean = 3916.0 (flags = 0x1)
0     ... 
3818  -O                                                                        (1 = 100.0%) {0.0%}
4272  ... 

Histogram: PageLoad.ParseTiming.ParseBlockedOnScriptExecution recorded 1 samples, mean = 4.0 (flags = 0x1)
0  -O                                                                        (1 = 100.0%)
10 ... 

Histogram: PageLoad.ParseTiming.ParseBlockedOnScriptExecutionFromDocumentWrite recorded 1 samples, mean = 0.0 (flags = 0x1)
0  -O                                                                        (1 = 100.0%)
10 ... 

Histogram: PageLoad.ParseTiming.ParseBlockedOnScriptLoad recorded 1 samples, mean = 277.0 (flags = 0x1)
0    ... 
257  -O                                                                        (1 = 100.0%) {0.0%}
288  ... 

Histogram: PaintHolding.CommitTrigger2 recorded 1 samples, mean = 3.0 (flags = 0x1)
0  ... 
3  -O                                                                        (1 = 100.0%) {0.0%}
4  ... 

Histogram: PasswordManager.AccountStore.BlacklistedSitesHiRes3.WithoutCustomPassphrase recorded 1 samples, mean = 0.0 (flags = 0x1)
0  -O                                                                        (1 = 100.0%)
1  ... 

Histogram: PasswordManager.AccountStore.InaccessiblePasswords3 recorded 1 samples, mean = 0.0 (flags = 0x1)
0  -O                                                                        (1 = 100.0%)
1  ... 

Histogram: PasswordManager.AccountStore.LoginDatabaseEncryptionStatus recorded 1 samples, mean = 0.0 (flags = 0x1)
0  -O                                                                        (1 = 100.0%)
1  ... 

Histogram: PasswordManager.AccountStore.PasswordNotes.CountCredentialsWithNonEmptyNotes2 recorded 1 samples, mean = 0.0 (flags = 0x1)
0  -O                                                                        (1 = 100.0%)
1  ... 

Histogram: PasswordManager.AccountStore.TotalAccountsHiRes3.ByType.AutoGenerated.WithoutCustomPassphrase recorded 1 samples, mean = 0.0 (flags = 0x1)
0  -O                                                                        (1 = 100.0%)
1  ... 

Histogram: PasswordManager.AccountStore.TotalAccountsHiRes3.ByType.Overall recorded 1 samples, mean = 0.0 (flags = 0x1)
0  -O                                                                        (1 = 100.0%)
1  ... 

Histogram: PasswordManager.AccountStore.TotalAccountsHiRes3.ByType.Overall.WithoutCustomPassphrase recorded 1 samples, mean = 0.0 (flags = 0x1)
0  -O                                                                        (1 = 100.0%)
1  ... 

Histogram: PasswordManager.AccountStore.TotalAccountsHiRes3.ByType.ReceivedViaSharing.WithoutCustomPassphrase recorded 1 samples, mean = 0.0 (flags = 0x1)
0  -O                                                                        (1 = 100.0%)
1  ... 

Histogram: PasswordManager.AccountStore.TotalAccountsHiRes3.ByType.UserCreated.WithoutCustomPassphrase recorded 1 samples, mean = 0.0 (flags = 0x1)
0  -O                                                                        (1 = 100.0%)
1  ... 

Histogram: PasswordManager.AccountStore.TotalAccountsHiRes3.WithScheme.Android recorded 1 samples, mean = 0.0 (flags = 0x1)
0  -O                                                                        (1 = 100.0%)
1  ... 

Histogram: PasswordManager.AccountStore.TotalAccountsHiRes3.WithScheme.Ftp recorded 1 samples, mean = 0.0 (flags = 0x1)
0  -O                                                                        (1 = 100.0%)
1  ... 

Histogram: PasswordManager.AccountStore.TotalAccountsHiRes3.WithScheme.Http recorded 1 samples, mean = 0.0 (flags = 0x1)
0  -O                                                                        (1 = 100.0%)
1  ... 

Histogram: PasswordManager.AccountStore.TotalAccountsHiRes3.WithScheme.Https recorded 1 samples, mean = 0.0 (flags = 0x1)
0  -O                                                                        (1 = 100.0%)
1  ... 

Histogram: PasswordManager.AccountStore.TotalAccountsHiRes3.WithScheme.Other recorded 1 samples, mean = 0.0 (flags = 0x1)
0  -O                                                                        (1 = 100.0%)
1  ... 

Histogram: PasswordManager.AffiliationDatabase.DatabaseSize recorded 1 samples, mean = 52.0 (flags = 0x1)
0  -O                                                                        (1 = 100.0%)
1000... 

Histogram: PasswordManager.BiometricAuthBeforeFillingEnabled2 recorded 1 samples, mean = 0.0 (flags = 0x1)
0  -O                                                                        (1 = 100.0%)
1  ... 

Histogram: PasswordManager.BubbleSuppression.AccountsInStatisticsTable2 recorded 1 samples, mean = 0.0 (flags = 0x1)
0  -O                                                                        (1 = 100.0%)
1  ... 

Histogram: PasswordManager.CompromisedCredentials3.CountLeaked recorded 1 samples, mean = 0.0 (flags = 0x1)
0  -O                                                                        (1 = 100.0%)
1  ... 

Histogram: PasswordManager.CompromisedCredentials3.CountPhished recorded 1 samples, mean = 0.0 (flags = 0x1)
0  -O                                                                        (1 = 100.0%)
1  ... 

Histogram: PasswordManager.CredentialsWithDuplicates3 recorded 1 samples, mean = 0.0 (flags = 0x1)
0  -O                                                                        (1 = 100.0%)
1  ... 

Histogram: PasswordManager.CredentialsWithMismatchedDuplicates3 recorded 1 samples, mean = 0.0 (flags = 0x1)
0  -O                                                                        (1 = 100.0%)
1  ... 

Histogram: PasswordManager.EnableState recorded 1 samples, mean = 0.0 (flags = 0x1)
0  -O                                                                        (1 = 100.0%)
1  ... 

Histogram: PasswordManager.GetAllLogins.TimeSinceInit recorded 4 samples, mean = 29999.5 (flags = 0x1)
0      ... 
26495  ----O                                                                     (4 = 100.0%) {0.0%}
33665  ... 

Histogram: PasswordManager.GetAutofillableLogins.TimeSinceInit recorded 2 samples, mean = 3974.0 (flags = 0x1)
0     ... 
3900  --O                                                                       (2 = 100.0%) {0.0%}
4955  ... 

Histogram: PasswordManager.LoginDatabaseInit2 recorded 2 samples, mean = 0.0 (flags = 0x1)
0  --O                                                                       (2 = 100.0%)
1  ... 

Histogram: PasswordManager.OnEncryptorReceived.Success recorded 2 samples, mean = 1.0 (flags = 0x1)
0  O                                                                         (0 = 0.0%)
1  --O                                                                       (2 = 100.0%) {0.0%}
2  O                                                                         (0 = 0.0%) {100.0%}

Histogram: PasswordManager.PasswordStore.InitTime recorded 2 samples, mean = 2997.0 (flags = 0x1)
0     ... 
2990  --O                                                                       (2 = 100.0%) {0.0%}
3553  ... 

Histogram: PasswordManager.PasswordStoreBackend.GetAllLoginsAsync recorded 8 samples, mean = 1.0 (flags = 0x1)
0  ----O                                                                     (4 = 50.0%)
1  O                                                                         (0 = 0.0%) {50.0%}
2  ----O                                                                     (4 = 50.0%) {50.0%}
3  ... 

Histogram: PasswordManager.PasswordStoreBackend.GetAllLoginsAsync.Latency recorded 4 samples, mean = 0.0 (flags = 0x1)
0  ----O                                                                     (4 = 100.0%)
1  ... 

Histogram: PasswordManager.PasswordStoreBackend.GetAllLoginsAsync.Success recorded 4 samples, mean = 1.0 (flags = 0x1)
0  O                                                                         (0 = 0.0%)
1  ----O                                                                     (4 = 100.0%) {0.0%}
2  O                                                                         (0 = 0.0%) {100.0%}

Histogram: PasswordManager.PasswordStoreBackend.GetAutofillableLoginsAsync recorded 4 samples, mean = 1.0 (flags = 0x1)
0  --O                                                                       (2 = 50.0%)
1  O                                                                         (0 = 0.0%) {50.0%}
2  --O                                                                       (2 = 50.0%) {50.0%}
3  ... 

Histogram: PasswordManager.PasswordStoreBackend.GetAutofillableLoginsAsync.Latency recorded 2 samples, mean = 2.0 (flags = 0x1)
0  ... 
2  --O                                                                       (2 = 100.0%) {0.0%}
3  ... 

Histogram: PasswordManager.PasswordStoreBackend.GetAutofillableLoginsAsync.Success recorded 2 samples, mean = 1.0 (flags = 0x1)
0  O                                                                         (0 = 0.0%)
1  --O                                                                       (2 = 100.0%) {0.0%}
2  O                                                                         (0 = 0.0%) {100.0%}

Histogram: PasswordManager.PasswordStoreBuiltInBackend.GetAllLoginsAsync recorded 8 samples, mean = 1.0 (flags = 0x1)
0  ----O                                                                     (4 = 50.0%)
1  O                                                                         (0 = 0.0%) {50.0%}
2  ----O                                                                     (4 = 50.0%) {50.0%}
3  ... 

Histogram: PasswordManager.PasswordStoreBuiltInBackend.GetAllLoginsAsync.Latency recorded 4 samples, mean = 0.0 (flags = 0x1)
0  ----O                                                                     (4 = 100.0%)
1  ... 

Histogram: PasswordManager.PasswordStoreBuiltInBackend.GetAllLoginsAsync.Success recorded 4 samples, mean = 1.0 (flags = 0x1)
0  O                                                                         (0 = 0.0%)
1  ----O                                                                     (4 = 100.0%) {0.0%}
2  O                                                                         (0 = 0.0%) {100.0%}

Histogram: PasswordManager.PasswordStoreBuiltInBackend.GetAutofillableLoginsAsync recorded 4 samples, mean = 1.0 (flags = 0x1)
0  --O                                                                       (2 = 50.0%)
1  O                                                                         (0 = 0.0%) {50.0%}
2  --O                                                                       (2 = 50.0%) {50.0%}
3  ... 

Histogram: PasswordManager.PasswordStoreBuiltInBackend.GetAutofillableLoginsAsync.Latency recorded 2 samples, mean = 2.0 (flags = 0x1)
0  ... 
2  --O                                                                       (2 = 100.0%) {0.0%}
3  ... 

Histogram: PasswordManager.PasswordStoreBuiltInBackend.GetAutofillableLoginsAsync.Success recorded 2 samples, mean = 1.0 (flags = 0x1)
0  O                                                                         (0 = 0.0%)
1  --O                                                                       (2 = 100.0%) {0.0%}
2  O                                                                         (0 = 0.0%) {100.0%}

Histogram: PasswordManager.ProfileStore.BlacklistedSitesHiRes3.WithoutCustomPassphrase recorded 1 samples, mean = 0.0 (flags = 0x1)
0  -O                                                                        (1 = 100.0%)
1  ... 

Histogram: PasswordManager.ProfileStore.InaccessiblePasswords3 recorded 1 samples, mean = 0.0 (flags = 0x1)
0  -O                                                                        (1 = 100.0%)
1  ... 

Histogram: PasswordManager.ProfileStore.LoginDatabaseEncryptionStatus recorded 1 samples, mean = 0.0 (flags = 0x1)
0  -O                                                                        (1 = 100.0%)
1  ... 

Histogram: PasswordManager.ProfileStore.PasswordNotes.CountCredentialsWithNonEmptyNotes2 recorded 1 samples, mean = 0.0 (flags = 0x1)
0  -O                                                                        (1 = 100.0%)
1  ... 

Histogram: PasswordManager.ProfileStore.TotalAccountsHiRes3.ByType.AutoGenerated.WithoutCustomPassphrase recorded 1 samples, mean = 0.0 (flags = 0x1)
0  -O                                                                        (1 = 100.0%)
1  ... 

Histogram: PasswordManager.ProfileStore.TotalAccountsHiRes3.ByType.Overall recorded 1 samples, mean = 0.0 (flags = 0x1)
0  -O                                                                        (1 = 100.0%)
1  ... 

Histogram: PasswordManager.ProfileStore.TotalAccountsHiRes3.ByType.Overall.WithoutCustomPassphrase recorded 1 samples, mean = 0.0 (flags = 0x1)
0  -O                                                                        (1 = 100.0%)
1  ... 

Histogram: PasswordManager.ProfileStore.TotalAccountsHiRes3.ByType.ReceivedViaSharing.WithoutCustomPassphrase recorded 1 samples, mean = 0.0 (flags = 0x1)
0  -O                                                                        (1 = 100.0%)
1  ... 

Histogram: PasswordManager.ProfileStore.TotalAccountsHiRes3.ByType.UserCreated.WithoutCustomPassphrase recorded 1 samples, mean = 0.0 (flags = 0x1)
0  -O                                                                        (1 = 100.0%)
1  ... 

Histogram: PasswordManager.ProfileStore.TotalAccountsHiRes3.WithScheme.Android recorded 1 samples, mean = 0.0 (flags = 0x1)
0  -O                                                                        (1 = 100.0%)
1  ... 

Histogram: PasswordManager.ProfileStore.TotalAccountsHiRes3.WithScheme.Ftp recorded 1 samples, mean = 0.0 (flags = 0x1)
0  -O                                                                        (1 = 100.0%)
1  ... 

Histogram: PasswordManager.ProfileStore.TotalAccountsHiRes3.WithScheme.Http recorded 1 samples, mean = 0.0 (flags = 0x1)
0  -O                                                                        (1 = 100.0%)
1  ... 

Histogram: PasswordManager.ProfileStore.TotalAccountsHiRes3.WithScheme.Https recorded 1 samples, mean = 0.0 (flags = 0x1)
0  -O                                                                        (1 = 100.0%)
1  ... 

Histogram: PasswordManager.ProfileStore.TotalAccountsHiRes3.WithScheme.Other recorded 1 samples, mean = 0.0 (flags = 0x1)
0  -O                                                                        (1 = 100.0%)
1  ... 

Histogram: PasswordManager.SavedGaiaPasswordHashCount2 recorded 1 samples, mean = 0.0 (flags = 0x1)
0  -O                                                                        (1 = 100.0%)
1  ... 

Histogram: PasswordManager.SyncMetadataReadError2 recorded 2 samples, mean = 0.0 (flags = 0x1)
0  --O                                                                       (2 = 100.0%)
1  ... 

Histogram: PasswordManager.SyncingAccountState3 recorded 1 samples, mean = 2.0 (flags = 0x1)
0  ... 
2  -O                                                                        (1 = 100.0%) {0.0%}
3  ... 

Histogram: PaymentRequest.IsCanMakePaymentAllowedByPref.Startup recorded 1 samples, mean = 1.0 (flags = 0x1)
0  O                                                                         (0 = 0.0%)
1  -O                                                                        (1 = 100.0%) {0.0%}
2  O                                                                         (0 = 0.0%) {100.0%}

Histogram: PerformanceManager.LoadingNotQuiescentPageCount.All recorded 29 samples, mean = 0.0 (flags = 0x1)
0  -----------------------------O                                            (29 = 100.0%)
1  ... 

Histogram: PerformanceManager.LoadingNotQuiescentPageCount.Hidden recorded 29 samples, mean = 0.0 (flags = 0x1)
0  -----------------------------O                                            (29 = 100.0%)
1  ... 

Histogram: PerformanceManager.LoadingNotQuiescentPageCount.MixedVisibility recorded 29 samples, mean = 0.0 (flags = 0x1)
0  -----------------------------O                                            (29 = 100.0%)
1  ... 

Histogram: PerformanceManager.LoadingNotQuiescentPageCount.Visible recorded 29 samples, mean = 0.0 (flags = 0x1)
0  -----------------------------O                                            (29 = 100.0%)
1  ... 

Histogram: PerformanceManager.QuiescentPageCount recorded 29 samples, mean = 1.0 (flags = 0x1)
0  O                                                                         (0 = 0.0%)
1  -----------------------------O                                            (29 = 100.0%) {0.0%}
2  ... 

Histogram: PerformanceManager.SiteDB.DatabaseInit recorded 1 samples, mean = 0.0 (flags = 0x1)
0  -O                                                                        (1 = 100.0%)
1  ... 

Histogram: PerformanceManager.SiteDB.OnDiskSize recorded 1 samples, mean = 1.0 (flags = 0x1)
0  -O                                                                        (1 = 100.0%)
1000... 

Histogram: PerformanceManager.SiteDB.WriteCompleted.WriteSiteDataIntoStore recorded 1 samples, mean = 1.0 (flags = 0x1)
0  O                                                                         (0 = 0.0%)
1  -O                                                                        (1 = 100.0%) {0.0%}
2  O                                                                         (0 = 0.0%) {100.0%}

Histogram: PerformanceManager.SiteDB.WriteScheduled.WriteSiteDataIntoStore recorded 1 samples, mean = 1.0 (flags = 0x1)
0  O                                                                         (0 = 0.0%)
1  -O                                                                        (1 = 100.0%) {0.0%}
2  O                                                                         (0 = 0.0%) {100.0%}

Histogram: PerformanceManager.TabRevisitTracker.TimeToClose2 recorded 1 samples, mean = 880.0 (flags = 0x1)
0    ... 
866  -O                                                                        (1 = 100.0%) {0.0%}
911  ... 

Histogram: PerformanceManager.UserTuning.BatterySaverModeEnabledPercent recorded 1 samples, mean = 0.0 (flags = 0x1)
0  -O                                                                        (1 = 100.0%)
1  ... 

Histogram: PerformanceManager.UserTuning.MemorySaverModeEnabledPercent recorded 1 samples, mean = 0.0 (flags = 0x1)
0  -O                                                                        (1 = 100.0%)
1  ... 

Histogram: PerformanceMonitor.AverageCPU8.BrowserProcess recorded 7 samples, mean = 29279.7 (flags = 0x1)
0      ... 
20000  -------O                                                                  (7 = 100.0%) {0.0%}

Histogram: PerformanceMonitor.AverageCPU8.GPUProcess recorded 7 samples, mean = 1237.1 (flags = 0x1)
0     ... 
12    --O                                                                       (2 = 28.6%) {0.0%}
15    ---O                                                                      (3 = 42.9%) {28.6%}
18    ... 
27    -O                                                                        (1 = 14.3%) {71.4%}
33    ... 
7801  -O                                                                        (1 = 14.3%) {85.7%}
9417  ... 

Histogram: PerformanceMonitor.AverageCPU8.NetworkProcess recorded 7 samples, mean = 7.7 (flags = 0x1)
0   ... 
3   --O                                                                       (2 = 28.6%) {0.0%}
4   --O                                                                       (2 = 28.6%) {28.6%}
5   --O                                                                       (2 = 28.6%) {57.1%}
6   ... 
27  -O                                                                        (1 = 14.3%) {85.7%}
33  ... 

Histogram: PerformanceMonitor.AverageCPU8.OtherProcess recorded 7 samples, mean = 0.0 (flags = 0x1)
0  -------O                                                                  (7 = 100.0%)
1  ... 

Histogram: PerformanceMonitor.AverageCPU8.RendererExtensionEventProcess recorded 7 samples, mean = 0.0 (flags = 0x1)
0  -------O                                                                  (7 = 100.0%)
1  ... 

Histogram: PerformanceMonitor.AverageCPU8.RendererExtensionPersistentProcess recorded 7 samples, mean = 0.0 (flags = 0x1)
0  -------O                                                                  (7 = 100.0%)
1  ... 

Histogram: PerformanceMonitor.AverageCPU8.RendererProcess recorded 7 samples, mean = 65.4 (flags = 0x1)
0    --O                                                                       (2 = 28.6%)
1    ----O                                                                     (4 = 57.1%) {28.6%}
2    ... 
383  -O                                                                        (1 = 14.3%) {85.7%}
462  ... 

Histogram: PerformanceMonitor.AverageCPU8.Total recorded 7 samples, mean = 29323.0 (flags = 0x1)
0      ... 
20000  -------O                                                                  (7 = 100.0%) {0.0%}

Histogram: PerformanceMonitor.AverageCPU8.Total.ZeroWindow recorded 7 samples, mean = 29323.0 (flags = 0x1)
0      ... 
20000  -------O                                                                  (7 = 100.0%) {0.0%}

Histogram: PerformanceMonitor.AverageCPU8.UtilityProcess recorded 7 samples, mean = 8218.9 (flags = 0x1)
0      -----O                                                                    (5 = 71.4%)
1      ... 
16567  -O                                                                        (1 = 14.3%) {71.4%}
20000  -O                                                                        (1 = 14.3%) {85.7%}

Histogram: PerformanceMonitor.HasPreciseCPUUsage recorded 16 samples, mean = 1.0 (flags = 0x1)
0  O                                                                         (0 = 0.0%)
1  ----------------O                                                         (16 = 100.0%) {0.0%}
2  O                                                                         (0 = 0.0%) {100.0%}

Histogram: PerformanceMonitor.UsageScenario.LongInterval recorded 7 samples, mean = 13.0 (flags = 0x1)
0   ... 
13  -------O                                                                  (7 = 100.0%) {0.0%}
14  ... 

Histogram: Permissions.API.CreatedPermissionStatusObjects recorded 1 samples, mean = 0.0 (flags = 0x1)
0  -O                                                                        (1 = 100.0%)
1  ... 

Histogram: Permissions.Experimental.PrimaryMainNavigationFinished.AudioCapture.TopLevelHeaderPolicy recorded 1 samples, mean = 0.0 (flags = 0x1)
0  -O                                                                        (1 = 100.0%)
1  ... 

Histogram: Permissions.Experimental.PrimaryMainNavigationFinished.Geolocation.TopLevelHeaderPolicy recorded 1 samples, mean = 0.0 (flags = 0x1)
0  -O                                                                        (1 = 100.0%)
1  ... 

Histogram: Permissions.Experimental.PrimaryMainNavigationFinished.VideoCapture.TopLevelHeaderPolicy recorded 1 samples, mean = 0.0 (flags = 0x1)
0  -O                                                                        (1 = 100.0%)
1  ... 

Histogram: Permissions.QuietNotificationPrompts.RegularProfile.IsEnabledInPrefs recorded 1 samples, mean = 0.0 (flags = 0x1)
0  -O                                                                        (1 = 100.0%)
1  ... 

Histogram: Platform.IntelMaxMicroArchitecture recorded 1 samples, mean = 10.0 (flags = 0x1)
0   ... 
10  -O                                                                        (1 = 100.0%) {0.0%}
11  ... 

Histogram: Power.BatteryDischargeGranularityIsOrdered recorded 23 samples, mean = 1.0 (flags = 0x1)
0  O                                                                         (0 = 0.0%)
1  -----------------------O                                                  (23 = 100.0%) {0.0%}
2  O                                                                         (0 = 0.0%) {100.0%}

Histogram: Power.BatteryDischargeMode5 recorded 14 samples, mean = 1.0 (flags = 0x1)
0  O                                                                         (0 = 0.0%)
1  --------------O                                                           (14 = 100.0%) {0.0%}
2  ... 

Histogram: Power.BatteryDischargeMode5.Initial recorded 1 samples, mean = 1.0 (flags = 0x1)
0  O                                                                         (0 = 0.0%)
1  -O                                                                        (1 = 100.0%) {0.0%}
2  ... 

Histogram: Power.BatteryDischargeMode5.Periodic recorded 13 samples, mean = 1.0 (flags = 0x1)
0  O                                                                         (0 = 0.0%)
1  -------------O                                                            (13 = 100.0%) {0.0%}
2  ... 

Histogram: Power.BatteryDischargeMode5.TenMinutes recorded 1 samples, mean = 1.0 (flags = 0x1)
0  O                                                                         (0 = 0.0%)
1  -O                                                                        (1 = 100.0%) {0.0%}
2  ... 

Histogram: Power.BatteryDischargeMode5.ZeroWindow recorded 14 samples, mean = 1.0 (flags = 0x1)
0  O                                                                         (0 = 0.0%)
1  --------------O                                                           (14 = 100.0%) {0.0%}
2  ... 

Histogram: Power.BatteryDischargeMode5.ZeroWindow.Initial recorded 1 samples, mean = 1.0 (flags = 0x1)
0  O                                                                         (0 = 0.0%)
1  -O                                                                        (1 = 100.0%) {0.0%}
2  ... 

Histogram: Power.BatteryDischargeMode5.ZeroWindow.Periodic recorded 13 samples, mean = 1.0 (flags = 0x1)
0  O                                                                         (0 = 0.0%)
1  -------------O                                                            (13 = 100.0%) {0.0%}
2  ... 

Histogram: Power.HasPreciseBatteryDischargeGranularity recorded 14 samples, mean = 0.0 (flags = 0x1)
0  --------------O                                                           (14 = 100.0%)
1  ... 

Histogram: Prefs.JSonStore.SetValueKey recorded 37 samples (flags = 0x1)
67499933    -O                                                                        (1 = 2.7%)
174384190   --O                                                                       (2 = 5.4%)
372921139   -------O                                                                  (7 = 18.9%)
819550135   -O                                                                        (1 = 2.7%)
830521985   -O                                                                        (1 = 2.7%)
852125461   --O                                                                       (2 = 5.4%)
945162316   -O                                                                        (1 = 2.7%)
1227647714  -O                                                                        (1 = 2.7%)
1285180254  -O                                                                        (1 = 2.7%)
1300345862  -O                                                                        (1 = 2.7%)
1441835268  -O                                                                        (1 = 2.7%)
1526276751  -O                                                                        (1 = 2.7%)
1697794008  --O                                                                       (2 = 5.4%)
1886855768  -O                                                                        (1 = 2.7%)
1923415074  --O                                                                       (2 = 5.4%)
1927273959  -O                                                                        (1 = 2.7%)
1936820420  --O                                                                       (2 = 5.4%)
1956100443  --O                                                                       (2 = 5.4%)
2056672062  ------O                                                                   (6 = 16.2%)
2082524502  -O                                                                        (1 = 2.7%)

Histogram: Privacy.CookieControlsSetting.RegularProfile recorded 1 samples, mean = 2.0 (flags = 0x1)
0  ... 
2  -O                                                                        (1 = 100.0%) {0.0%}
3  O                                                                         (0 = 0.0%) {100.0%}

Histogram: Privacy.DIPS.BounceCategoryServer.Block3PC recorded 1 samples, mean = 0.0 (flags = 0x1)
0  -O                                                                        (1 = 100.0%)
1  ... 

Histogram: Privacy.DIPS.ClearedSitesCount.Block3PC recorded 1 samples, mean = 0.0 (flags = 0x1)
0  -O                                                                        (1 = 100.0%)
1  ... 

Histogram: Privacy.DIPS.DIPSErrorCodes recorded 1 samples, mean = 6.0 (flags = 0x1)
0  ... 
6  -O                                                                        (1 = 100.0%) {0.0%}
7  ... 

Histogram: Privacy.DIPS.Database.Operation.FilterSitesWithProtectiveEventTime recorded 1 samples, mean = 0.0 (flags = 0x1)
0  -O                                                                        (1 = 100.0%)
1  ... 

Histogram: Privacy.DIPS.Database.Operation.GetSitesThatBouncedWithStateTime recorded 1 samples, mean = 0.0 (flags = 0x1)
0  -O                                                                        (1 = 100.0%)
1  ... 

Histogram: Privacy.DIPS.Database.Operation.InitTime recorded 1 samples, mean = 9.0 (flags = 0x1)
0  ... 
8  -O                                                                        (1 = 100.0%) {0.0%}
10 ... 

Histogram: Privacy.DIPS.Database.Operation.ReadPopupTime recorded 1 samples, mean = 0.0 (flags = 0x1)
0  -O                                                                        (1 = 100.0%)
1  ... 

Histogram: Privacy.DIPS.Database.Operation.ReadTime recorded 3 samples, mean = 0.3 (flags = 0x1)
0  --O                                                                       (2 = 66.7%)
1  -O                                                                        (1 = 33.3%) {66.7%}
2  ... 

Histogram: Privacy.DIPS.Database.Operation.RemoveRowsTime recorded 1 samples, mean = 18.0 (flags = 0x1)
0   ... 
17  -O                                                                        (1 = 100.0%) {0.0%}
20  ... 

Histogram: Privacy.DIPS.Database.Operation.WriteTime recorded 1 samples, mean = 12.0 (flags = 0x1)
0   ... 
12  -O                                                                        (1 = 100.0%) {0.0%}
14  ... 

Histogram: Privacy.DIPS.DatabaseEntryCount recorded 1 samples, mean = 1.0 (flags = 0x1)
0  O                                                                         (0 = 0.0%)
1  -O                                                                        (1 = 100.0%) {0.0%}
2  ... 

Histogram: Privacy.DIPS.DatabaseHealthMetricsTime recorded 1 samples, mean = 1.0 (flags = 0x1)
0  O                                                                         (0 = 0.0%)
1  -O                                                                        (1 = 100.0%) {0.0%}
2  ... 

Histogram: Privacy.DIPS.DatabaseInit recorded 1 samples, mean = 1.0 (flags = 0x1)
0  O                                                                         (0 = 0.0%)
1  -O                                                                        (1 = 100.0%) {0.0%}
2  ... 

Histogram: Privacy.DIPS.DatabaseSize recorded 1 samples, mean = 36.0 (flags = 0x1)
0  -O                                                                        (1 = 100.0%)
1000... 

Histogram: Privacy.DoNotTrackSetting2 recorded 1 samples, mean = 0.0 (flags = 0x1)
0  -O                                                                        (1 = 100.0%)
1  ... 

Histogram: Privacy.ThirdPartyCookieBlockingSetting.RegularProfile recorded 1 samples, mean = 0.0 (flags = 0x1)
0  -O                                                                        (1 = 100.0%)
1  ... 

Histogram: PrivacyBudget.Identifiability.FinchConfigValidationResult recorded 1 samples, mean = 1.0 (flags = 0x1)
0  O                                                                         (0 = 0.0%)
1  -O                                                                        (1 = 100.0%) {0.0%}
2  O                                                                         (0 = 0.0%) {100.0%}

Histogram: PrivacyBudget.Identifiability.RecordedSample recorded 84 samples, mean = 0.0 (flags = 0x1)
0  ------------------------------------------------------------------------O (84 = 100.0%)
1  ... 

Histogram: PrivacySandbox.Attestations.EstimateMemoryUsage.AttestationsMap recorded 1 samples, mean = 24.0 (flags = 0x1)
0   ... 
24  -O                                                                        (1 = 100.0%) {0.0%}
29  ... 

Histogram: PrivacySandbox.Attestations.InitializationDuration.ComponentReadyFromApplicationStart recorded 1 samples, mean = 3111.0 (flags = 0x1)
0     ... 
2763  -O                                                                        (1 = 100.0%) {0.0%}
3189  ... 

Histogram: PrivacySandbox.Attestations.InitializationDuration.Parsing recorded 1 samples, mean = 0.0 (flags = 0x1)
0  -O                                                                        (1 = 100.0%)
1  ... 

Histogram: PrivacySandbox.Attestations.Parsing.Status recorded 1 samples, mean = 0.0 (flags = 0x1)
0  -O                                                                        (1 = 100.0%)
1  ... 

Histogram: PrivacySandbox.NoticeRequirement.IsVariationCountryEmpty recorded 3 samples, mean = 1.0 (flags = 0x1)
0  O                                                                         (0 = 0.0%)
1  ---O                                                                      (3 = 100.0%) {0.0%}
2  O                                                                         (0 = 0.0%) {100.0%}

Histogram: PrivacySandbox.NoticeRequirement.IsVariationServiceReady recorded 3 samples, mean = 1.0 (flags = 0x1)
0  O                                                                         (0 = 0.0%)
1  ---O                                                                      (3 = 100.0%) {0.0%}
2  O                                                                         (0 = 0.0%) {100.0%}

Histogram: PrivacySandbox.TrackingProtection.OnboardingStartup.State recorded 1 samples, mean = 0.0 (flags = 0x1)
0  -O                                                                        (1 = 100.0%)
1  ... 

Histogram: PrivacySandbox.TrackingProtection.SilentOnboardingStartup.State recorded 1 samples, mean = 0.0 (flags = 0x1)
0  -O                                                                        (1 = 100.0%)
1  ... 

Histogram: Profile.AppCount recorded 1 samples, mean = 0.0 (flags = 0x1)
0  -O                                                                        (1 = 100.0%)
1  ... 

Histogram: Profile.BookmarksSize recorded 1 samples, mean = 0.0 (flags = 0x1)
0  -O                                                                        (1 = 100.0%)
1  ... 

Histogram: Profile.CookiesSize recorded 1 samples, mean = 0.0 (flags = 0x1)
0  -O                                                                        (1 = 100.0%)
1  ... 

Histogram: Profile.Destroyer.OffTheRecord recorded 1 samples, mean = 1.0 (flags = 0x1)
0  O                                                                         (0 = 0.0%)
1  -O                                                                        (1 = 100.0%) {0.0%}
2  ... 

Histogram: Profile.DidDestroyProfileBeforeShutdown recorded 1 samples, mean = 0.0 (flags = 0x1)
0  -O                                                                        (1 = 100.0%)
1  ... 

Histogram: Profile.ExtensionSize recorded 1 samples, mean = 0.0 (flags = 0x1)
0  -O                                                                        (1 = 100.0%)
1  ... 

Histogram: Profile.FaviconsSize recorded 1 samples, mean = 0.0 (flags = 0x1)
0  -O                                                                        (1 = 100.0%)
1  ... 

Histogram: Profile.HistorySize recorded 1 samples, mean = 0.0 (flags = 0x1)
0  -O                                                                        (1 = 100.0%)
1  ... 

Histogram: Profile.KeepAliveLeakAtShutdown recorded 2 samples, mean = 3.5 (flags = 0x1)
0  -O                                                                        (1 = 50.0%)
1  ... 
7  -O                                                                        (1 = 50.0%) {50.0%}
8  ... 

Histogram: Profile.NumberOfActiveProfiles recorded 1 samples, mean = 0.0 (flags = 0x1)
0  -O                                                                        (1 = 100.0%)
1  ... 

Histogram: Profile.NumberOfManagedProfiles recorded 1 samples, mean = 0.0 (flags = 0x1)
0  -O                                                                        (1 = 100.0%)
1  ... 

Histogram: Profile.NumberOfProfiles recorded 1 samples, mean = 1.0 (flags = 0x1)
0  O                                                                         (0 = 0.0%)
1  -O                                                                        (1 = 100.0%) {0.0%}
2  ... 

Histogram: Profile.NumberOfSignedInProfiles recorded 1 samples, mean = 0.0 (flags = 0x1)
0  -O                                                                        (1 = 100.0%)
1  ... 

Histogram: Profile.NumberOfUnusedProfiles recorded 1 samples, mean = 1.0 (flags = 0x1)
0  O                                                                         (0 = 0.0%)
1  -O                                                                        (1 = 100.0%) {0.0%}
2  ... 

Histogram: Profile.PercentageOfManagedProfiles recorded 1 samples, mean = 0.0 (flags = 0x1)
0  -O                                                                        (1 = 100.0%)
1  ... 

Histogram: Profile.TopSitesSize recorded 1 samples, mean = 0.0 (flags = 0x1)
0  -O                                                                        (1 = 100.0%)
1  ... 

Histogram: Profile.TotalHistorySize recorded 1 samples, mean = 0.0 (flags = 0x1)
0  -O                                                                        (1 = 100.0%)
1  ... 

Histogram: Profile.TotalSize recorded 1 samples, mean = 0.0 (flags = 0x1)
0  -O                                                                        (1 = 100.0%)
1  ... 

Histogram: Profile.TotalSizeRecursive recorded 1 samples, mean = 10.0 (flags = 0x1)
0   ... 
10  -O                                                                        (1 = 100.0%) {0.0%}
12  ... 

Histogram: Profile.TriggeredReset recorded 1 samples, mean = 0.0 (flags = 0x1)
0  -O                                                                        (1 = 100.0%)
1  ... 

Histogram: Profile.VisitedLinksSize recorded 1 samples, mean = 0.0 (flags = 0x1)
0  -O                                                                        (1 = 100.0%)
1  ... 

Histogram: Profile.WebDataSize recorded 1 samples, mean = 0.0 (flags = 0x1)
0  -O                                                                        (1 = 100.0%)
1  ... 

Histogram: ProfilePicker.StartupMode.CreateInitialProfile recorded 1 samples, mean = 0.0 (flags = 0x1)
0  -O                                                                        (1 = 100.0%)
1  ... 

Histogram: ProfilePicker.StartupMode.GetStartupProfile recorded 1 samples, mean = 0.0 (flags = 0x1)
0  -O                                                                        (1 = 100.0%)
1  ... 

Histogram: ProfilePicker.StartupReason.GetStartupProfile recorded 1 samples, mean = 27.0 (flags = 0x1)
0   ... 
27  -O                                                                        (1 = 100.0%) {0.0%}
28  ... 

Histogram: ProtoDB.GetErrorStatus.Metadata recorded 0 samples (flags = 0x1)
0 ... 

Histogram: ProtoDB.GetFound.Metadata recorded 18 samples, mean = 1.0 (flags = 0x1)
0  O                                                                         (0 = 0.0%)
1  ------------------O                                                       (18 = 100.0%) {0.0%}
2  O                                                                         (0 = 0.0%) {100.0%}

Histogram: ProtoDB.GetSuccess.Metadata recorded 18 samples, mean = 1.0 (flags = 0x1)
0  O                                                                         (0 = 0.0%)
1  ------------------O                                                       (18 = 100.0%) {0.0%}
2  O                                                                         (0 = 0.0%) {100.0%}

Histogram: ProtoDB.InitStatus.BudgetManager recorded 1 samples, mean = 4.0 (flags = 0x1)
0  ... 
4  -O                                                                        (1 = 100.0%) {0.0%}
5  ... 

Histogram: ProtoDB.InitStatus.CartDatabase recorded 1 samples, mean = 4.0 (flags = 0x1)
0  ... 
4  -O                                                                        (1 = 100.0%) {0.0%}
5  ... 

Histogram: ProtoDB.InitStatus.ClientCertificatesDatabase recorded 1 samples, mean = 4.0 (flags = 0x1)
0  ... 
4  -O                                                                        (1 = 100.0%) {0.0%}
5  ... 

Histogram: ProtoDB.InitStatus.CommerceParcelTrackingDatabase recorded 1 samples, mean = 4.0 (flags = 0x1)
0  ... 
4  -O                                                                        (1 = 100.0%) {0.0%}
5  ... 

Histogram: ProtoDB.InitStatus.CommerceSubscriptionDatabase recorded 1 samples, mean = 4.0 (flags = 0x1)
0  ... 
4  -O                                                                        (1 = 100.0%) {0.0%}
5  ... 

Histogram: ProtoDB.InitStatus.CouponDatabase recorded 1 samples, mean = 4.0 (flags = 0x1)
0  ... 
4  -O                                                                        (1 = 100.0%) {0.0%}
5  ... 

Histogram: ProtoDB.InitStatus.DiscountsDatabase recorded 1 samples, mean = 4.0 (flags = 0x1)
0  ... 
4  -O                                                                        (1 = 100.0%) {0.0%}
5  ... 

Histogram: ProtoDB.InitStatus.DownloadDB recorded 1 samples, mean = 4.0 (flags = 0x1)
0  ... 
4  -O                                                                        (1 = 100.0%) {0.0%}
5  ... 

Histogram: ProtoDB.InitStatus.DownloadService recorded 1 samples, mean = 4.0 (flags = 0x1)
0  ... 
4  -O                                                                        (1 = 100.0%) {0.0%}
5  ... 

Histogram: ProtoDB.InitStatus.FeatureEngagementTrackerAvailabilityStore recorded 1 samples, mean = 4.0 (flags = 0x1)
0  ... 
4  -O                                                                        (1 = 100.0%) {0.0%}
5  ... 

Histogram: ProtoDB.InitStatus.FeatureEngagementTrackerEventStore recorded 1 samples, mean = 4.0 (flags = 0x1)
0  ... 
4  -O                                                                        (1 = 100.0%) {0.0%}
5  ... 

Histogram: ProtoDB.InitStatus.GCMKeyStore recorded 1 samples, mean = 0.0 (flags = 0x1)
0  -O                                                                        (1 = 100.0%)
1  ... 

Histogram: ProtoDB.InitStatus.Metadata recorded 1 samples, mean = 0.0 (flags = 0x1)
0  -O                                                                        (1 = 100.0%)
1  ... 

Histogram: ProtoDB.InitStatus.PersistentOriginTrials recorded 1 samples, mean = 4.0 (flags = 0x1)
0  ... 
4  -O                                                                        (1 = 100.0%) {0.0%}
5  ... 

Histogram: ProtoDB.InitStatus.PreviewsHintCacheStore recorded 1 samples, mean = 4.0 (flags = 0x1)
0  ... 
4  -O                                                                        (1 = 100.0%) {0.0%}
5  ... 

Histogram: ProtoDB.InitStatus.SegmentInfoDatabase recorded 1 samples, mean = 4.0 (flags = 0x1)
0  ... 
4  -O                                                                        (1 = 100.0%) {0.0%}
5  ... 

Histogram: ProtoDB.InitStatus.SharedDb recorded 1 samples, mean = 0.0 (flags = 0x1)
0  -O                                                                        (1 = 100.0%)
1  ... 

Histogram: ProtoDB.InitStatus.SignalDatabase recorded 1 samples, mean = 4.0 (flags = 0x1)
0  ... 
4  -O                                                                        (1 = 100.0%) {0.0%}
5  ... 

Histogram: ProtoDB.InitStatus.SignalStorageConfigDatabase recorded 1 samples, mean = 4.0 (flags = 0x1)
0  ... 
4  -O                                                                        (1 = 100.0%) {0.0%}
5  ... 

Histogram: ProtoDB.InitStatus.StrikeService recorded 1 samples, mean = 4.0 (flags = 0x1)
0  ... 
4  -O                                                                        (1 = 100.0%) {0.0%}
5  ... 

Histogram: ProtoDB.LoadEntriesSuccess.CartDatabase recorded 1 samples, mean = 1.0 (flags = 0x1)
0  O                                                                         (0 = 0.0%)
1  -O                                                                        (1 = 100.0%) {0.0%}
2  O                                                                         (0 = 0.0%) {100.0%}

Histogram: ProtoDB.LoadEntriesSuccess.CouponDatabase recorded 1 samples, mean = 1.0 (flags = 0x1)
0  O                                                                         (0 = 0.0%)
1  -O                                                                        (1 = 100.0%) {0.0%}
2  O                                                                         (0 = 0.0%) {100.0%}

Histogram: ProtoDB.LoadEntriesSuccess.DownloadDB recorded 1 samples, mean = 1.0 (flags = 0x1)
0  O                                                                         (0 = 0.0%)
1  -O                                                                        (1 = 100.0%) {0.0%}
2  O                                                                         (0 = 0.0%) {100.0%}

Histogram: ProtoDB.LoadEntriesSuccess.DownloadService recorded 1 samples, mean = 1.0 (flags = 0x1)
0  O                                                                         (0 = 0.0%)
1  -O                                                                        (1 = 100.0%) {0.0%}
2  O                                                                         (0 = 0.0%) {100.0%}

Histogram: ProtoDB.LoadEntriesSuccess.FeatureEngagementTrackerAvailabilityStore recorded 1 samples, mean = 1.0 (flags = 0x1)
0  O                                                                         (0 = 0.0%)
1  -O                                                                        (1 = 100.0%) {0.0%}
2  O                                                                         (0 = 0.0%) {100.0%}

Histogram: ProtoDB.LoadEntriesSuccess.FeatureEngagementTrackerEventStore recorded 1 samples, mean = 1.0 (flags = 0x1)
0  O                                                                         (0 = 0.0%)
1  -O                                                                        (1 = 100.0%) {0.0%}
2  O                                                                         (0 = 0.0%) {100.0%}

Histogram: ProtoDB.LoadEntriesSuccess.GCMKeyStore recorded 1 samples, mean = 1.0 (flags = 0x1)
0  O                                                                         (0 = 0.0%)
1  -O                                                                        (1 = 100.0%) {0.0%}
2  O                                                                         (0 = 0.0%) {100.0%}

Histogram: ProtoDB.LoadEntriesSuccess.PersistentOriginTrials recorded 1 samples, mean = 1.0 (flags = 0x1)
0  O                                                                         (0 = 0.0%)
1  -O                                                                        (1 = 100.0%) {0.0%}
2  O                                                                         (0 = 0.0%) {100.0%}

Histogram: ProtoDB.LoadEntriesSuccess.SegmentInfoDatabase recorded 1 samples, mean = 1.0 (flags = 0x1)
0  O                                                                         (0 = 0.0%)
1  -O                                                                        (1 = 100.0%) {0.0%}
2  O                                                                         (0 = 0.0%) {100.0%}

Histogram: ProtoDB.LoadEntriesSuccess.SignalStorageConfigDatabase recorded 1 samples, mean = 1.0 (flags = 0x1)
0  O                                                                         (0 = 0.0%)
1  -O                                                                        (1 = 100.0%) {0.0%}
2  O                                                                         (0 = 0.0%) {100.0%}

Histogram: ProtoDB.LoadKeysAndEntriesSuccess.PreviewsHintCacheStore recorded 3 samples, mean = 1.0 (flags = 0x1)
0  O                                                                         (0 = 0.0%)
1  ---O                                                                      (3 = 100.0%) {0.0%}
2  O                                                                         (0 = 0.0%) {100.0%}

Histogram: ProtoDB.LoadKeysAndEntriesSuccess.SignalDatabase recorded 64 samples, mean = 1.0 (flags = 0x1)
0  O                                                                         (0 = 0.0%)
1  ----------------------------------------------------------------O         (64 = 100.0%) {0.0%}
2  O                                                                         (0 = 0.0%) {100.0%}

Histogram: ProtoDB.LoadKeysAndEntriesSuccess.StrikeService recorded 1 samples, mean = 1.0 (flags = 0x1)
0  O                                                                         (0 = 0.0%)
1  -O                                                                        (1 = 100.0%) {0.0%}
2  O                                                                         (0 = 0.0%) {100.0%}

Histogram: ProtoDB.SharedDbInitStatus recorded 55 samples, mean = 11.5 (flags = 0x1)
0   -------------------O                                                      (19 = 34.5%)
1   ... 
11  -----------------O                                                        (17 = 30.9%) {34.5%}
12  ... 
23  -----------------O                                                        (17 = 30.9%) {65.5%}
24  ... 
27  --O                                                                       (2 = 3.6%) {96.4%}
28  ... 

Histogram: ProtoDB.UpdateErrorStatus.CartDatabase recorded 0 samples (flags = 0x1)
0 ... 

Histogram: ProtoDB.UpdateErrorStatus.CouponDatabase recorded 0 samples (flags = 0x1)
0 ... 

Histogram: ProtoDB.UpdateErrorStatus.Default recorded 0 samples (flags = 0x1)
0 ... 

Histogram: ProtoDB.UpdateErrorStatus.FeatureEngagementTrackerAvailabilityStore recorded 0 samples (flags = 0x1)
0 ... 

Histogram: ProtoDB.UpdateErrorStatus.Metadata recorded 0 samples (flags = 0x1)
0 ... 

Histogram: ProtoDB.UpdateErrorStatus.PreviewsHintCacheStore recorded 0 samples (flags = 0x1)
0 ... 

Histogram: ProtoDB.UpdateErrorStatus.SegmentInfoDatabase recorded 0 samples (flags = 0x1)
0 ... 

Histogram: ProtoDB.UpdateErrorStatus.SignalDatabase recorded 0 samples (flags = 0x1)
0 ... 

Histogram: ProtoDB.UpdateErrorStatus.SignalStorageConfigDatabase recorded 0 samples (flags = 0x1)
0 ... 

Histogram: ProtoDB.UpdateSuccess.CartDatabase recorded 1 samples, mean = 1.0 (flags = 0x1)
0  O                                                                         (0 = 0.0%)
1  -O                                                                        (1 = 100.0%) {0.0%}
2  O                                                                         (0 = 0.0%) {100.0%}

Histogram: ProtoDB.UpdateSuccess.CouponDatabase recorded 1 samples, mean = 1.0 (flags = 0x1)
0  O                                                                         (0 = 0.0%)
1  -O                                                                        (1 = 100.0%) {0.0%}
2  O                                                                         (0 = 0.0%) {100.0%}

Histogram: ProtoDB.UpdateSuccess.Default recorded 5 samples, mean = 1.0 (flags = 0x1)
0  O                                                                         (0 = 0.0%)
1  -----O                                                                    (5 = 100.0%) {0.0%}
2  O                                                                         (0 = 0.0%) {100.0%}

Histogram: ProtoDB.UpdateSuccess.FeatureEngagementTrackerAvailabilityStore recorded 1 samples, mean = 1.0 (flags = 0x1)
0  O                                                                         (0 = 0.0%)
1  -O                                                                        (1 = 100.0%) {0.0%}
2  O                                                                         (0 = 0.0%) {100.0%}

Histogram: ProtoDB.UpdateSuccess.Metadata recorded 1 samples, mean = 1.0 (flags = 0x1)
0  O                                                                         (0 = 0.0%)
1  -O                                                                        (1 = 100.0%) {0.0%}
2  O                                                                         (0 = 0.0%) {100.0%}

Histogram: ProtoDB.UpdateSuccess.PreviewsHintCacheStore recorded 1 samples, mean = 1.0 (flags = 0x1)
0  O                                                                         (0 = 0.0%)
1  -O                                                                        (1 = 100.0%) {0.0%}
2  O                                                                         (0 = 0.0%) {100.0%}

Histogram: ProtoDB.UpdateSuccess.SegmentInfoDatabase recorded 16 samples, mean = 1.0 (flags = 0x1)
0  O                                                                         (0 = 0.0%)
1  ----------------O                                                         (16 = 100.0%) {0.0%}
2  O                                                                         (0 = 0.0%) {100.0%}

Histogram: ProtoDB.UpdateSuccess.SignalDatabase recorded 6 samples, mean = 1.0 (flags = 0x1)
0  O                                                                         (0 = 0.0%)
1  ------O                                                                   (6 = 100.0%) {0.0%}
2  O                                                                         (0 = 0.0%) {100.0%}

Histogram: ProtoDB.UpdateSuccess.SignalStorageConfigDatabase recorded 1 samples, mean = 1.0 (flags = 0x1)
0  O                                                                         (0 = 0.0%)
1  -O                                                                        (1 = 100.0%) {0.0%}
2  O                                                                         (0 = 0.0%) {100.0%}

Histogram: Quota.AvailableDiskSpace recorded 1 samples, mean = 613254.0 (flags = 0x1)
0       ... 
561631  -O                                                                        (1 = 100.0%) {0.0%}
655169  ... 

Histogram: Quota.GlobalTemporaryPoolSize recorded 1 samples, mean = 757569.0 (flags = 0x1)
0       ... 
655169  -O                                                                        (1 = 100.0%) {0.0%}
764286  ... 

Histogram: Quota.PercentDiskAvailable recorded 1 samples, mean = 64.0 (flags = 0x1)
0   ... 
64  -O                                                                        (1 = 100.0%) {0.0%}
65  ... 

Histogram: Quota.TotalDiskSpace recorded 1 samples, mean = 946961.0 (flags = 0x1)
0       ... 
891576  -O                                                                        (1 = 100.0%) {0.0%}
1040066 ... 

Histogram: Quota.TotalDiskSpaceIsZero recorded 1 samples, mean = 0.0 (flags = 0x1)
0  -O                                                                        (1 = 100.0%)
1  ... 

Histogram: ReadingList.Read.Count.OnModelLoaded.AccountStorage recorded 1 samples, mean = 0.0 (flags = 0x1)
0  -O                                                                        (1 = 100.0%)
1  ... 

Histogram: ReadingList.Read.Count.OnModelLoaded.LocalStorage recorded 1 samples, mean = 0.0 (flags = 0x1)
0  -O                                                                        (1 = 100.0%)
1  ... 

Histogram: ReadingList.Unread.Count.OnModelLoaded.AccountStorage recorded 1 samples, mean = 0.0 (flags = 0x1)
0  -O                                                                        (1 = 100.0%)
1  ... 

Histogram: ReadingList.Unread.Count.OnModelLoaded.LocalStorage recorded 1 samples, mean = 0.0 (flags = 0x1)
0  -O                                                                        (1 = 100.0%)
1  ... 

Histogram: Renderer.BrowserLaunchToRunLoopStart recorded 1 samples, mean = 192.0 (flags = 0x1)
0    ... 
190  -O                                                                        (1 = 100.0%) {0.0%}
226  ... 

Histogram: Renderer.Core.Timing.Performance.SwapsPerPerformanceEntryInsertion recorded 51 samples, mean = 0.8 (flags = 0x1)
0  -----------------------------------O                                      (35 = 68.6%)
1  -----O                                                                    (5 = 9.8%) {68.6%}
2  ----O                                                                     (4 = 7.8%) {78.4%}
3  ---O                                                                      (3 = 5.9%) {86.3%}
4  --O                                                                       (2 = 3.9%) {92.2%}
5  --O                                                                       (2 = 3.9%) {96.1%}
6  ... 

Histogram: Renderer.CriticalFonts.BlockingResourcesLoadTime recorded 1 samples, mean = 4204.0 (flags = 0x1)
0     ... 
3553  -O                                                                        (1 = 100.0%) {0.0%}
4222  ... 

Histogram: Renderer.CriticalFonts.CriticalFontDelay recorded 1 samples, mean = 0.0 (flags = 0x1)
0  -O                                                                        (1 = 100.0%)
1  ... 

Histogram: Renderer.CriticalFonts.PreloadedFontsLoadTime recorded 1 samples, mean = 3940.0 (flags = 0x1)
0     ... 
3553  -O                                                                        (1 = 100.0%) {0.0%}
4222  ... 

Histogram: Renderer.Font.PrimaryFont.DomContentLoaded recorded 1 samples, mean = 0.0 (flags = 0x1)
0  -O                                                                        (1 = 100.0%)
1  ... 

Histogram: Renderer.Font.PrimaryFont.DomContentLoaded.Style recorded 1 samples, mean = 0.0 (flags = 0x1)
0  -O                                                                        (1 = 100.0%)
1  ... 

Histogram: Renderer.Font.SystemFallback.DomContentLoaded recorded 1 samples, mean = 0.0 (flags = 0x1)
0  -O                                                                        (1 = 100.0%)
1  ... 

Histogram: Renderer.Layout.TextWrapBalance recorded 4 samples, mean = 0.0 (flags = 0x1)
0  ----O                                                                     (4 = 100.0%)
1  ... 

Histogram: Renderer.ProcessLifetime3 recorded 3 samples, mean = 584964.0 (flags = 0x1)
0       O                                                                         (0 = 0.0%)
1000    -O                                                                        (1 = 33.3%) {0.0%}
1123    ... 
834951  --O                                                                       (2 = 66.7%) {33.3%}
937632  ... 

Histogram: Renderer.ProcessLifetime3.Empty recorded 1 samples, mean = 876401.0 (flags = 0x1)
0       ... 
834951  -O                                                                        (1 = 100.0%) {0.0%}
937632  ... 

Histogram: Renderer.ProcessLifetime3.MainFrame recorded 1 samples, mean = 877402.0 (flags = 0x1)
0       ... 
834951  -O                                                                        (1 = 100.0%) {0.0%}
937632  ... 

Histogram: Renderer.ProcessLifetime3.Speculative recorded 1 samples, mean = 1089.0 (flags = 0x1)
0     O                                                                         (0 = 0.0%)
1000  -O                                                                        (1 = 100.0%) {0.0%}
1123  ... 

Histogram: Renderer.ReduceSubresourceResponseIPC.DidNotifyBrowser recorded 46 samples, mean = 1.0 (flags = 0x1)
0  O                                                                         (0 = 0.0%)
1  ----------------------------------------------O                           (46 = 100.0%) {0.0%}
2  O                                                                         (0 = 0.0%) {100.0%}

Histogram: Renderer.RenderThreadImpl.Init recorded 1 samples, mean = 17.0 (flags = 0x1)
0   ... 
17  -O                                                                        (1 = 100.0%) {0.0%}
20  ... 

Histogram: Renderer4.GpuImageDecodeState recorded 1 samples, mean = 0.0 (flags = 0x1)
0  -O                                                                        (1 = 100.0%)
1  ... 

Histogram: Renderer4.GpuImageDecodeState.CachePeakUsagePercent recorded 2 samples, mean = 1.0 (flags = 0x1)
0  O                                                                         (0 = 0.0%)
1  --O                                                                       (2 = 100.0%) {0.0%}
2  ... 

Histogram: Renderer4.GpuImageDecodeState.FirstLockWasted recorded 1 samples, mean = 1.0 (flags = 0x1)
0  O                                                                         (0 = 0.0%)
1  -O                                                                        (1 = 100.0%) {0.0%}
2  O                                                                         (0 = 0.0%) {100.0%}

Histogram: Renderer4.GpuImageDecodeState.FirstLockWasted.OutOfRaster recorded 1 samples, mean = 1.0 (flags = 0x1)
0  O                                                                         (0 = 0.0%)
1  -O                                                                        (1 = 100.0%) {0.0%}
2  O                                                                         (0 = 0.0%) {100.0%}

Histogram: Renderer4.GpuRasterizationEnabled recorded 1 samples, mean = 1.0 (flags = 0x1)
0  O                                                                         (0 = 0.0%)
1  -O                                                                        (1 = 100.0%) {0.0%}
2  O                                                                         (0 = 0.0%) {100.0%}

Histogram: Renderer4.ImageDecodeTaskDurationUs.OutOfRaster.Gpu recorded 1 samples, mean = 38273.0 (flags = 0x1)
0      ... 
36699  -O                                                                        (1 = 100.0%) {0.0%}
48336  ... 

Histogram: Renderer4.ImageDecodeTaskDurationUs.WebP.Gpu recorded 1 samples, mean = 38273.0 (flags = 0x1)
0      ... 
36699  -O                                                                        (1 = 100.0%) {0.0%}
48336  ... 

Histogram: RendererScheduler.RendererMainThreadLoad5 recorded 879 samples, mean = 0.0 (flags = 0x1)
0   ------------------------------------------------------------------------O (878 = 99.9%)
1   ... 
14  O                                                                         (1 = 0.1%) {99.9%}
15  ... 

Histogram: RendererScheduler.RendererMainThreadLoad5.Background recorded 876 samples, mean = 0.0 (flags = 0x1)
0  ------------------------------------------------------------------------O (876 = 100.0%)
1  ... 

Histogram: RendererScheduler.RendererMainThreadLoad5.Background.AfterFifthMinute recorded 577 samples, mean = 0.0 (flags = 0x1)
0  ------------------------------------------------------------------------O (577 = 100.0%)
1  ... 

Histogram: RendererScheduler.RendererMainThreadLoad5.Background.AfterFirstMinute recorded 817 samples, mean = 0.0 (flags = 0x1)
0  ------------------------------------------------------------------------O (817 = 100.0%)
1  ... 

Histogram: RendererScheduler.RendererMainThreadLoad5.Background.AfterTenthMinute recorded 277 samples, mean = 0.0 (flags = 0x1)
0  ------------------------------------------------------------------------O (277 = 100.0%)
1  ... 

Histogram: RendererScheduler.RendererMainThreadLoad5.Foreground recorded 3 samples, mean = 4.7 (flags = 0x1)
0   --O                                                                       (2 = 66.7%)
1   ... 
14  -O                                                                        (1 = 33.3%) {66.7%}
15  ... 

Histogram: RendererScheduler.RendererMainThreadLoad5.Foreground.AfterFirstMinute recorded 817 samples, mean = 0.0 (flags = 0x1)
0  ------------------------------------------------------------------------O (817 = 100.0%)
1  ... 

Histogram: ReportingAndNEL.NumberOfLoadedNELPolicies recorded 1 samples, mean = 0.0 (flags = 0x1)
0  -O                                                                        (1 = 100.0%)
1  ... 

Histogram: ReportingAndNEL.NumberOfLoadedNELPolicies2 recorded 1 samples, mean = 0.0 (flags = 0x1)
0  -O                                                                        (1 = 100.0%)
1  ... 

Histogram: ReportingAndNEL.TimeInitializeDB recorded 1 samples, mean = 5.0 (flags = 0x1)
0  ... 
5  -O                                                                        (1 = 100.0%) {0.0%}
6  ... 

Histogram: ResourceScheduler.RequestQueuingDuration.Priority1 recorded 14 samples, mean = 0.0 (flags = 0x1)
0  --------------O                                                           (14 = 100.0%)
1  ... 

Histogram: ResourceScheduler.RequestQueuingDuration.Priority2 recorded 28 samples, mean = 12.9 (flags = 0x1)
0   ------O                                                                   (6 = 21.4%)
1   ... 
6   -----O                                                                    (5 = 17.9%) {21.4%}
8   O                                                                         (0 = 0.0%) {39.3%}
10  -----O                                                                    (5 = 17.9%) {39.3%}
13  -O                                                                        (1 = 3.6%) {57.1%}
16  ----O                                                                     (4 = 14.3%) {60.7%}
20  ---O                                                                      (3 = 10.7%) {75.0%}
25  ----O                                                                     (4 = 14.3%) {85.7%}
32  ... 

Histogram: ResourceScheduler.RequestQueuingDuration.Priority3 recorded 1 samples, mean = 0.0 (flags = 0x1)
0  -O                                                                        (1 = 100.0%)
1  ... 

Histogram: ResourceScheduler.RequestQueuingDuration.Priority4 recorded 6 samples, mean = 0.0 (flags = 0x1)
0  ------O                                                                   (6 = 100.0%)
1  ... 

Histogram: ResourceScheduler.RequestQueuingDuration.Priority5 recorded 14 samples, mean = 0.0 (flags = 0x1)
0  --------------O                                                           (14 = 100.0%)
1  ... 

Histogram: SBClientPhishing.Classifier.Event recorded 2 samples, mean = 1.0 (flags = 0x1)
0  O                                                                         (0 = 0.0%)
1  --O                                                                       (2 = 100.0%) {0.0%}
2  ... 

Histogram: SBClientPhishing.HighConfidenceAllowlistCheckDuration recorded 1 samples, mean = 5.0 (flags = 0x1)
0  ... 
5  -O                                                                        (1 = 100.0%) {0.0%}
6  ... 

Histogram: SBClientPhishing.ImageEmbedder.Event recorded 2 samples, mean = 1.0 (flags = 0x1)
0  O                                                                         (0 = 0.0%)
1  --O                                                                       (2 = 100.0%) {0.0%}
2  ... 

Histogram: SBClientPhishing.LoadReportTimesFromPrefAtServiceCreationSuccessful recorded 1 samples, mean = 1.0 (flags = 0x1)
0  O                                                                         (0 = 0.0%)
1  -O                                                                        (1 = 100.0%) {0.0%}
2  O                                                                         (0 = 0.0%) {100.0%}

Histogram: SBClientPhishing.MatchHighConfidenceAllowlist recorded 1 samples, mean = 3.0 (flags = 0x1)
0  ... 
3  -O                                                                        (1 = 100.0%) {0.0%}
4  O                                                                         (0 = 0.0%) {100.0%}

Histogram: SBClientPhishing.MatchHighConfidenceAllowlist.TriggerModel recorded 1 samples, mean = 3.0 (flags = 0x1)
0  ... 
3  -O                                                                        (1 = 100.0%) {0.0%}
4  O                                                                         (0 = 0.0%) {100.0%}

Histogram: SBClientPhishing.PreClassificationCheckResult recorded 1 samples, mean = 3.0 (flags = 0x1)
0  ... 
3  -O                                                                        (1 = 100.0%) {0.0%}
4  ... 

Histogram: SBIRS.DroppedIncident recorded 1 samples, mean = 1.0 (flags = 0x1)
0  O                                                                         (0 = 0.0%)
1  -O                                                                        (1 = 100.0%) {0.0%}
2  ... 

Histogram: SBIRS.ReceivedIncident recorded 1 samples, mean = 1.0 (flags = 0x1)
0  O                                                                         (0 = 0.0%)
1  -O                                                                        (1 = 100.0%) {0.0%}
2  ... 

Histogram: SSL.Experimental.SubresourceResponse recorded 46 samples, mean = 0.0 (flags = 0x1)
0  ----------------------------------------------O                           (46 = 100.0%)
1  ... 

Histogram: SafeBrowsing.AsyncCheck.CommittedNavigationIdsSize recorded 5 samples, mean = 1.6 (flags = 0x1)
0  -O                                                                        (1 = 20.0%)
1  -O                                                                        (1 = 20.0%) {20.0%}
2  --O                                                                       (2 = 40.0%) {40.0%}
3  -O                                                                        (1 = 20.0%) {80.0%}
4  ... 

Histogram: SafeBrowsing.BrowserThrottle.CheckerOnIOLifetime recorded 1 samples, mean = 974.0 (flags = 0x1)
0    ... 
926  -O                                                                        (1 = 100.0%) {0.0%}
1177 ... 

Histogram: SafeBrowsing.BrowserThrottle.IntervalBetweenStartAndProcess recorded 1 samples, mean = 974.0 (flags = 0x1)
0    ... 
894  -O                                                                        (1 = 100.0%) {0.0%}
1062 ... 

Histogram: SafeBrowsing.BrowserThrottle.IntervalBetweenStartAndProcess.FromNetwork recorded 1 samples, mean = 974.0 (flags = 0x1)
0    ... 
894  -O                                                                        (1 = 100.0%) {0.0%}
1062 ... 

Histogram: SafeBrowsing.BrowserThrottle.IsCheckCompletedOnProcessResponse recorded 1 samples, mean = 1.0 (flags = 0x1)
0  O                                                                         (0 = 0.0%)
1  -O                                                                        (1 = 100.0%) {0.0%}
2  O                                                                         (0 = 0.0%) {100.0%}

Histogram: SafeBrowsing.BrowserThrottle.RequestDestination recorded 1 samples, mean = 3.0 (flags = 0x1)
0  ... 
3  -O                                                                        (1 = 100.0%) {0.0%}
4  ... 

Histogram: SafeBrowsing.BrowserThrottle.RequestDestination.Checked recorded 1 samples, mean = 3.0 (flags = 0x1)
0  ... 
3  -O                                                                        (1 = 100.0%) {0.0%}
4  ... 

Histogram: SafeBrowsing.BrowserThrottle.TotalDelay2.FromNetwork recorded 1 samples, mean = 0.0 (flags = 0x1)
0  -O                                                                        (1 = 100.0%)
1  ... 

Histogram: SafeBrowsing.BrowserThrottle.TotalDelay2.HashPrefixDatabaseCheck recorded 2 samples, mean = 0.0 (flags = 0x1)
0  --O                                                                       (2 = 100.0%)
1  ... 

Histogram: SafeBrowsing.BrowserThrottle.WillProcessResponseCount recorded 1 samples, mean = 1.0 (flags = 0x1)
0  O                                                                         (0 = 0.0%)
1  -O                                                                        (1 = 100.0%) {0.0%}
2  ... 

Histogram: SafeBrowsing.CheckBrowseUrl.HasLocalMatch recorded 2 samples, mean = 1.0 (flags = 0x1)
0  O                                                                         (0 = 0.0%)
1  --O                                                                       (2 = 100.0%) {0.0%}
2  O                                                                         (0 = 0.0%) {100.0%}

Histogram: SafeBrowsing.CheckUrl.Action recorded 2 samples, mean = 0.0 (flags = 0x1)
0  --O                                                                       (2 = 100.0%)
1  ... 

Histogram: SafeBrowsing.CheckUrl.FirstRequestThreatType2 recorded 1 samples, mean = 1.0 (flags = 0x1)
0  O                                                                         (0 = 0.0%)
1  -O                                                                        (1 = 100.0%) {0.0%}
2  ... 

Histogram: SafeBrowsing.CheckUrl.FirstRequestThreatType2.LocalPVer4 recorded 1 samples, mean = 1.0 (flags = 0x1)
0  O                                                                         (0 = 0.0%)
1  -O                                                                        (1 = 100.0%) {0.0%}
2  ... 

Histogram: SafeBrowsing.CheckUrl.FirstRequestTimedOut recorded 1 samples, mean = 0.0 (flags = 0x1)
0  -O                                                                        (1 = 100.0%)
1  ... 

Histogram: SafeBrowsing.CheckUrl.FirstRequestTimedOut.LocalPVer4 recorded 1 samples, mean = 0.0 (flags = 0x1)
0  -O                                                                        (1 = 100.0%)
1  ... 

Histogram: SafeBrowsing.CheckUrl.IsDocumentCheckPrefetch recorded 2 samples, mean = 0.0 (flags = 0x1)
0  --O                                                                       (2 = 100.0%)
1  ... 

Histogram: SafeBrowsing.CheckUrl.TimeTaken.HashDatabase recorded 2 samples, mean = 166.0 (flags = 0x1)
0    O                                                                         (0 = 0.0%)
1    -O                                                                        (1 = 50.0%) {0.0%}
2    ... 
318  -O                                                                        (1 = 50.0%) {50.0%}
378  ... 

Histogram: SafeBrowsing.CheckUrl.Timeout recorded 2 samples, mean = 0.0 (flags = 0x1)
0  --O                                                                       (2 = 100.0%)
1  ... 

Histogram: SafeBrowsing.CheckUrl.UrlScheme recorded 2 samples, mean = 10.0 (flags = 0x1)
0   ... 
10  --O                                                                       (2 = 100.0%) {0.0%}
11  ... 

Histogram: SafeBrowsing.ClientSidePhishingDetection.AllowlistMatchResult recorded 1 samples, mean = 1.0 (flags = 0x1)
0  O                                                                         (0 = 0.0%)
1  -O                                                                        (1 = 100.0%) {0.0%}
2  ... 

Histogram: SafeBrowsing.Daily.BypassCountLast28Days.StandardProtection.AllEvents recorded 1 samples, mean = 0.0 (flags = 0x1)
0  -O                                                                        (1 = 100.0%)
1  ... 

Histogram: SafeBrowsing.Daily.SecuritySensitiveCountLast28Days.StandardProtection.AllEvents recorded 1 samples, mean = 0.0 (flags = 0x1)
0  -O                                                                        (1 = 100.0%)
1  ... 

Histogram: SafeBrowsing.FileTypeUpdate.DynamicUpdateResult recorded 1 samples (flags = 0x1)
1  -O                                                                        (1 = 100.0%)

Histogram: SafeBrowsing.FileTypeUpdate.DynamicUpdateVersion recorded 1 samples (flags = 0x1)
69  -O                                                                        (1 = 100.0%)

Histogram: SafeBrowsing.FileTypeUpdate.ResourceBundleResult recorded 1 samples (flags = 0x1)
1  -O                                                                        (1 = 100.0%)

Histogram: SafeBrowsing.FileTypeUpdate.ResourceBundleVersion recorded 1 samples (flags = 0x1)
66  -O                                                                        (1 = 100.0%)

Histogram: SafeBrowsing.HPRT.Cache.FullHashCount recorded 2 samples, mean = 0.0 (flags = 0x1)
0  --O                                                                       (2 = 100.0%)
1  ... 

Histogram: SafeBrowsing.HPRT.Cache.HashPrefixCount recorded 2 samples, mean = 0.0 (flags = 0x1)
0  --O                                                                       (2 = 100.0%)
1  ... 

Histogram: SafeBrowsing.HPRT.Ineligible.FeatureOff recorded 1 samples, mean = 0.0 (flags = 0x1)
0  -O                                                                        (1 = 100.0%)
1  ... 

Histogram: SafeBrowsing.HPRT.Ineligible.IneligibleForLocation recorded 1 samples, mean = 0.0 (flags = 0x1)
0  -O                                                                        (1 = 100.0%)
1  ... 

Histogram: SafeBrowsing.HPRT.Ineligible.IneligibleForSessionOrLocation recorded 1 samples, mean = 1.0 (flags = 0x1)
0  O                                                                         (0 = 0.0%)
1  -O                                                                        (1 = 100.0%) {0.0%}
2  O                                                                         (0 = 0.0%) {100.0%}

Histogram: SafeBrowsing.HPRT.Ineligible.NoGoogleChromeBranding recorded 1 samples, mean = 1.0 (flags = 0x1)
0  O                                                                         (0 = 0.0%)
1  -O                                                                        (1 = 100.0%) {0.0%}
2  O                                                                         (0 = 0.0%) {100.0%}

Histogram: SafeBrowsing.HPRT.Ineligible.NotAllowedByPolicy recorded 1 samples, mean = 0.0 (flags = 0x1)
0  -O                                                                        (1 = 100.0%)
1  ... 

Histogram: SafeBrowsing.HPRT.Ineligible.NotStandardProtection recorded 1 samples, mean = 0.0 (flags = 0x1)
0  -O                                                                        (1 = 100.0%)
1  ... 

Histogram: SafeBrowsing.HPRT.Ineligible.OffTheRecord recorded 1 samples, mean = 0.0 (flags = 0x1)
0  -O                                                                        (1 = 100.0%)
1  ... 

Histogram: SafeBrowsing.HasCookieAtStartup2 recorded 1 samples, mean = 0.0 (flags = 0x1)
0  -O                                                                        (1 = 100.0%)
1  ... 

Histogram: SafeBrowsing.PageLoadToken.TokenCount recorded 2 samples, mean = 0.0 (flags = 0x1)
0  --O                                                                       (2 = 100.0%)
1  ... 

Histogram: SafeBrowsing.Pref.Daily.Extended recorded 1 samples, mean = 0.0 (flags = 0x1)
0  -O                                                                        (1 = 100.0%)
1  ... 

Histogram: SafeBrowsing.Pref.Daily.PasswordLeakToggle recorded 1 samples, mean = 1.0 (flags = 0x1)
0  O                                                                         (0 = 0.0%)
1  -O                                                                        (1 = 100.0%) {0.0%}
2  O                                                                         (0 = 0.0%) {100.0%}

Histogram: SafeBrowsing.Pref.Daily.SafeBrowsingModeManaged recorded 1 samples, mean = 0.0 (flags = 0x1)
0  -O                                                                        (1 = 100.0%)
1  ... 

Histogram: SafeBrowsing.Pref.Daily.SafeBrowsingState recorded 1 samples, mean = 1.0 (flags = 0x1)
0  O                                                                         (0 = 0.0%)
1  -O                                                                        (1 = 100.0%) {0.0%}
2  ... 

Histogram: SafeBrowsing.Pref.Enhanced recorded 1 samples, mean = 0.0 (flags = 0x1)
0  -O                                                                        (1 = 100.0%)
1  ... 

Histogram: SafeBrowsing.Pref.Enhanced.RegularProfile recorded 1 samples, mean = 0.0 (flags = 0x1)
0  -O                                                                        (1 = 100.0%)
1  ... 

Histogram: SafeBrowsing.Pref.Extended recorded 1 samples, mean = 0.0 (flags = 0x1)
0  -O                                                                        (1 = 100.0%)
1  ... 

Histogram: SafeBrowsing.Pref.General recorded 1 samples, mean = 1.0 (flags = 0x1)
0  O                                                                         (0 = 0.0%)
1  -O                                                                        (1 = 100.0%) {0.0%}
2  O                                                                         (0 = 0.0%) {100.0%}

Histogram: SafeBrowsing.RT.CacheManager.CleanUpTime recorded 2 samples, mean = 0.0 (flags = 0x1)
0  --O                                                                       (2 = 100.0%)
1  ... 

Histogram: SafeBrowsing.RT.CanCheckDatabase recorded 2 samples, mean = 1.0 (flags = 0x1)
0  O                                                                         (0 = 0.0%)
1  --O                                                                       (2 = 100.0%) {0.0%}
2  O                                                                         (0 = 0.0%) {100.0%}

Histogram: SafeBrowsing.RT.ConsumerVersionReason recorded 2 samples, mean = 1.0 (flags = 0x1)
0  -O                                                                        (1 = 50.0%)
1  O                                                                         (0 = 0.0%) {50.0%}
2  -O                                                                        (1 = 50.0%) {50.0%}
3  ... 

Histogram: SafeBrowsing.RendererThrottle.IsCheckCompletedOnProcessResponse recorded 46 samples, mean = 1.0 (flags = 0x1)
0  O                                                                         (0 = 0.0%)
1  ----------------------------------------------O                           (46 = 100.0%) {0.0%}
2  O                                                                         (0 = 0.0%) {100.0%}

Histogram: SafeBrowsing.RendererThrottle.RequestDestination recorded 46 samples, mean = 10.8 (flags = 0x1)
0   -----O                                                                    (5 = 10.9%)
1   ... 
5   -----O                                                                    (5 = 10.9%) {10.9%}
6   ... 
8   ---O                                                                      (3 = 6.5%) {21.7%}
9   -O                                                                        (1 = 2.2%) {28.3%}
10  ... 
13  ------------------------O                                                 (24 = 52.2%) {30.4%}
14  ... 
16  --------O                                                                 (8 = 17.4%) {82.6%}
17  ... 

Histogram: SafeBrowsing.V4Database.Size recorded 1 samples, mean = 0.0 (flags = 0x1)
0  -O                                                                        (1 = 100.0%)
1  ... 

Histogram: SafeBrowsing.V4Database.Size.ChromeExtMalware recorded 1 samples, mean = 0.0 (flags = 0x1)
0  -O                                                                        (1 = 100.0%)
1  ... 

Histogram: SafeBrowsing.V4Database.Size.UrlBilling recorded 1 samples, mean = 0.0 (flags = 0x1)
0  -O                                                                        (1 = 100.0%)
1  ... 

Histogram: SafeBrowsing.V4Database.Size.UrlCsdDownloadAllowlist recorded 1 samples, mean = 0.0 (flags = 0x1)
0  -O                                                                        (1 = 100.0%)
1  ... 

Histogram: SafeBrowsing.V4Database.Size.UrlMalBin recorded 1 samples, mean = 0.0 (flags = 0x1)
0  -O                                                                        (1 = 100.0%)
1  ... 

Histogram: SafeBrowsing.V4Database.Size.UrlMalware recorded 1 samples, mean = 0.0 (flags = 0x1)
0  -O                                                                        (1 = 100.0%)
1  ... 

Histogram: SafeBrowsing.V4Database.Size.UrlSoceng recorded 1 samples, mean = 0.0 (flags = 0x1)
0  -O                                                                        (1 = 100.0%)
1  ... 

Histogram: SafeBrowsing.V4Database.Size.UrlUws recorded 1 samples, mean = 0.0 (flags = 0x1)
0  -O                                                                        (1 = 100.0%)
1  ... 

Histogram: SafeBrowsing.V4Database.SizeLinear recorded 1 samples, mean = 0.0 (flags = 0x1)
0  -O                                                                        (1 = 100.0%)
1  ... 

Histogram: SafeBrowsing.V4Database.SizeLinear.ChromeExtMalware recorded 1 samples, mean = 0.0 (flags = 0x1)
0  -O                                                                        (1 = 100.0%)
1  ... 

Histogram: SafeBrowsing.V4Database.SizeLinear.UrlMalBin recorded 1 samples, mean = 0.0 (flags = 0x1)
0  -O                                                                        (1 = 100.0%)
1  ... 

Histogram: SafeBrowsing.V4Database.SizeLinear.UrlSoceng recorded 1 samples, mean = 0.0 (flags = 0x1)
0  -O                                                                        (1 = 100.0%)
1  ... 

Histogram: SafeBrowsing.V4DatabaseInitializationTime recorded 1 samples, mean = 2991.0 (flags = 0x1)
0     ... 
2990  -O                                                                        (1 = 100.0%) {0.0%}
3553  ... 

Histogram: SafeBrowsing.V4Store.IsStoreValid recorded 7 samples, mean = 0.0 (flags = 0x1)
0  -------O                                                                  (7 = 100.0%)
1  ... 

Histogram: SafeBrowsing.V4Store.IsStoreValid.ChromeExtMalware recorded 1 samples, mean = 0.0 (flags = 0x1)
0  -O                                                                        (1 = 100.0%)
1  ... 

Histogram: SafeBrowsing.V4Store.IsStoreValid.UrlBilling recorded 1 samples, mean = 0.0 (flags = 0x1)
0  -O                                                                        (1 = 100.0%)
1  ... 

Histogram: SafeBrowsing.V4Store.IsStoreValid.UrlCsdDownloadAllowlist recorded 1 samples, mean = 0.0 (flags = 0x1)
0  -O                                                                        (1 = 100.0%)
1  ... 

Histogram: SafeBrowsing.V4Store.IsStoreValid.UrlMalBin recorded 1 samples, mean = 0.0 (flags = 0x1)
0  -O                                                                        (1 = 100.0%)
1  ... 

Histogram: SafeBrowsing.V4Store.IsStoreValid.UrlMalware recorded 1 samples, mean = 0.0 (flags = 0x1)
0  -O                                                                        (1 = 100.0%)
1  ... 

Histogram: SafeBrowsing.V4Store.IsStoreValid.UrlSoceng recorded 1 samples, mean = 0.0 (flags = 0x1)
0  -O                                                                        (1 = 100.0%)
1  ... 

Histogram: SafeBrowsing.V4Store.IsStoreValid.UrlUws recorded 1 samples, mean = 0.0 (flags = 0x1)
0  -O                                                                        (1 = 100.0%)
1  ... 

Histogram: SafeBrowsing.V4Store.ReadyOnStartup recorded 7 samples, mean = 0.0 (flags = 0x1)
0  -------O                                                                  (7 = 100.0%)
1  ... 

Histogram: SafeBrowsing.V4StoreRead.Result recorded 7 samples, mean = 2.0 (flags = 0x1)
0  ... 
2  -------O                                                                  (7 = 100.0%) {0.0%}
3  ... 

Histogram: SafeBrowsing.V4Update.Network.Result recorded 1 samples (flags = 0x1)
400  -O                                                                        (1 = 100.0%)

Histogram: SafeBrowsing.V4Update.Result recorded 1 samples, mean = 2.0 (flags = 0x1)
0  ... 
2  -O                                                                        (1 = 100.0%) {0.0%}
3  ... 

Histogram: Scheduling.MessagePumpTimeKeeper.BrowserIO recorded 0 samples (flags = 0x1)
0 ... 

Histogram: Scheduling.MessagePumpTimeKeeper.BrowserUI recorded 0 samples (flags = 0x1)
0 ... 

Histogram: Scheduling.ThreadController.ActiveIntervalDuration.Any.BrowserUI recorded 7 samples, mean = 0.0 (flags = 0x1)
0  -------O                                                                  (7 = 100.0%)
1  ... 

Histogram: Scheduling.ThreadController.ActiveIntervalDuration.Any.Other recorded 25 samples, mean = 0.0 (flags = 0x1)
0  -------------------------O                                                (25 = 100.0%)
1  ... 

Histogram: Scheduling.ThreadController.ActiveIntervalDuration.Short.BrowserUI recorded 7 samples, mean = 7.7 (flags = 0x1)
0   ... 
5   --O                                                                       (2 = 28.6%) {0.0%}
6   -O                                                                        (1 = 14.3%) {28.6%}
7   --O                                                                       (2 = 28.6%) {42.9%}
8   -O                                                                        (1 = 14.3%) {71.4%}
9   ... 
16  -O                                                                        (1 = 14.3%) {85.7%}
17  ... 

Histogram: Scheduling.ThreadController.ActiveIntervalDuration.Short.Other recorded 25 samples, mean = 34.1 (flags = 0x1)
0    ... 
7    ---O                                                                      (3 = 12.0%) {0.0%}
8    ---O                                                                      (3 = 12.0%) {12.0%}
9    -O                                                                        (1 = 4.0%) {24.0%}
10   ---O                                                                      (3 = 12.0%) {28.0%}
11   -O                                                                        (1 = 4.0%) {40.0%}
12   -O                                                                        (1 = 4.0%) {44.0%}
13   --O                                                                       (2 = 8.0%) {48.0%}
14   ... 
16   -O                                                                        (1 = 4.0%) {56.0%}
17   ... 
19   -O                                                                        (1 = 4.0%) {60.0%}
20   -O                                                                        (1 = 4.0%) {64.0%}
21   ... 
24   -O                                                                        (1 = 4.0%) {68.0%}
25   ... 
31   -O                                                                        (1 = 4.0%) {72.0%}
33   ... 
37   -O                                                                        (1 = 4.0%) {76.0%}
39   -O                                                                        (1 = 4.0%) {80.0%}
41   O                                                                         (0 = 0.0%) {84.0%}
43   -O                                                                        (1 = 4.0%) {84.0%}
45   ... 
64   -O                                                                        (1 = 4.0%) {88.0%}
67   ... 
95   -O                                                                        (1 = 4.0%) {92.0%}
100  ... 
315  -O                                                                        (1 = 4.0%) {96.0%}
331  ... 

Histogram: Scheduling.ThreadController.ActiveIntervalOffCpuDuration.Any.BrowserUI recorded 7 samples, mean = 0.0 (flags = 0x1)
0  -------O                                                                  (7 = 100.0%)
1  ... 

Histogram: Scheduling.ThreadController.ActiveIntervalOffCpuDuration.Any.Other recorded 25 samples, mean = 0.0 (flags = 0x1)
0  -------------------------O                                                (25 = 100.0%)
1  ... 

Histogram: Scheduling.ThreadController.ActiveIntervalOffCpuDuration.Short.BrowserUI recorded 7 samples, mean = 3.3 (flags = 0x1)
0  ... 
2  ---O                                                                      (3 = 42.9%) {0.0%}
3  ---O                                                                      (3 = 42.9%) {42.9%}
4  ... 
8  -O                                                                        (1 = 14.3%) {85.7%}
9  ... 

Histogram: Scheduling.ThreadController.ActiveIntervalOffCpuDuration.Short.Other recorded 25 samples, mean = 9.3 (flags = 0x1)
0    -O                                                                        (1 = 4.0%)
1    ------O                                                                   (6 = 24.0%) {4.0%}
2    -----------O                                                              (11 = 44.0%) {28.0%}
3    -O                                                                        (1 = 4.0%) {72.0%}
4    -O                                                                        (1 = 4.0%) {76.0%}
5    -O                                                                        (1 = 4.0%) {80.0%}
6    ... 
10   -O                                                                        (1 = 4.0%) {84.0%}
11   ... 
37   -O                                                                        (1 = 4.0%) {88.0%}
39   -O                                                                        (1 = 4.0%) {92.0%}
41   ... 
100  -O                                                                        (1 = 4.0%) {96.0%}
105  ... 

Histogram: Scheduling.ThreadController.ActiveIntervalOnCpuDuration.Any.BrowserUI recorded 7 samples, mean = 0.0 (flags = 0x1)
0  -------O                                                                  (7 = 100.0%)
1  ... 

Histogram: Scheduling.ThreadController.ActiveIntervalOnCpuDuration.Any.Other recorded 25 samples, mean = 0.0 (flags = 0x1)
0  -------------------------O                                                (25 = 100.0%)
1  ... 

Histogram: Scheduling.ThreadController.ActiveIntervalOnCpuDuration.Short.BrowserUI recorded 7 samples, mean = 4.4 (flags = 0x1)
0  ... 
3  ---O                                                                      (3 = 42.9%) {0.0%}
4  --O                                                                       (2 = 28.6%) {42.9%}
5  O                                                                         (0 = 0.0%) {71.4%}
6  -O                                                                        (1 = 14.3%) {71.4%}
7  O                                                                         (0 = 0.0%) {85.7%}
8  -O                                                                        (1 = 14.3%) {85.7%}
9  ... 

Histogram: Scheduling.ThreadController.ActiveIntervalOnCpuDuration.Short.Other recorded 25 samples, mean = 24.8 (flags = 0x1)
0    ---O                                                                      (3 = 12.0%)
1    ... 
5    --O                                                                       (2 = 8.0%) {12.0%}
6    ----O                                                                     (4 = 16.0%) {20.0%}
7    --O                                                                       (2 = 8.0%) {36.0%}
8    -O                                                                        (1 = 4.0%) {44.0%}
9    --O                                                                       (2 = 8.0%) {48.0%}
10   O                                                                         (0 = 0.0%) {56.0%}
11   --O                                                                       (2 = 8.0%) {56.0%}
12   ... 
14   --O                                                                       (2 = 8.0%) {64.0%}
15   ... 
19   -O                                                                        (1 = 4.0%) {72.0%}
20   ... 
23   -O                                                                        (1 = 4.0%) {76.0%}
24   ... 
29   -O                                                                        (1 = 4.0%) {80.0%}
31   ... 
41   -O                                                                        (1 = 4.0%) {84.0%}
43   ... 
64   -O                                                                        (1 = 4.0%) {88.0%}
67   ... 
95   -O                                                                        (1 = 4.0%) {92.0%}
100  ... 
211  -O                                                                        (1 = 4.0%) {96.0%}
222  ... 

Histogram: Scheduling.ThreadController.ActiveIntervalOnCpuPercentage.Any.BrowserUI recorded 7 samples, mean = 58.4 (flags = 0x1)
0   ... 
50  --O                                                                       (2 = 28.6%) {0.0%}
51  ... 
57  --O                                                                       (2 = 28.6%) {28.6%}
58  ... 
60  --O                                                                       (2 = 28.6%) {57.1%}
61  ... 
75  -O                                                                        (1 = 14.3%) {85.7%}
76  ... 

Histogram: Scheduling.ThreadController.ActiveIntervalOnCpuPercentage.Any.Other recorded 25 samples, mean = 72.4 (flags = 0x1)
0    ---O                                                                      (3 = 12.0%)
1    ... 
68   -O                                                                        (1 = 4.0%) {12.0%}
69   -O                                                                        (1 = 4.0%) {16.0%}
70   -O                                                                        (1 = 4.0%) {20.0%}
71   --O                                                                       (2 = 8.0%) {24.0%}
72   O                                                                         (0 = 0.0%) {32.0%}
73   -O                                                                        (1 = 4.0%) {32.0%}
74   O                                                                         (0 = 0.0%) {36.0%}
75   ---O                                                                      (3 = 12.0%) {36.0%}
76   O                                                                         (0 = 0.0%) {48.0%}
77   -O                                                                        (1 = 4.0%) {48.0%}
78   ... 
80   -O                                                                        (1 = 4.0%) {52.0%}
81   -O                                                                        (1 = 4.0%) {56.0%}
82   ... 
84   -O                                                                        (1 = 4.0%) {60.0%}
85   -O                                                                        (1 = 4.0%) {64.0%}
86   O                                                                         (0 = 0.0%) {68.0%}
87   -O                                                                        (1 = 4.0%) {68.0%}
88   ... 
91   -O                                                                        (1 = 4.0%) {72.0%}
92   O                                                                         (0 = 0.0%) {76.0%}
93   -O                                                                        (1 = 4.0%) {76.0%}
94   O                                                                         (0 = 0.0%) {80.0%}
95   --O                                                                       (2 = 8.0%) {80.0%}
96   O                                                                         (0 = 0.0%) {88.0%}
97   -O                                                                        (1 = 4.0%) {88.0%}
98   -O                                                                        (1 = 4.0%) {92.0%}
99   O                                                                         (0 = 0.0%) {96.0%}
100  -O                                                                        (1 = 4.0%) {96.0%}
101  O                                                                         (0 = 0.0%) {100.0%}

Histogram: Scheduling.ThreadController.ActiveIntervalOnCpuPercentage.Short.BrowserUI recorded 7 samples, mean = 58.4 (flags = 0x1)
0   ... 
50  --O                                                                       (2 = 28.6%) {0.0%}
51  ... 
57  --O                                                                       (2 = 28.6%) {28.6%}
58  ... 
60  --O                                                                       (2 = 28.6%) {57.1%}
61  ... 
75  -O                                                                        (1 = 14.3%) {85.7%}
76  ... 

Histogram: Scheduling.ThreadController.ActiveIntervalOnCpuPercentage.Short.Other recorded 25 samples, mean = 72.4 (flags = 0x1)
0    ---O                                                                      (3 = 12.0%)
1    ... 
68   -O                                                                        (1 = 4.0%) {12.0%}
69   -O                                                                        (1 = 4.0%) {16.0%}
70   -O                                                                        (1 = 4.0%) {20.0%}
71   --O                                                                       (2 = 8.0%) {24.0%}
72   O                                                                         (0 = 0.0%) {32.0%}
73   -O                                                                        (1 = 4.0%) {32.0%}
74   O                                                                         (0 = 0.0%) {36.0%}
75   ---O                                                                      (3 = 12.0%) {36.0%}
76   O                                                                         (0 = 0.0%) {48.0%}
77   -O                                                                        (1 = 4.0%) {48.0%}
78   ... 
80   -O                                                                        (1 = 4.0%) {52.0%}
81   -O                                                                        (1 = 4.0%) {56.0%}
82   ... 
84   -O                                                                        (1 = 4.0%) {60.0%}
85   -O                                                                        (1 = 4.0%) {64.0%}
86   O                                                                         (0 = 0.0%) {68.0%}
87   -O                                                                        (1 = 4.0%) {68.0%}
88   ... 
91   -O                                                                        (1 = 4.0%) {72.0%}
92   O                                                                         (0 = 0.0%) {76.0%}
93   -O                                                                        (1 = 4.0%) {76.0%}
94   O                                                                         (0 = 0.0%) {80.0%}
95   --O                                                                       (2 = 8.0%) {80.0%}
96   O                                                                         (0 = 0.0%) {88.0%}
97   -O                                                                        (1 = 4.0%) {88.0%}
98   -O                                                                        (1 = 4.0%) {92.0%}
99   O                                                                         (0 = 0.0%) {96.0%}
100  -O                                                                        (1 = 4.0%) {96.0%}
101  O                                                                         (0 = 0.0%) {100.0%}

Histogram: Scheduling.ThreadController.IdleDuration.Any.BrowserUI recorded 7 samples, mean = 0.0 (flags = 0x1)
0  -------O                                                                  (7 = 100.0%)
1  ... 

Histogram: Scheduling.ThreadController.IdleDuration.Any.Other recorded 13 samples, mean = 531.5 (flags = 0x1)
0     --------O                                                                 (8 = 61.5%)
1     O                                                                         (0 = 0.0%) {61.5%}
2     -O                                                                        (1 = 7.7%) {61.5%}
3     ... 
14    -O                                                                        (1 = 7.7%) {69.2%}
17    ... 
752   -O                                                                        (1 = 7.7%) {76.9%}
894   -O                                                                        (1 = 7.7%) {84.6%}
1062  ... 
4222  -O                                                                        (1 = 7.7%) {92.3%}
5017  ... 

Histogram: Scheduling.ThreadController.IdleDuration.Medium.Other recorded 2 samples, mean = 9.0 (flags = 0x1)
0   ... 
2   -O                                                                        (1 = 50.0%) {0.0%}
3   ... 
16  -O                                                                        (1 = 50.0%) {50.0%}
17  ... 

Histogram: Scheduling.ThreadController.IdleDuration.Short.BrowserUI recorded 7 samples, mean = 80.3 (flags = 0x1)
0    ... 
17   -O                                                                        (1 = 14.3%) {0.0%}
18   O                                                                         (0 = 0.0%) {14.3%}
19   --O                                                                       (2 = 28.6%) {14.3%}
20   -O                                                                        (1 = 14.3%) {42.9%}
21   ... 
29   -O                                                                        (1 = 14.3%) {57.1%}
31   ... 
43   -O                                                                        (1 = 14.3%) {71.4%}
45   ... 
405  -O                                                                        (1 = 14.3%) {85.7%}
426  ... 

Histogram: Scheduling.ThreadController.IdleDuration.Short.Other recorded 8 samples, mean = 157.9 (flags = 0x1)
0    ... 
35   -O                                                                        (1 = 12.5%) {0.0%}
37   ... 
43   -O                                                                        (1 = 12.5%) {12.5%}
45   ... 
58   -O                                                                        (1 = 12.5%) {25.0%}
61   ... 
70   -O                                                                        (1 = 12.5%) {37.5%}
74   ... 
86   -O                                                                        (1 = 12.5%) {50.0%}
90   ... 
271  -O                                                                        (1 = 12.5%) {62.5%}
285  ... 
331  --O                                                                       (2 = 25.0%) {75.0%}
348  ... 

Histogram: Search.ChoiceReprompt recorded 1 samples, mean = 6.0 (flags = 0x1)
0  ... 
6  -O                                                                        (1 = 100.0%) {0.0%}
7  O                                                                         (0 = 0.0%) {100.0%}

Histogram: Search.DefaultSearchProviderType2 recorded 1 samples, mean = 14.0 (flags = 0x1)
0   ... 
14  -O                                                                        (1 = 100.0%) {0.0%}
15  ... 

Histogram: Search.SearchProviderOverrideStatus recorded 2 samples, mean = 0.0 (flags = 0x1)
0  --O                                                                       (2 = 100.0%)
1  ... 

Histogram: Security.DataDecoder.Json.DecodingTime recorded 1 samples, mean = 0.0 (flags = 0x1)
0  -O                                                                        (1 = 100.0%)
1  ... 

Histogram: Security.GwpAsan.Activated.Malloc.Browser recorded 1 samples, mean = 0.0 (flags = 0x1)
0  -O                                                                        (1 = 100.0%)
1  ... 

Histogram: Security.GwpAsan.Activated.PartitionAlloc.Browser recorded 1 samples, mean = 1.0 (flags = 0x1)
0  O                                                                         (0 = 0.0%)
1  -O                                                                        (1 = 100.0%) {0.0%}
2  O                                                                         (0 = 0.0%) {100.0%}

Histogram: Security.GwpAsan.AllocatorOom.PartitionAlloc.Browser recorded 0 samples (flags = 0x1)
0 ... 

Histogram: Security.HttpsFirstMode.SettingEnabledAtStartup recorded 1 samples, mean = 0.0 (flags = 0x1)
0  -O                                                                        (1 = 100.0%)
1  ... 

Histogram: Security.JSONParser.ChromiumExtensionUsage recorded 1 samples, mean = 1.0 (flags = 0x1)
0  O                                                                         (0 = 0.0%)
1  -O                                                                        (1 = 100.0%) {0.0%}
2  ... 

Histogram: Security.JSONParser.ParsingTime recorded 126 samples, mean = 23.5 (flags = 0x1)
0    ------------O                                                             (12 = 9.5%)
1    --------------------------------------O                                   (38 = 30.2%) {9.5%}
2    -----------------------O                                                  (23 = 18.3%) {39.7%}
3    -----O                                                                    (5 = 4.0%) {57.9%}
4    ----O                                                                     (4 = 3.2%) {61.9%}
5    --------------O                                                           (14 = 11.1%) {65.1%}
7    -------O                                                                  (7 = 5.6%) {76.2%}
9    ---O                                                                      (3 = 2.4%) {81.7%}
12   ---O                                                                      (3 = 2.4%) {84.1%}
16   -O                                                                        (1 = 0.8%) {86.5%}
21   --O                                                                       (2 = 1.6%) {87.3%}
28   --O                                                                       (2 = 1.6%) {88.9%}
37   -O                                                                        (1 = 0.8%) {90.5%}
49   --O                                                                       (2 = 1.6%) {91.3%}
65   ---O                                                                      (3 = 2.4%) {92.9%}
86   --O                                                                       (2 = 1.6%) {95.2%}
113  ... 
258  --O                                                                       (2 = 1.6%) {96.8%}
340  O                                                                         (0 = 0.0%) {98.4%}
448  -O                                                                        (1 = 0.8%) {98.4%}
590  O                                                                         (0 = 0.0%) {99.2%}
777  -O                                                                        (1 = 0.8%) {99.2%}
1023 ... 

Histogram: Security.NavigationRequestSecurityLevel recorded 2 samples, mean = 1.0 (flags = 0x1)
0  O                                                                         (0 = 0.0%)
1  --O                                                                       (2 = 100.0%) {0.0%}
2  ... 

Histogram: Security.PageEndReason.SECURE recorded 1 samples, mean = 6.0 (flags = 0x1)
0  ... 
6  -O                                                                        (1 = 100.0%) {0.0%}
7  ... 

Histogram: Security.PageEndReason.SafetyTip_None recorded 1 samples, mean = 6.0 (flags = 0x1)
0  ... 
6  -O                                                                        (1 = 100.0%) {0.0%}
7  ... 

Histogram: Security.PrivateNetworkAccess.CheckResult recorded 59 samples, mean = 2.0 (flags = 0x1)
0   ----------------O                                                         (16 = 27.1%)
1   ------------------------------------O                                     (36 = 61.0%) {27.1%}
2   ... 
12  -------O                                                                  (7 = 11.9%) {88.1%}
13  O                                                                         (0 = 0.0%) {100.0%}

Histogram: Security.PrivateNetworkAccess.PrivateIpInferrable recorded 2 samples, mean = 1.0 (flags = 0x1)
0  O                                                                         (0 = 0.0%)
1  --O                                                                       (2 = 100.0%) {0.0%}
2  O                                                                         (0 = 0.0%) {100.0%}

Histogram: Security.PrivateNetworkAccess.PrivateIpResolveMatch recorded 2 samples, mean = 1.0 (flags = 0x1)
0  O                                                                         (0 = 0.0%)
1  --O                                                                       (2 = 100.0%) {0.0%}
2  O                                                                         (0 = 0.0%) {100.0%}

Histogram: Security.SCTAuditing.NumPersistedReportsLoaded recorded 1 samples, mean = 0.0 (flags = 0x1)
0  -O                                                                        (1 = 100.0%)
1  ... 

Histogram: Security.SafetyTips.GetReputationStatusWithEngagedSitesTime recorded 1 samples, mean = 0.0 (flags = 0x1)
0  -O                                                                        (1 = 100.0%)
1  ... 

Histogram: Security.SafetyTips.ReputationCheckComplete.DidFinishNavigation recorded 1 samples, mean = 1.0 (flags = 0x1)
0  O                                                                         (0 = 0.0%)
1  -O                                                                        (1 = 100.0%) {0.0%}
2  ... 

Histogram: Security.SafetyTips.SafetyTipShown recorded 1 samples, mean = 1.0 (flags = 0x1)
0  O                                                                         (0 = 0.0%)
1  -O                                                                        (1 = 100.0%) {0.0%}
2  ... 

Histogram: Security.SafetyTips.StatusWithInitiator.Unknown recorded 1 samples, mean = 1.0 (flags = 0x1)
0  O                                                                         (0 = 0.0%)
1  -O                                                                        (1 = 100.0%) {0.0%}
2  ... 

Histogram: Security.SecurityLevel.OnCommit recorded 1 samples, mean = 3.0 (flags = 0x1)
0  ... 
3  -O                                                                        (1 = 100.0%) {0.0%}
4  ... 

Histogram: Security.SecurityLevel.OnComplete recorded 1 samples, mean = 3.0 (flags = 0x1)
0  ... 
3  -O                                                                        (1 = 100.0%) {0.0%}
4  ... 

Histogram: Security.SiteEngagement.SECURE recorded 1 samples, mean = 10.0 (flags = 0x1)
0   ... 
10  -O                                                                        (1 = 100.0%) {0.0%}
11  ... 

Histogram: Security.SiteEngagement.SafetyTip_None recorded 1 samples, mean = 10.0 (flags = 0x1)
0   ... 
10  -O                                                                        (1 = 100.0%) {0.0%}
11  ... 

Histogram: Security.TimeOnPage2.SECURE recorded 1 samples, mean = 877405.0 (flags = 0x1)
0       ... 
857670  -O                                                                        (1 = 100.0%) {0.0%}
989962  ... 

Histogram: Security.TimeOnPage2.SafetyTip_None recorded 1 samples, mean = 877405.0 (flags = 0x1)
0       ... 
857670  -O                                                                        (1 = 100.0%) {0.0%}
989962  ... 

Histogram: SegmentationPlatform.ClassificationRequest.TotalDuration.DeviceSwitcher recorded 1 samples, mean = 63805.0 (flags = 0x1)
0      ... 
10000  -O                                                                        (1 = 100.0%) {0.0%}

Histogram: SegmentationPlatform.CrossDeviceUser.PostProcessing.TopLabel.Computed recorded 1 samples (flags = 0x1)
-1 -O                                                                        (1 = 100.0%)

Histogram: SegmentationPlatform.Database.AddUmaMetric recorded 1 samples, mean = 0.0 (flags = 0x1)
0  -O                                                                        (1 = 100.0%)
1  ... 

Histogram: SegmentationPlatform.Database.RunReadOnlyQueries recorded 1 samples, mean = 0.0 (flags = 0x1)
0  -O                                                                        (1 = 100.0%)
1  ... 

Histogram: SegmentationPlatform.Database.UpdateUrlForUkmSource recorded 6 samples, mean = 0.5 (flags = 0x1)
0  ----O                                                                     (4 = 66.7%)
1  -O                                                                        (1 = 16.7%) {66.7%}
2  -O                                                                        (1 = 16.7%) {83.3%}
3  ... 

Histogram: SegmentationPlatform.DefaultModelDelivery.Metadata.FeatureCount.ChromeLowUserEngagement recorded 1 samples, mean = 1.0 (flags = 0x1)
0  O                                                                         (0 = 0.0%)
1  -O                                                                        (1 = 100.0%) {0.0%}
2  ... 

Histogram: SegmentationPlatform.DefaultModelDelivery.Metadata.FeatureCount.ComposePromotion recorded 1 samples, mean = 1.0 (flags = 0x1)
0  O                                                                         (0 = 0.0%)
1  -O                                                                        (1 = 100.0%) {0.0%}
2  ... 

Histogram: SegmentationPlatform.DefaultModelDelivery.Metadata.FeatureCount.CrossDeviceUserSegment recorded 1 samples, mean = 4.0 (flags = 0x1)
0  ... 
4  -O                                                                        (1 = 100.0%) {0.0%}
5  ... 

Histogram: SegmentationPlatform.DefaultModelDelivery.Metadata.FeatureCount.DatabaseApiClients recorded 1 samples, mean = 3.0 (flags = 0x1)
0  ... 
3  -O                                                                        (1 = 100.0%) {0.0%}
4  ... 

Histogram: SegmentationPlatform.DefaultModelDelivery.Metadata.FeatureCount.DeviceSwitcher recorded 1 samples, mean = 1.0 (flags = 0x1)
0  O                                                                         (0 = 0.0%)
1  -O                                                                        (1 = 100.0%) {0.0%}
2  ... 

Histogram: SegmentationPlatform.DefaultModelDelivery.Metadata.FeatureCount.PasswordManagerUser recorded 1 samples, mean = 7.0 (flags = 0x1)
0  ... 
7  -O                                                                        (1 = 100.0%) {0.0%}
8  ... 

Histogram: SegmentationPlatform.DefaultModelDelivery.Metadata.FeatureCount.ResumeHeavyUserSegment recorded 1 samples, mean = 5.0 (flags = 0x1)
0  ... 
5  -O                                                                        (1 = 100.0%) {0.0%}
6  ... 

Histogram: SegmentationPlatform.DefaultModelDelivery.Metadata.FeatureCount.SearchUser recorded 1 samples, mean = 2.0 (flags = 0x1)
0  ... 
2  -O                                                                        (1 = 100.0%) {0.0%}
3  ... 

Histogram: SegmentationPlatform.DefaultModelDelivery.Metadata.FeatureCount.ShoppingUser recorded 1 samples, mean = 2.0 (flags = 0x1)
0  ... 
2  -O                                                                        (1 = 100.0%) {0.0%}
3  ... 

Histogram: SegmentationPlatform.DefaultModelDelivery.Metadata.FeatureCount.UrlVisitResumptionRanker recorded 1 samples, mean = 23.0 (flags = 0x1)
0   ... 
23  -O                                                                        (1 = 100.0%) {0.0%}
26  ... 

Histogram: SegmentationPlatform.DefaultModelDelivery.Metadata.Validation.Processed.ChromeLowUserEngagement recorded 1 samples, mean = 0.0 (flags = 0x1)
0  -O                                                                        (1 = 100.0%)
1  ... 

Histogram: SegmentationPlatform.DefaultModelDelivery.Metadata.Validation.Processed.ComposePromotion recorded 1 samples, mean = 0.0 (flags = 0x1)
0  -O                                                                        (1 = 100.0%)
1  ... 

Histogram: SegmentationPlatform.DefaultModelDelivery.Metadata.Validation.Processed.CrossDeviceUserSegment recorded 1 samples, mean = 0.0 (flags = 0x1)
0  -O                                                                        (1 = 100.0%)
1  ... 

Histogram: SegmentationPlatform.DefaultModelDelivery.Metadata.Validation.Processed.DatabaseApiClients recorded 1 samples, mean = 0.0 (flags = 0x1)
0  -O                                                                        (1 = 100.0%)
1  ... 

Histogram: SegmentationPlatform.DefaultModelDelivery.Metadata.Validation.Processed.DeviceSwitcher recorded 1 samples, mean = 0.0 (flags = 0x1)
0  -O                                                                        (1 = 100.0%)
1  ... 

Histogram: SegmentationPlatform.DefaultModelDelivery.Metadata.Validation.Processed.PasswordManagerUser recorded 1 samples, mean = 0.0 (flags = 0x1)
0  -O                                                                        (1 = 100.0%)
1  ... 

Histogram: SegmentationPlatform.DefaultModelDelivery.Metadata.Validation.Processed.ResumeHeavyUserSegment recorded 1 samples, mean = 0.0 (flags = 0x1)
0  -O                                                                        (1 = 100.0%)
1  ... 

Histogram: SegmentationPlatform.DefaultModelDelivery.Metadata.Validation.Processed.SearchUser recorded 1 samples, mean = 0.0 (flags = 0x1)
0  -O                                                                        (1 = 100.0%)
1  ... 

Histogram: SegmentationPlatform.DefaultModelDelivery.Metadata.Validation.Processed.ShoppingUser recorded 1 samples, mean = 0.0 (flags = 0x1)
0  -O                                                                        (1 = 100.0%)
1  ... 

Histogram: SegmentationPlatform.DefaultModelDelivery.Metadata.Validation.Processed.UrlVisitResumptionRanker recorded 1 samples, mean = 0.0 (flags = 0x1)
0  -O                                                                        (1 = 100.0%)
1  ... 

Histogram: SegmentationPlatform.DefaultModelDelivery.Received recorded 10 samples (flags = 0x1)
16    -O                                                                        (1 = 10.0%)
21    -O                                                                        (1 = 10.0%)
23    -O                                                                        (1 = 10.0%)
27    -O                                                                        (1 = 10.0%)
45    -O                                                                        (1 = 10.0%)
46    -O                                                                        (1 = 10.0%)
1001  -O                                                                        (1 = 10.0%)
1004  -O                                                                        (1 = 10.0%)
1007  -O                                                                        (1 = 10.0%)
1009  -O                                                                        (1 = 10.0%)

Histogram: SegmentationPlatform.DefaultModelDelivery.SaveResult.ChromeLowUserEngagement recorded 1 samples, mean = 1.0 (flags = 0x1)
0  O                                                                         (0 = 0.0%)
1  -O                                                                        (1 = 100.0%) {0.0%}
2  O                                                                         (0 = 0.0%) {100.0%}

Histogram: SegmentationPlatform.DefaultModelDelivery.SaveResult.ComposePromotion recorded 1 samples, mean = 1.0 (flags = 0x1)
0  O                                                                         (0 = 0.0%)
1  -O                                                                        (1 = 100.0%) {0.0%}
2  O                                                                         (0 = 0.0%) {100.0%}

Histogram: SegmentationPlatform.DefaultModelDelivery.SaveResult.CrossDeviceUserSegment recorded 1 samples, mean = 1.0 (flags = 0x1)
0  O                                                                         (0 = 0.0%)
1  -O                                                                        (1 = 100.0%) {0.0%}
2  O                                                                         (0 = 0.0%) {100.0%}

Histogram: SegmentationPlatform.DefaultModelDelivery.SaveResult.DatabaseApiClients recorded 1 samples, mean = 1.0 (flags = 0x1)
0  O                                                                         (0 = 0.0%)
1  -O                                                                        (1 = 100.0%) {0.0%}
2  O                                                                         (0 = 0.0%) {100.0%}

Histogram: SegmentationPlatform.DefaultModelDelivery.SaveResult.DeviceSwitcher recorded 1 samples, mean = 1.0 (flags = 0x1)
0  O                                                                         (0 = 0.0%)
1  -O                                                                        (1 = 100.0%) {0.0%}
2  O                                                                         (0 = 0.0%) {100.0%}

Histogram: SegmentationPlatform.DefaultModelDelivery.SaveResult.PasswordManagerUser recorded 1 samples, mean = 1.0 (flags = 0x1)
0  O                                                                         (0 = 0.0%)
1  -O                                                                        (1 = 100.0%) {0.0%}
2  O                                                                         (0 = 0.0%) {100.0%}

Histogram: SegmentationPlatform.DefaultModelDelivery.SaveResult.ResumeHeavyUserSegment recorded 1 samples, mean = 1.0 (flags = 0x1)
0  O                                                                         (0 = 0.0%)
1  -O                                                                        (1 = 100.0%) {0.0%}
2  O                                                                         (0 = 0.0%) {100.0%}

Histogram: SegmentationPlatform.DefaultModelDelivery.SaveResult.SearchUser recorded 1 samples, mean = 1.0 (flags = 0x1)
0  O                                                                         (0 = 0.0%)
1  -O                                                                        (1 = 100.0%) {0.0%}
2  O                                                                         (0 = 0.0%) {100.0%}

Histogram: SegmentationPlatform.DefaultModelDelivery.SaveResult.ShoppingUser recorded 1 samples, mean = 1.0 (flags = 0x1)
0  O                                                                         (0 = 0.0%)
1  -O                                                                        (1 = 100.0%) {0.0%}
2  O                                                                         (0 = 0.0%) {100.0%}

Histogram: SegmentationPlatform.DefaultModelDelivery.SaveResult.UrlVisitResumptionRanker recorded 1 samples, mean = 1.0 (flags = 0x1)
0  O                                                                         (0 = 0.0%)
1  -O                                                                        (1 = 100.0%) {0.0%}
2  O                                                                         (0 = 0.0%) {100.0%}

Histogram: SegmentationPlatform.DefaultModelDelivery.SegmentIdMatches.ChromeLowUserEngagement recorded 1 samples, mean = 1.0 (flags = 0x1)
0  O                                                                         (0 = 0.0%)
1  -O                                                                        (1 = 100.0%) {0.0%}
2  O                                                                         (0 = 0.0%) {100.0%}

Histogram: SegmentationPlatform.DefaultModelDelivery.SegmentIdMatches.ComposePromotion recorded 1 samples, mean = 1.0 (flags = 0x1)
0  O                                                                         (0 = 0.0%)
1  -O                                                                        (1 = 100.0%) {0.0%}
2  O                                                                         (0 = 0.0%) {100.0%}

Histogram: SegmentationPlatform.DefaultModelDelivery.SegmentIdMatches.CrossDeviceUserSegment recorded 1 samples, mean = 1.0 (flags = 0x1)
0  O                                                                         (0 = 0.0%)
1  -O                                                                        (1 = 100.0%) {0.0%}
2  O                                                                         (0 = 0.0%) {100.0%}

Histogram: SegmentationPlatform.DefaultModelDelivery.SegmentIdMatches.DatabaseApiClients recorded 1 samples, mean = 1.0 (flags = 0x1)
0  O                                                                         (0 = 0.0%)
1  -O                                                                        (1 = 100.0%) {0.0%}
2  O                                                                         (0 = 0.0%) {100.0%}

Histogram: SegmentationPlatform.DefaultModelDelivery.SegmentIdMatches.DeviceSwitcher recorded 1 samples, mean = 1.0 (flags = 0x1)
0  O                                                                         (0 = 0.0%)
1  -O                                                                        (1 = 100.0%) {0.0%}
2  O                                                                         (0 = 0.0%) {100.0%}

Histogram: SegmentationPlatform.DefaultModelDelivery.SegmentIdMatches.PasswordManagerUser recorded 1 samples, mean = 1.0 (flags = 0x1)
0  O                                                                         (0 = 0.0%)
1  -O                                                                        (1 = 100.0%) {0.0%}
2  O                                                                         (0 = 0.0%) {100.0%}

Histogram: SegmentationPlatform.DefaultModelDelivery.SegmentIdMatches.ResumeHeavyUserSegment recorded 1 samples, mean = 1.0 (flags = 0x1)
0  O                                                                         (0 = 0.0%)
1  -O                                                                        (1 = 100.0%) {0.0%}
2  O                                                                         (0 = 0.0%) {100.0%}

Histogram: SegmentationPlatform.DefaultModelDelivery.SegmentIdMatches.SearchUser recorded 1 samples, mean = 1.0 (flags = 0x1)
0  O                                                                         (0 = 0.0%)
1  -O                                                                        (1 = 100.0%) {0.0%}
2  O                                                                         (0 = 0.0%) {100.0%}

Histogram: SegmentationPlatform.DefaultModelDelivery.SegmentIdMatches.ShoppingUser recorded 1 samples, mean = 1.0 (flags = 0x1)
0  O                                                                         (0 = 0.0%)
1  -O                                                                        (1 = 100.0%) {0.0%}
2  O                                                                         (0 = 0.0%) {100.0%}

Histogram: SegmentationPlatform.DefaultModelDelivery.SegmentIdMatches.UrlVisitResumptionRanker recorded 1 samples, mean = 1.0 (flags = 0x1)
0  O                                                                         (0 = 0.0%)
1  -O                                                                        (1 = 100.0%) {0.0%}
2  O                                                                         (0 = 0.0%) {100.0%}

Histogram: SegmentationPlatform.DeviceSwitcher.PostProcessing.TopLabel.Computed recorded 1 samples (flags = 0x1)
7  -O                                                                        (1 = 100.0%)

Histogram: SegmentationPlatform.FeatureProcessing.Error.CrossDeviceUserSegment recorded 1 samples, mean = 7.0 (flags = 0x1)
0  ... 
7  -O                                                                        (1 = 100.0%) {0.0%}
8  O                                                                         (0 = 0.0%) {100.0%}

Histogram: SegmentationPlatform.FeatureProcessing.Error.DeviceSwitcher recorded 1 samples, mean = 7.0 (flags = 0x1)
0  ... 
7  -O                                                                        (1 = 100.0%) {0.0%}
8  O                                                                         (0 = 0.0%) {100.0%}

Histogram: SegmentationPlatform.FeatureProcessing.Error.PasswordManagerUser recorded 1 samples, mean = 7.0 (flags = 0x1)
0  ... 
7  -O                                                                        (1 = 100.0%) {0.0%}
8  O                                                                         (0 = 0.0%) {100.0%}

Histogram: SegmentationPlatform.FeatureProcessing.Error.ResumeHeavyUserSegment recorded 1 samples, mean = 7.0 (flags = 0x1)
0  ... 
7  -O                                                                        (1 = 100.0%) {0.0%}
8  O                                                                         (0 = 0.0%) {100.0%}

Histogram: SegmentationPlatform.FeatureProcessing.Error.SearchUser recorded 1 samples, mean = 7.0 (flags = 0x1)
0  ... 
7  -O                                                                        (1 = 100.0%) {0.0%}
8  O                                                                         (0 = 0.0%) {100.0%}

Histogram: SegmentationPlatform.FeatureProcessing.Error.ShoppingUser recorded 1 samples, mean = 7.0 (flags = 0x1)
0  ... 
7  -O                                                                        (1 = 100.0%) {0.0%}
8  O                                                                         (0 = 0.0%) {100.0%}

Histogram: SegmentationPlatform.Init.CreationToInitializationLatency recorded 1 samples, mean = 3570.0 (flags = 0x1)
0     ... 
3069  -O                                                                        (1 = 100.0%) {0.0%}
3900  ... 

Histogram: SegmentationPlatform.Init.ModelUpdatedTimeDifferenceInDays.ChromeLowUserEngagement recorded 1 samples, mean = 22.0 (flags = 0x1)
0   ... 
20  -O                                                                        (1 = 100.0%) {0.0%}
23  ... 

Histogram: SegmentationPlatform.Init.ModelUpdatedTimeDifferenceInDays.ComposePromotion recorded 1 samples, mean = 22.0 (flags = 0x1)
0   ... 
20  -O                                                                        (1 = 100.0%) {0.0%}
23  ... 

Histogram: SegmentationPlatform.Init.ModelUpdatedTimeDifferenceInDays.CrossDeviceUserSegment recorded 1 samples, mean = 22.0 (flags = 0x1)
0   ... 
20  -O                                                                        (1 = 100.0%) {0.0%}
23  ... 

Histogram: SegmentationPlatform.Init.ModelUpdatedTimeDifferenceInDays.DatabaseApiClients recorded 1 samples, mean = 22.0 (flags = 0x1)
0   ... 
20  -O                                                                        (1 = 100.0%) {0.0%}
23  ... 

Histogram: SegmentationPlatform.Init.ModelUpdatedTimeDifferenceInDays.DeviceSwitcher recorded 1 samples, mean = 22.0 (flags = 0x1)
0   ... 
20  -O                                                                        (1 = 100.0%) {0.0%}
23  ... 

Histogram: SegmentationPlatform.Init.ModelUpdatedTimeDifferenceInDays.PasswordManagerUser recorded 1 samples, mean = 22.0 (flags = 0x1)
0   ... 
20  -O                                                                        (1 = 100.0%) {0.0%}
23  ... 

Histogram: SegmentationPlatform.Init.ModelUpdatedTimeDifferenceInDays.ResumeHeavyUserSegment recorded 1 samples, mean = 22.0 (flags = 0x1)
0   ... 
20  -O                                                                        (1 = 100.0%) {0.0%}
23  ... 

Histogram: SegmentationPlatform.Init.ModelUpdatedTimeDifferenceInDays.SearchUser recorded 1 samples, mean = 22.0 (flags = 0x1)
0   ... 
20  -O                                                                        (1 = 100.0%) {0.0%}
23  ... 

Histogram: SegmentationPlatform.Init.ModelUpdatedTimeDifferenceInDays.ShoppingUser recorded 1 samples, mean = 22.0 (flags = 0x1)
0   ... 
20  -O                                                                        (1 = 100.0%) {0.0%}
23  ... 

Histogram: SegmentationPlatform.Init.ModelUpdatedTimeDifferenceInDays.UrlVisitResumptionRanker recorded 1 samples, mean = 22.0 (flags = 0x1)
0   ... 
20  -O                                                                        (1 = 100.0%) {0.0%}
23  ... 

Histogram: SegmentationPlatform.Init.ProcessCreationToServiceCreationLatency recorded 1 samples, mean = 697343488.0 (flags = 0x1)
0       ... 
180000  -O                                                                        (1 = 100.0%) {0.0%}

Histogram: SegmentationPlatform.Maintenance.CleanupSignalSuccessCount recorded 1 samples, mean = 5.0 (flags = 0x1)
0  ... 
5  -O                                                                        (1 = 100.0%) {0.0%}
6  ... 

Histogram: SegmentationPlatform.Maintenance.CompactionResult.HistogramEnum recorded 14 samples, mean = 1.0 (flags = 0x1)
0  O                                                                         (0 = 0.0%)
1  --------------O                                                           (14 = 100.0%) {0.0%}
2  O                                                                         (0 = 0.0%) {100.0%}

Histogram: SegmentationPlatform.Maintenance.CompactionResult.HistogramValue recorded 12 samples, mean = 1.0 (flags = 0x1)
0  O                                                                         (0 = 0.0%)
1  ------------O                                                             (12 = 100.0%) {0.0%}
2  O                                                                         (0 = 0.0%) {100.0%}

Histogram: SegmentationPlatform.Maintenance.CompactionResult.UserAction recorded 14 samples, mean = 1.0 (flags = 0x1)
0  O                                                                         (0 = 0.0%)
1  --------------O                                                           (14 = 100.0%) {0.0%}
2  O                                                                         (0 = 0.0%) {100.0%}

Histogram: SegmentationPlatform.Maintenance.SignalIdentifierCount recorded 1 samples, mean = 20.0 (flags = 0x1)
0   ... 
20  -O                                                                        (1 = 100.0%) {0.0%}
23  ... 

Histogram: SegmentationPlatform.ModelAvailability.ChromeLowUserEngagement recorded 1 samples, mean = 0.0 (flags = 0x1)
0  -O                                                                        (1 = 100.0%)
1  ... 

Histogram: SegmentationPlatform.ModelAvailability.ComposePromotion recorded 1 samples, mean = 0.0 (flags = 0x1)
0  -O                                                                        (1 = 100.0%)
1  ... 

Histogram: SegmentationPlatform.ModelAvailability.DeviceSwitcher recorded 1 samples, mean = 0.0 (flags = 0x1)
0  -O                                                                        (1 = 100.0%)
1  ... 

Histogram: SegmentationPlatform.ModelAvailability.SearchUser recorded 1 samples, mean = 0.0 (flags = 0x1)
0  -O                                                                        (1 = 100.0%)
1  ... 

Histogram: SegmentationPlatform.ModelAvailability.ShoppingUser recorded 1 samples, mean = 0.0 (flags = 0x1)
0  -O                                                                        (1 = 100.0%)
1  ... 

Histogram: SegmentationPlatform.ModelAvailability.UrlVisitResumptionRanker recorded 1 samples, mean = 0.0 (flags = 0x1)
0  -O                                                                        (1 = 100.0%)
1  ... 

Histogram: SegmentationPlatform.ModelAvailability.WebAppInstallationPromo recorded 1 samples, mean = 0.0 (flags = 0x1)
0  -O                                                                        (1 = 100.0%)
1  ... 

Histogram: SegmentationPlatform.ModelExecution.DefaultProvider.Status.CrossDeviceUserSegment recorded 1 samples, mean = 0.0 (flags = 0x1)
0  -O                                                                        (1 = 100.0%)
1  ... 

Histogram: SegmentationPlatform.ModelExecution.DefaultProvider.Status.DeviceSwitcher recorded 1 samples, mean = 0.0 (flags = 0x1)
0  -O                                                                        (1 = 100.0%)
1  ... 

Histogram: SegmentationPlatform.ModelExecution.DefaultProvider.Status.PasswordManagerUser recorded 1 samples, mean = 0.0 (flags = 0x1)
0  -O                                                                        (1 = 100.0%)
1  ... 

Histogram: SegmentationPlatform.ModelExecution.DefaultProvider.Status.ResumeHeavyUserSegment recorded 1 samples, mean = 0.0 (flags = 0x1)
0  -O                                                                        (1 = 100.0%)
1  ... 

Histogram: SegmentationPlatform.ModelExecution.DefaultProvider.Status.SearchUser recorded 1 samples, mean = 0.0 (flags = 0x1)
0  -O                                                                        (1 = 100.0%)
1  ... 

Histogram: SegmentationPlatform.ModelExecution.DefaultProvider.Status.ShoppingUser recorded 1 samples, mean = 0.0 (flags = 0x1)
0  -O                                                                        (1 = 100.0%)
1  ... 

Histogram: SegmentationPlatform.ModelExecution.Duration.FeatureProcessing.CrossDeviceUserSegment recorded 4 samples, mean = 0.0 (flags = 0x1)
0  ----O                                                                     (4 = 100.0%)
1  ... 

Histogram: SegmentationPlatform.ModelExecution.Duration.FeatureProcessing.PasswordManagerUser recorded 7 samples, mean = 0.0 (flags = 0x1)
0  -------O                                                                  (7 = 100.0%)
1  ... 

Histogram: SegmentationPlatform.ModelExecution.Duration.FeatureProcessing.ResumeHeavyUserSegment recorded 5 samples, mean = 0.0 (flags = 0x1)
0  -----O                                                                    (5 = 100.0%)
1  ... 

Histogram: SegmentationPlatform.ModelExecution.Duration.FeatureProcessing.SearchUser recorded 1 samples, mean = 0.0 (flags = 0x1)
0  -O                                                                        (1 = 100.0%)
1  ... 

Histogram: SegmentationPlatform.ModelExecution.Duration.FeatureProcessing.ShoppingUser recorded 2 samples, mean = 0.0 (flags = 0x1)
0  --O                                                                       (2 = 100.0%)
1  ... 

Histogram: SegmentationPlatform.ModelExecution.Duration.Model.CrossDeviceUserSegment.Success recorded 1 samples, mean = 0.0 (flags = 0x1)
0  -O                                                                        (1 = 100.0%)
1  ... 

Histogram: SegmentationPlatform.ModelExecution.Duration.Model.DeviceSwitcher.Success recorded 1 samples, mean = 0.0 (flags = 0x1)
0  -O                                                                        (1 = 100.0%)
1  ... 

Histogram: SegmentationPlatform.ModelExecution.Duration.Model.PasswordManagerUser.Success recorded 1 samples, mean = 0.0 (flags = 0x1)
0  -O                                                                        (1 = 100.0%)
1  ... 

Histogram: SegmentationPlatform.ModelExecution.Duration.Model.ResumeHeavyUserSegment.Success recorded 1 samples, mean = 0.0 (flags = 0x1)
0  -O                                                                        (1 = 100.0%)
1  ... 

Histogram: SegmentationPlatform.ModelExecution.Duration.Model.SearchUser.Success recorded 1 samples, mean = 0.0 (flags = 0x1)
0  -O                                                                        (1 = 100.0%)
1  ... 

Histogram: SegmentationPlatform.ModelExecution.Duration.Model.ShoppingUser.Success recorded 1 samples, mean = 0.0 (flags = 0x1)
0  -O                                                                        (1 = 100.0%)
1  ... 

Histogram: SegmentationPlatform.ModelExecution.Duration.Total.CrossDeviceUserSegment.Success recorded 1 samples, mean = 32.0 (flags = 0x1)
0   ... 
29  -O                                                                        (1 = 100.0%) {0.0%}
34  ... 

Histogram: SegmentationPlatform.ModelExecution.Duration.Total.DeviceSwitcher.Success recorded 1 samples, mean = 60030.0 (flags = 0x1)
0      ... 
10000  -O                                                                        (1 = 100.0%) {0.0%}

Histogram: SegmentationPlatform.ModelExecution.Duration.Total.PasswordManagerUser.Success recorded 1 samples, mean = 64.0 (flags = 0x1)
0   ... 
57  -O                                                                        (1 = 100.0%) {0.0%}
68  ... 

Histogram: SegmentationPlatform.ModelExecution.Duration.Total.ResumeHeavyUserSegment.Success recorded 1 samples, mean = 47.0 (flags = 0x1)
0   ... 
40  -O                                                                        (1 = 100.0%) {0.0%}
48  ... 

Histogram: SegmentationPlatform.ModelExecution.Duration.Total.SearchUser.Success recorded 1 samples, mean = 18.0 (flags = 0x1)
0   ... 
17  -O                                                                        (1 = 100.0%) {0.0%}
20  ... 

Histogram: SegmentationPlatform.ModelExecution.Duration.Total.ShoppingUser.Success recorded 1 samples, mean = 18.0 (flags = 0x1)
0   ... 
17  -O                                                                        (1 = 100.0%) {0.0%}
20  ... 

Histogram: SegmentationPlatform.ModelExecution.Result.0.CrossDeviceUserSegment recorded 1 samples, mean = 1.0 (flags = 0x1)
0  O                                                                         (0 = 0.0%)
1  -O                                                                        (1 = 100.0%) {0.0%}
2  ... 

Histogram: SegmentationPlatform.ModelExecution.Result.0.DeviceSwitcher recorded 1 samples, mean = 0.0 (flags = 0x1)
0  -O                                                                        (1 = 100.0%)
1  ... 

Histogram: SegmentationPlatform.ModelExecution.Result.0.PasswordManagerUser recorded 1 samples, mean = 0.0 (flags = 0x1)
0  -O                                                                        (1 = 100.0%)
1  ... 

Histogram: SegmentationPlatform.ModelExecution.Result.0.ResumeHeavyUserSegment recorded 1 samples, mean = 0.0 (flags = 0x1)
0  -O                                                                        (1 = 100.0%)
1  ... 

Histogram: SegmentationPlatform.ModelExecution.Result.0.SearchUser recorded 1 samples, mean = 0.0 (flags = 0x1)
0  -O                                                                        (1 = 100.0%)
1  ... 

Histogram: SegmentationPlatform.ModelExecution.Result.0.ShoppingUser recorded 1 samples, mean = 0.0 (flags = 0x1)
0  -O                                                                        (1 = 100.0%)
1  ... 

Histogram: SegmentationPlatform.ModelExecution.Result.1.DeviceSwitcher recorded 1 samples, mean = 0.0 (flags = 0x1)
0  -O                                                                        (1 = 100.0%)
1  ... 

Histogram: SegmentationPlatform.ModelExecution.Result.2.DeviceSwitcher recorded 1 samples, mean = 0.0 (flags = 0x1)
0  -O                                                                        (1 = 100.0%)
1  ... 

Histogram: SegmentationPlatform.ModelExecution.Result.3.DeviceSwitcher recorded 1 samples, mean = 0.0 (flags = 0x1)
0  -O                                                                        (1 = 100.0%)
1  ... 

Histogram: SegmentationPlatform.ModelExecution.Result.4.DeviceSwitcher recorded 1 samples, mean = 0.0 (flags = 0x1)
0  -O                                                                        (1 = 100.0%)
1  ... 

Histogram: SegmentationPlatform.ModelExecution.Result.5.DeviceSwitcher recorded 1 samples, mean = 0.0 (flags = 0x1)
0  -O                                                                        (1 = 100.0%)
1  ... 

Histogram: SegmentationPlatform.ModelExecution.Result.6.DeviceSwitcher recorded 1 samples, mean = 0.0 (flags = 0x1)
0  -O                                                                        (1 = 100.0%)
1  ... 

Histogram: SegmentationPlatform.ModelExecution.Result.7.DeviceSwitcher recorded 1 samples, mean = 100.0 (flags = 0x1)
0    ... 
100  -O                                                                        (1 = 100.0%) {0.0%}
101  O                                                                         (0 = 0.0%) {100.0%}

Histogram: SegmentationPlatform.ModelExecution.SaveResult.CrossDeviceUserSegment recorded 1 samples, mean = 1.0 (flags = 0x1)
0  O                                                                         (0 = 0.0%)
1  -O                                                                        (1 = 100.0%) {0.0%}
2  O                                                                         (0 = 0.0%) {100.0%}

Histogram: SegmentationPlatform.ModelExecution.SaveResult.PasswordManagerUser recorded 1 samples, mean = 1.0 (flags = 0x1)
0  O                                                                         (0 = 0.0%)
1  -O                                                                        (1 = 100.0%) {0.0%}
2  O                                                                         (0 = 0.0%) {100.0%}

Histogram: SegmentationPlatform.ModelExecution.SaveResult.ResumeHeavyUserSegment recorded 1 samples, mean = 1.0 (flags = 0x1)
0  O                                                                         (0 = 0.0%)
1  -O                                                                        (1 = 100.0%) {0.0%}
2  O                                                                         (0 = 0.0%) {100.0%}

Histogram: SegmentationPlatform.ModelExecution.SaveResult.SearchUser recorded 1 samples, mean = 1.0 (flags = 0x1)
0  O                                                                         (0 = 0.0%)
1  -O                                                                        (1 = 100.0%) {0.0%}
2  O                                                                         (0 = 0.0%) {100.0%}

Histogram: SegmentationPlatform.ModelExecution.SaveResult.ShoppingUser recorded 1 samples, mean = 1.0 (flags = 0x1)
0  O                                                                         (0 = 0.0%)
1  -O                                                                        (1 = 100.0%) {0.0%}
2  O                                                                         (0 = 0.0%) {100.0%}

Histogram: SegmentationPlatform.ModelExecution.ZeroValuePercent.CrossDeviceUserSegment recorded 1 samples, mean = 100.0 (flags = 0x1)
0    ... 
100  -O                                                                        (1 = 100.0%) {0.0%}
101  O                                                                         (0 = 0.0%) {100.0%}

Histogram: SegmentationPlatform.ModelExecution.ZeroValuePercent.DeviceSwitcher recorded 1 samples, mean = 90.0 (flags = 0x1)
0   ... 
90  -O                                                                        (1 = 100.0%) {0.0%}
91  ... 

Histogram: SegmentationPlatform.ModelExecution.ZeroValuePercent.PasswordManagerUser recorded 1 samples, mean = 100.0 (flags = 0x1)
0    ... 
100  -O                                                                        (1 = 100.0%) {0.0%}
101  O                                                                         (0 = 0.0%) {100.0%}

Histogram: SegmentationPlatform.ModelExecution.ZeroValuePercent.ResumeHeavyUserSegment recorded 1 samples, mean = 100.0 (flags = 0x1)
0    ... 
100  -O                                                                        (1 = 100.0%) {0.0%}
101  O                                                                         (0 = 0.0%) {100.0%}

Histogram: SegmentationPlatform.ModelExecution.ZeroValuePercent.SearchUser recorded 1 samples, mean = 100.0 (flags = 0x1)
0    ... 
100  -O                                                                        (1 = 100.0%) {0.0%}
101  O                                                                         (0 = 0.0%) {100.0%}

Histogram: SegmentationPlatform.ModelExecution.ZeroValuePercent.ShoppingUser recorded 1 samples, mean = 100.0 (flags = 0x1)
0    ... 
100  -O                                                                        (1 = 100.0%) {0.0%}
101  O                                                                         (0 = 0.0%) {100.0%}

Histogram: SegmentationPlatform.PasswordManagerUser.PostProcessing.TopLabel.Computed recorded 1 samples (flags = 0x1)
0  -O                                                                        (1 = 100.0%)

Histogram: SegmentationPlatform.ResumeHeavyUser.PostProcessing.TopLabel.Computed recorded 1 samples (flags = 0x1)
0  -O                                                                        (1 = 100.0%)

Histogram: SegmentationPlatform.SearchUser.PostProcessing.TopLabel.Computed recorded 1 samples (flags = 0x1)
-1 -O                                                                        (1 = 100.0%)

Histogram: SegmentationPlatform.SegmentInfoDatabase.ProtoDBUpdateResult.ChromeLowUserEngagement recorded 1 samples, mean = 1.0 (flags = 0x1)
0  O                                                                         (0 = 0.0%)
1  -O                                                                        (1 = 100.0%) {0.0%}
2  O                                                                         (0 = 0.0%) {100.0%}

Histogram: SegmentationPlatform.SegmentInfoDatabase.ProtoDBUpdateResult.ComposePromotion recorded 1 samples, mean = 1.0 (flags = 0x1)
0  O                                                                         (0 = 0.0%)
1  -O                                                                        (1 = 100.0%) {0.0%}
2  O                                                                         (0 = 0.0%) {100.0%}

Histogram: SegmentationPlatform.SegmentInfoDatabase.ProtoDBUpdateResult.CrossDeviceUserSegment recorded 2 samples, mean = 1.0 (flags = 0x1)
0  O                                                                         (0 = 0.0%)
1  --O                                                                       (2 = 100.0%) {0.0%}
2  O                                                                         (0 = 0.0%) {100.0%}

Histogram: SegmentationPlatform.SegmentInfoDatabase.ProtoDBUpdateResult.DatabaseApiClients recorded 1 samples, mean = 1.0 (flags = 0x1)
0  O                                                                         (0 = 0.0%)
1  -O                                                                        (1 = 100.0%) {0.0%}
2  O                                                                         (0 = 0.0%) {100.0%}

Histogram: SegmentationPlatform.SegmentInfoDatabase.ProtoDBUpdateResult.DeviceSwitcher recorded 1 samples, mean = 1.0 (flags = 0x1)
0  O                                                                         (0 = 0.0%)
1  -O                                                                        (1 = 100.0%) {0.0%}
2  O                                                                         (0 = 0.0%) {100.0%}

Histogram: SegmentationPlatform.SegmentInfoDatabase.ProtoDBUpdateResult.PasswordManagerUser recorded 2 samples, mean = 1.0 (flags = 0x1)
0  O                                                                         (0 = 0.0%)
1  --O                                                                       (2 = 100.0%) {0.0%}
2  O                                                                         (0 = 0.0%) {100.0%}

Histogram: SegmentationPlatform.SegmentInfoDatabase.ProtoDBUpdateResult.ResumeHeavyUserSegment recorded 2 samples, mean = 1.0 (flags = 0x1)
0  O                                                                         (0 = 0.0%)
1  --O                                                                       (2 = 100.0%) {0.0%}
2  O                                                                         (0 = 0.0%) {100.0%}

Histogram: SegmentationPlatform.SegmentInfoDatabase.ProtoDBUpdateResult.SearchUser recorded 2 samples, mean = 1.0 (flags = 0x1)
0  O                                                                         (0 = 0.0%)
1  --O                                                                       (2 = 100.0%) {0.0%}
2  O                                                                         (0 = 0.0%) {100.0%}

Histogram: SegmentationPlatform.SegmentInfoDatabase.ProtoDBUpdateResult.ShoppingUser recorded 2 samples, mean = 1.0 (flags = 0x1)
0  O                                                                         (0 = 0.0%)
1  --O                                                                       (2 = 100.0%) {0.0%}
2  O                                                                         (0 = 0.0%) {100.0%}

Histogram: SegmentationPlatform.SegmentInfoDatabase.ProtoDBUpdateResult.UrlVisitResumptionRanker recorded 1 samples, mean = 1.0 (flags = 0x1)
0  O                                                                         (0 = 0.0%)
1  -O                                                                        (1 = 100.0%) {0.0%}
2  O                                                                         (0 = 0.0%) {100.0%}

Histogram: SegmentationPlatform.SegmentInfoDatabase.ProtoDBUpdateResult.WebAppInstallationPromo recorded 1 samples, mean = 1.0 (flags = 0x1)
0  O                                                                         (0 = 0.0%)
1  -O                                                                        (1 = 100.0%) {0.0%}
2  O                                                                         (0 = 0.0%) {100.0%}

Histogram: SegmentationPlatform.SelectionFailedReason.ChromeLowUserEngagement recorded 2 samples, mean = 14.5 (flags = 0x1)
0   ... 
12  -O                                                                        (1 = 50.0%) {0.0%}
13  ... 
17  -O                                                                        (1 = 50.0%) {50.0%}
18  ... 

Histogram: SegmentationPlatform.SelectionFailedReason.ComposePromotion recorded 1 samples, mean = 17.0 (flags = 0x1)
0   ... 
17  -O                                                                        (1 = 100.0%) {0.0%}
18  ... 

Histogram: SegmentationPlatform.SelectionFailedReason.CrossDeviceUser recorded 3 samples, mean = 18.3 (flags = 0x1)
0   ... 
16  -O                                                                        (1 = 33.3%) {0.0%}
17  O                                                                         (0 = 0.0%) {33.3%}
18  -O                                                                        (1 = 33.3%) {33.3%}
19  ... 
21  -O                                                                        (1 = 33.3%) {66.7%}
22  ... 

Histogram: SegmentationPlatform.SelectionFailedReason.DatabaseApiClients recorded 1 samples, mean = 17.0 (flags = 0x1)
0   ... 
17  -O                                                                        (1 = 100.0%) {0.0%}
18  ... 

Histogram: SegmentationPlatform.SelectionFailedReason.DeviceSwitcher recorded 2 samples, mean = 19.0 (flags = 0x1)
0   ... 
17  -O                                                                        (1 = 50.0%) {0.0%}
18  ... 
21  -O                                                                        (1 = 50.0%) {50.0%}
22  ... 

Histogram: SegmentationPlatform.SelectionFailedReason.PasswordManagerUser recorded 3 samples, mean = 18.3 (flags = 0x1)
0   ... 
16  -O                                                                        (1 = 33.3%) {0.0%}
17  O                                                                         (0 = 0.0%) {33.3%}
18  -O                                                                        (1 = 33.3%) {33.3%}
19  ... 
21  -O                                                                        (1 = 33.3%) {66.7%}
22  ... 

Histogram: SegmentationPlatform.SelectionFailedReason.ResumeHeavyUser recorded 3 samples, mean = 18.7 (flags = 0x1)
0   ... 
16  -O                                                                        (1 = 33.3%) {0.0%}
17  ... 
19  -O                                                                        (1 = 33.3%) {33.3%}
20  O                                                                         (0 = 0.0%) {66.7%}
21  -O                                                                        (1 = 33.3%) {66.7%}
22  ... 

Histogram: SegmentationPlatform.SelectionFailedReason.SearchUser recorded 3 samples, mean = 18.3 (flags = 0x1)
0   ... 
16  -O                                                                        (1 = 33.3%) {0.0%}
17  O                                                                         (0 = 0.0%) {33.3%}
18  -O                                                                        (1 = 33.3%) {33.3%}
19  ... 
21  -O                                                                        (1 = 33.3%) {66.7%}
22  ... 

Histogram: SegmentationPlatform.SelectionFailedReason.ShoppingUser recorded 3 samples, mean = 18.3 (flags = 0x1)
0   ... 
16  -O                                                                        (1 = 33.3%) {0.0%}
17  O                                                                         (0 = 0.0%) {33.3%}
18  -O                                                                        (1 = 33.3%) {33.3%}
19  ... 
21  -O                                                                        (1 = 33.3%) {66.7%}
22  ... 

Histogram: SegmentationPlatform.SelectionFailedReason.URLVisitResumptionRanker recorded 1 samples, mean = 17.0 (flags = 0x1)
0   ... 
17  -O                                                                        (1 = 100.0%) {0.0%}
18  ... 

Histogram: SegmentationPlatform.SelectionFailedReason.WebAppInstallationPromo recorded 1 samples, mean = 17.0 (flags = 0x1)
0   ... 
17  -O                                                                        (1 = 100.0%) {0.0%}
18  ... 

Histogram: SegmentationPlatform.ShoppingUser.PostProcessing.TopLabel.Computed recorded 1 samples (flags = 0x1)
0  -O                                                                        (1 = 100.0%)

Histogram: SegmentationPlatform.SignalDatabase.GetSamples.DatabaseEntryCount recorded 19 samples, mean = 0.4 (flags = 0x1)
0  ------------------O                                                       (18 = 94.7%)
1  ... 
7  -O                                                                        (1 = 5.3%) {94.7%}
8  ... 

Histogram: SegmentationPlatform.SignalDatabase.GetSamples.Result recorded 19 samples, mean = 1.0 (flags = 0x1)
0  O                                                                         (0 = 0.0%)
1  -------------------O                                                      (19 = 100.0%) {0.0%}
2  O                                                                         (0 = 0.0%) {100.0%}

Histogram: SegmentationPlatform.SignalDatabase.GetSamples.SampleCount recorded 19 samples, mean = 0.4 (flags = 0x1)
0  ------------------O                                                       (18 = 94.7%)
1  ... 
7  -O                                                                        (1 = 5.3%) {94.7%}
8  ... 

Histogram: SegmentationPlatform.Signals.ListeningCount.HistogramEnum recorded 1 samples, mean = 7.0 (flags = 0x1)
0  ... 
7  -O                                                                        (1 = 100.0%) {0.0%}
8  ... 

Histogram: SegmentationPlatform.Signals.ListeningCount.HistogramValue recorded 1 samples, mean = 6.0 (flags = 0x1)
0  ... 
6  -O                                                                        (1 = 100.0%) {0.0%}
7  ... 

Histogram: SegmentationPlatform.Signals.ListeningCount.UserAction recorded 1 samples, mean = 7.0 (flags = 0x1)
0  ... 
7  -O                                                                        (1 = 100.0%) {0.0%}
8  ... 

Histogram: SegmentationPlatform.SyncSessions.TabsCountAtStartup recorded 1 samples, mean = 0.0 (flags = 0x1)
0  -O                                                                        (1 = 100.0%)
1  ... 

Histogram: SegmentationPlatform.UkmDatabase.InitTime recorded 1 samples, mean = 5.0 (flags = 0x1)
0  ... 
5  -O                                                                        (1 = 100.0%) {0.0%}
6  ... 

Histogram: ServiceWorker.FindRegistrationForClientUrl.IsCalledForNavigation recorded 5 samples, mean = 0.2 (flags = 0x1)
0  ----O                                                                     (4 = 80.0%)
1  -O                                                                        (1 = 20.0%) {80.0%}
2  O                                                                         (0 = 0.0%) {100.0%}

Histogram: ServiceWorker.FindRegistrationForClientUrl.SkippedMojoCall.OnNavigation recorded 1 samples, mean = 0.0 (flags = 0x1)
0  -O                                                                        (1 = 100.0%)
1  ... 

Histogram: ServiceWorker.OnBrowserStartup.SkipServiceWorkerOnFirstNavigation recorded 1 samples, mean = 0.0 (flags = 0x1)
0  -O                                                                        (1 = 100.0%)
1  ... 

Histogram: ServiceWorker.RegisteredStorageKeyCount recorded 1 samples, mean = 0.0 (flags = 0x1)
0  -O                                                                        (1 = 100.0%)
1  ... 

Histogram: ServiceWorker.Storage.ReadInitialDataFromDB.Time recorded 1 samples, mean = 0.0 (flags = 0x1)
0  -O                                                                        (1 = 100.0%)
1  ... 

Histogram: ServiceWorker.Storage.RegisteredStorageKeyCacheInitialization.Time recorded 1 samples, mean = 3001.0 (flags = 0x1)
0     ... 
2415  -O                                                                        (1 = 100.0%) {0.0%}
3069  ... 

Histogram: SessionRestore.UnrecoverableWriteErrorCount recorded 1 samples, mean = 0.0 (flags = 0x1)
0  -O                                                                        (1 = 100.0%)
1  ... 

Histogram: SessionStorageContext.CommitResult recorded 2 samples, mean = 0.0 (flags = 0x1)
0  --O                                                                       (2 = 100.0%)
1  ... 

Histogram: Settings.AdvancedSpellcheck.OnStartup2 recorded 1 samples, mean = 0.0 (flags = 0x1)
0  -O                                                                        (1 = 100.0%)
1  ... 

Histogram: Settings.AutocompleteSearches.OnStartup2 recorded 1 samples, mean = 1.0 (flags = 0x1)
0  O                                                                         (0 = 0.0%)
1  -O                                                                        (1 = 100.0%) {0.0%}
2  O                                                                         (0 = 0.0%) {100.0%}

Histogram: Settings.FingerprintingProtection.Enabled recorded 1 samples, mean = 0.0 (flags = 0x1)
0  -O                                                                        (1 = 100.0%)
1  ... 

Histogram: Settings.FirstPartySets.State recorded 1 samples, mean = 0.0 (flags = 0x1)
0  -O                                                                        (1 = 100.0%)
1  ... 

Histogram: Settings.IpProtection.Enabled recorded 1 samples, mean = 0.0 (flags = 0x1)
0  -O                                                                        (1 = 100.0%)
1  ... 

Histogram: Settings.PreloadStatus.OnStartup3 recorded 1 samples, mean = 1.0 (flags = 0x1)
0  O                                                                         (0 = 0.0%)
1  -O                                                                        (1 = 100.0%) {0.0%}
2  ... 

Histogram: Settings.PrivacySandbox.AdMeasurement.Enabled recorded 1 samples, mean = 0.0 (flags = 0x1)
0  -O                                                                        (1 = 100.0%)
1  ... 

Histogram: Settings.PrivacySandbox.Fledge.Enabled recorded 1 samples, mean = 0.0 (flags = 0x1)
0  -O                                                                        (1 = 100.0%)
1  ... 

Histogram: Settings.PrivacySandbox.Topics.Enabled recorded 1 samples, mean = 0.0 (flags = 0x1)
0  -O                                                                        (1 = 100.0%)
1  ... 

Histogram: Settings.ShowHomeButton2 recorded 1 samples, mean = 0.0 (flags = 0x1)
0  -O                                                                        (1 = 100.0%)
1  ... 

Histogram: Settings.StartupPageLoadSettings2 recorded 1 samples, mean = 5.0 (flags = 0x1)
0  ... 
5  -O                                                                        (1 = 100.0%) {0.0%}
6  ... 

Histogram: Settings.TrackedPreferenceChanged.FromRegistry recorded 1 samples, mean = 5.0 (flags = 0x1)
0  ... 
5  -O                                                                        (1 = 100.0%) {0.0%}
6  ... 

Histogram: Settings.TrackedPreferenceUnchanged recorded 18 samples, mean = 14.5 (flags = 0x1)
0   -O                                                                        (1 = 5.6%)
1   -O                                                                        (1 = 5.6%) {5.6%}
2   -O                                                                        (1 = 5.6%) {11.1%}
3   -O                                                                        (1 = 5.6%) {16.7%}
4   -O                                                                        (1 = 5.6%) {22.2%}
5   -O                                                                        (1 = 5.6%) {27.8%}
6   -O                                                                        (1 = 5.6%) {33.3%}
7   -O                                                                        (1 = 5.6%) {38.9%}
8   ... 
11  -O                                                                        (1 = 5.6%) {44.4%}
12  ... 
14  -O                                                                        (1 = 5.6%) {50.0%}
15  -O                                                                        (1 = 5.6%) {55.6%}
16  ... 
18  -O                                                                        (1 = 5.6%) {61.1%}
19  ... 
23  -O                                                                        (1 = 5.6%) {66.7%}
24  -O                                                                        (1 = 5.6%) {72.2%}
25  ... 
29  -O                                                                        (1 = 5.6%) {77.8%}
30  ... 
32  -O                                                                        (1 = 5.6%) {83.3%}
33  -O                                                                        (1 = 5.6%) {88.9%}
34  -O                                                                        (1 = 5.6%) {94.4%}
35  O                                                                         (0 = 0.0%) {100.0%}

Histogram: Settings.TrackedPreferenceUnchanged.FromRegistry recorded 17 samples, mean = 15.1 (flags = 0x1)
0   -O                                                                        (1 = 5.9%)
1   -O                                                                        (1 = 5.9%) {5.9%}
2   -O                                                                        (1 = 5.9%) {11.8%}
3   -O                                                                        (1 = 5.9%) {17.6%}
4   -O                                                                        (1 = 5.9%) {23.5%}
5   O                                                                         (0 = 0.0%) {29.4%}
6   -O                                                                        (1 = 5.9%) {29.4%}
7   -O                                                                        (1 = 5.9%) {35.3%}
8   ... 
11  -O                                                                        (1 = 5.9%) {41.2%}
12  ... 
14  -O                                                                        (1 = 5.9%) {47.1%}
15  -O                                                                        (1 = 5.9%) {52.9%}
16  ... 
18  -O                                                                        (1 = 5.9%) {58.8%}
19  ... 
23  -O                                                                        (1 = 5.9%) {64.7%}
24  -O                                                                        (1 = 5.9%) {70.6%}
25  ... 
29  -O                                                                        (1 = 5.9%) {76.5%}
30  ... 
32  -O                                                                        (1 = 5.9%) {82.4%}
33  -O                                                                        (1 = 5.9%) {88.2%}
34  -O                                                                        (1 = 5.9%) {94.1%}
35  O                                                                         (0 = 0.0%) {100.0%}

Histogram: Settings.TrackingProtection.Enabled recorded 1 samples, mean = 0.0 (flags = 0x1)
0  -O                                                                        (1 = 100.0%)
1  ... 

Histogram: SharedDictionary.TimeInitializeDB recorded 1 samples, mean = 6.0 (flags = 0x1)
0  ... 
6  -O                                                                        (1 = 100.0%) {0.0%}
7  ... 

Histogram: Signin.APIKeyMatchesFeatureOnStartup recorded 3 samples, mean = 0.0 (flags = 0x1)
0  ---O                                                                      (3 = 100.0%)
1  ... 

Histogram: Signin.AccountTracker.CountOfLoadedAccounts recorded 1 samples, mean = 0.0 (flags = 0x1)
0  -O                                                                        (1 = 100.0%)
1  ... 

Histogram: Signin.ExplicitSigninMigration recorded 1 samples, mean = 0.0 (flags = 0x1)
0  -O                                                                        (1 = 100.0%)
1  ... 

Histogram: Signin.HadPreviousSyncAccount.SignedOutOnProfileLoad recorded 1 samples, mean = 0.0 (flags = 0x1)
0  -O                                                                        (1 = 100.0%)
1  ... 

Histogram: Signin.HadPreviousSyncAccount.SyncOffOnProfileLoad recorded 1 samples, mean = 0.0 (flags = 0x1)
0  -O                                                                        (1 = 100.0%)
1  ... 

Histogram: Signin.ListAccountsFailure recorded 1 samples, mean = 0.0 (flags = 0x1)
0  -O                                                                        (1 = 100.0%)
1  ... 

Histogram: Signin.PAMInitialize.PrimaryAccountPrefs recorded 1 samples, mean = 2.0 (flags = 0x1)
0  ... 
2  -O                                                                        (1 = 100.0%) {0.0%}
3  ... 

Histogram: Signin.SigninAllowed recorded 1 samples, mean = 0.0 (flags = 0x1)
0  -O                                                                        (1 = 100.0%)
1  ... 

Histogram: Signin.TokenTable.GetAllTokensSqlStatementValidity recorded 1 samples, mean = 1.0 (flags = 0x1)
0  O                                                                         (0 = 0.0%)
1  -O                                                                        (1 = 100.0%) {0.0%}
2  O                                                                         (0 = 0.0%) {100.0%}

Histogram: SimpleCache.App.CacheSizeOnInit recorded 1 samples, mean = 0.0 (flags = 0x1)
0  -O                                                                        (1 = 100.0%)
1000... 

Histogram: SimpleCache.App.ConsistencyResult recorded 1 samples, mean = 0.0 (flags = 0x1)
0  -O                                                                        (1 = 100.0%)
1  ... 

Histogram: SimpleCache.App.CreationToIndex recorded 1 samples, mean = 6.0 (flags = 0x1)
0  ... 
6  -O                                                                        (1 = 100.0%) {0.0%}
7  ... 

Histogram: SimpleCache.App.IndexFileStateOnLoad recorded 1 samples, mean = 2.0 (flags = 0x1)
0  ... 
2  -O                                                                        (1 = 100.0%) {0.0%}
3  ... 

Histogram: SimpleCache.App.IndexInitializeMethod recorded 1 samples, mean = 1.0 (flags = 0x1)
0  O                                                                         (0 = 0.0%)
1  -O                                                                        (1 = 100.0%) {0.0%}
2  ... 

Histogram: SimpleCache.App.IndexNumEntriesOnInit recorded 1 samples, mean = 0.0 (flags = 0x1)
0  -O                                                                        (1 = 100.0%)
1  ... 

Histogram: SimpleCache.App.MaxCacheSizeOnInit recorded 1 samples, mean = 0.0 (flags = 0x1)
0  -O                                                                        (1 = 100.0%)
1000... 

Histogram: SimpleCache.Code.CacheSizeOnInit recorded 1 samples, mean = 357.0 (flags = 0x1)
0  -O                                                                        (1 = 100.0%)
1000... 

Histogram: SimpleCache.Code.ConsistencyResult recorded 1 samples, mean = 0.0 (flags = 0x1)
0  -O                                                                        (1 = 100.0%)
1  ... 

Histogram: SimpleCache.Code.CreationToIndex recorded 1 samples, mean = 3.0 (flags = 0x1)
0  ... 
3  -O                                                                        (1 = 100.0%) {0.0%}
4  ... 

Histogram: SimpleCache.Code.DiskCloseLatency recorded 43 samples, mean = 0.0 (flags = 0x1)
0  -----------------------------------------O                                (41 = 95.3%)
1  --O                                                                       (2 = 4.7%) {95.3%}
2  ... 

Histogram: SimpleCache.Code.DiskCreateLatency recorded 4 samples, mean = 0.0
0  ----O                                                                     (4 = 100.0%)
1  ... 

Histogram: SimpleCache.Code.DiskDoomLatency recorded 2 samples, mean = 0.5 (flags = 0x1)
0  -O                                                                        (1 = 50.0%)
1  -O                                                                        (1 = 50.0%) {50.0%}
2  ... 

Histogram: SimpleCache.Code.DiskOpenLatency recorded 39 samples, mean = 0.1 (flags = 0x1)
0  ------------------------------------O                                     (36 = 92.3%)
1  ---O                                                                      (3 = 7.7%) {92.3%}
2  ... 

Histogram: SimpleCache.Code.DiskWriteLatency recorded 7 samples, mean = 0.0 (flags = 0x1)
0  -------O                                                                  (7 = 100.0%)
1  ... 

Histogram: SimpleCache.Code.EntryCreationTime recorded 43 samples, mean = 0.1 (flags = 0x1)
0  ----------------------------------------O                                 (40 = 93.0%)
1  ---O                                                                      (3 = 7.0%) {93.0%}
2  ... 

Histogram: SimpleCache.Code.HeaderSize recorded 23 samples, mean = 895.8 (flags = 0x1)
0     --O                                                                       (2 = 8.7%)
1     ... 
12    -----O                                                                    (5 = 21.7%) {8.7%}
14    ... 
34    ---O                                                                      (3 = 13.0%) {30.4%}
40    ... 
68    --O                                                                       (2 = 8.7%) {43.5%}
81    ... 
633   --O                                                                       (2 = 8.7%) {52.2%}
752   ... 
1262  --O                                                                       (2 = 8.7%) {60.9%}
1500  -O                                                                        (1 = 4.3%) {69.6%}
1782  -O                                                                        (1 = 4.3%) {73.9%}
2117  --O                                                                       (2 = 8.7%) {78.3%}
2516  ---O                                                                      (3 = 13.0%) {87.0%}
2990  ... 

Histogram: SimpleCache.Code.IndexFileStateOnLoad recorded 1 samples, mean = 2.0 (flags = 0x1)
0  ... 
2  -O                                                                        (1 = 100.0%) {0.0%}
3  ... 

Histogram: SimpleCache.Code.IndexInitializeMethod recorded 1 samples, mean = 1.0 (flags = 0x1)
0  O                                                                         (0 = 0.0%)
1  -O                                                                        (1 = 100.0%) {0.0%}
2  ... 

Histogram: SimpleCache.Code.IndexNumEntriesOnInit recorded 1 samples, mean = 68.0 (flags = 0x1)
0   ... 
61  -O                                                                        (1 = 100.0%) {0.0%}
76  ... 

Histogram: SimpleCache.Code.MaxCacheSizeOnInit recorded 1 samples, mean = 327680.0 (flags = 0x1)
0       ... 
297881  -O                                                                        (1 = 100.0%) {0.0%}
339058  ... 

Histogram: SimpleCache.Code.OpenEntryIndexState recorded 47 samples, mean = 1.8 (flags = 0x1)
0  O                                                                         (0 = 0.0%)
1  --------O                                                                 (8 = 17.0%) {0.0%}
2  ---------------------------------------O                                  (39 = 83.0%) {17.0%}
3  O                                                                         (0 = 0.0%) {100.0%}

Histogram: SimpleCache.Code.SyncCheckEOFResult recorded 39 samples, mean = 0.0
0  ---------------------------------------O                                  (39 = 100.0%)
1  ... 

Histogram: SimpleCache.Code.SyncCloseResult recorded 43 samples, mean = 0.0
0  -------------------------------------------O                              (43 = 100.0%)
1  ... 

Histogram: SimpleCache.Code.SyncOpenPrefetchMode recorded 39 samples, mean = 0.0 (flags = 0x1)
0  ---------------------------------------O                                  (39 = 100.0%)
1  ... 

Histogram: SimpleCache.Code.SyncOpenResult recorded 39 samples, mean = 0.0
0  ---------------------------------------O                                  (39 = 100.0%)
1  ... 

Histogram: SimpleCache.Code.SyncWriteResult recorded 7 samples, mean = 0.0
0  -------O                                                                  (7 = 100.0%)
1  ... 

Histogram: SiteEngagementService.EngagementScore recorded 1 samples, mean = 10.0 (flags = 0x1)
0   ... 
10  -O                                                                        (1 = 100.0%) {0.0%}
11  ... 

Histogram: SiteEngagementService.EngagementType recorded 1 samples, mean = 0.0 (flags = 0x1)
0  -O                                                                        (1 = 100.0%)
1  ... 

Histogram: SiteEngagementService.MeanEngagement recorded 1 samples, mean = 10.0 (flags = 0x1)
0   ... 
10  -O                                                                        (1 = 100.0%) {0.0%}
11  ... 

Histogram: SiteEngagementService.MedianEngagement recorded 1 samples, mean = 10.0 (flags = 0x1)
0   ... 
10  -O                                                                        (1 = 100.0%) {0.0%}
11  ... 

Histogram: SiteEngagementService.OriginsEngaged recorded 1 samples, mean = 1.0 (flags = 0x1)
0  O                                                                         (0 = 0.0%)
1  -O                                                                        (1 = 100.0%) {0.0%}
2  ... 

Histogram: SiteIsolatedCodeCache.JS.Behaviour recorded 49 samples, mean = 1.7 (flags = 0x1)
0  --------------------O                                                     (20 = 40.8%)
1  ----O                                                                     (4 = 8.2%) {40.8%}
2  --O                                                                       (2 = 4.1%) {49.0%}
3  -------------------O                                                      (19 = 38.8%) {53.1%}
4  ----O                                                                     (4 = 8.2%) {91.8%}
5  ... 

Histogram: SiteIsolatedCodeCache.JS.FetchCodeCache recorded 20 samples, mean = 0.3 (flags = 0x1)
0  -------------O                                                            (13 = 65.0%)
1  -------O                                                                  (7 = 35.0%) {65.0%}
2  ... 

Histogram: SiteIsolatedCodeCache.JS.Hit recorded 24 samples, mean = 0.8 (flags = 0x1)
0  ----O                                                                     (4 = 16.7%)
1  --------------------O                                                     (20 = 83.3%) {16.7%}
2  O                                                                         (0 = 0.0%) {100.0%}

Histogram: SiteIsolatedCodeCache.JS.PotentialMemoryBackedCodeCacheHit recorded 24 samples, mean = 0.0 (flags = 0x1)
0  ------------------------O                                                 (24 = 100.0%)
1  ... 

Histogram: SiteIsolatedCodeCache.JS.PotentialMemoryBackedCodeCacheSize2 recorded 2 samples, mean = 173672.0 (flags = 0x1)
0       ... 
159976  --O                                                                       (2 = 100.0%) {0.0%}
229760  ... 

Histogram: SiteIsolatedCodeCache.WASM.Behaviour recorded 5 samples, mean = 1.0 (flags = 0x1)
0  O                                                                         (0 = 0.0%)
1  -----O                                                                    (5 = 100.0%) {0.0%}
2  ... 

Histogram: SiteIsolation.BrowsingInstance.MaxCountPerProcess recorded 3 samples, mean = 0.7 (flags = 0x1)
0  -O                                                                        (1 = 33.3%)
1  --O                                                                       (2 = 66.7%) {33.3%}
2  ... 

Histogram: SiteIsolation.NewProcessUsedForNavigationWhenSameSiteProcessExists recorded 1 samples, mean = 0.0 (flags = 0x1)
0  -O                                                                        (1 = 100.0%)
1  ... 

Histogram: SiteIsolation.ProcessPerSiteWithMainFrameThreshold.IsDevToolsUser recorded 1 samples, mean = 0.0 (flags = 0x1)
0  -O                                                                        (1 = 100.0%)
1  ... 

Histogram: Skia.SubmitRenderPasses recorded 17 samples, mean = 0.5 (flags = 0x1)
0  ------------O                                                             (12 = 70.6%)
1  ---O                                                                      (3 = 17.6%) {70.6%}
2  -O                                                                        (1 = 5.9%) {88.2%}
3  O                                                                         (0 = 0.0%) {94.1%}
4  -O                                                                        (1 = 5.9%) {94.1%}
5  ... 

Histogram: Sql.Statement.Affiliation.VMSteps recorded 15 samples, mean = 15.5 (flags = 0x1)
0   ... 
3   ----O                                                                     (4 = 26.7%) {0.0%}
4   O                                                                         (0 = 0.0%) {26.7%}
5   -O                                                                        (1 = 6.7%) {26.7%}
6   -O                                                                        (1 = 6.7%) {33.3%}
7   ... 
12  -----O                                                                    (5 = 33.3%) {40.0%}
14  ... 
20  -O                                                                        (1 = 6.7%) {73.3%}
24  O                                                                         (0 = 0.0%) {80.0%}
29  -O                                                                        (1 = 6.7%) {80.0%}
34  O                                                                         (0 = 0.0%) {86.7%}
40  -O                                                                        (1 = 6.7%) {86.7%}
48  -O                                                                        (1 = 6.7%) {93.3%}
57  ... 

Histogram: Sql.Statement.BrowsingTopics.VMSteps recorded 12 samples, mean = 8.0 (flags = 0x1)
0   ... 
3   ----O                                                                     (4 = 33.3%) {0.0%}
4   O                                                                         (0 = 0.0%) {33.3%}
5   -O                                                                        (1 = 8.3%) {33.3%}
6   ... 
8   --O                                                                       (2 = 16.7%) {41.7%}
10  O                                                                         (0 = 0.0%) {58.3%}
12  -----O                                                                    (5 = 41.7%) {58.3%}
14  ... 

Histogram: Sql.Statement.Cookie.VMSteps recorded 32 samples, mean = 20.8 (flags = 0x1)
0   ... 
3   ------O                                                                   (6 = 18.8%) {0.0%}
4   O                                                                         (0 = 0.0%) {18.8%}
5   --O                                                                       (2 = 6.2%) {18.8%}
6   O                                                                         (0 = 0.0%) {25.0%}
7   -O                                                                        (1 = 3.1%) {25.0%}
8   O                                                                         (0 = 0.0%) {28.1%}
10  -O                                                                        (1 = 3.1%) {28.1%}
12  ----------O                                                               (10 = 31.2%) {31.2%}
14  ... 
20  --O                                                                       (2 = 6.2%) {62.5%}
24  ----O                                                                     (4 = 12.5%) {68.8%}
29  O                                                                         (0 = 0.0%) {81.2%}
34  -O                                                                        (1 = 3.1%) {81.2%}
40  ... 
57  -----O                                                                    (5 = 15.6%) {84.4%}
68  ... 

Histogram: Sql.Statement.DIPS.VMSteps recorded 28 samples, mean = 13.1 (flags = 0x1)
0   ... 
3   --O                                                                       (2 = 7.1%) {0.0%}
4   O                                                                         (0 = 0.0%) {7.1%}
5   -O                                                                        (1 = 3.6%) {7.1%}
6   ... 
8   ----O                                                                     (4 = 14.3%) {10.7%}
10  ---O                                                                      (3 = 10.7%) {25.0%}
12  ----------O                                                               (10 = 35.7%) {35.7%}
14  --O                                                                       (2 = 7.1%) {71.4%}
17  --O                                                                       (2 = 7.1%) {78.6%}
20  -O                                                                        (1 = 3.6%) {85.7%}
24  ---O                                                                      (3 = 10.7%) {89.3%}
29  ... 

Histogram: Sql.Statement.FirstPartySets.VMSteps recorded 34 samples, mean = 64.9 (flags = 0x1)
0     ... 
3     ----------O                                                               (10 = 29.4%) {0.0%}
4     O                                                                         (0 = 0.0%) {29.4%}
5     -O                                                                        (1 = 2.9%) {29.4%}
6     ... 
8     ---O                                                                      (3 = 8.8%) {32.4%}
10    -----O                                                                    (5 = 14.7%) {41.2%}
12    -----------O                                                              (11 = 32.4%) {55.9%}
14    ... 
20    -O                                                                        (1 = 2.9%) {88.2%}
24    --O                                                                       (2 = 5.9%) {91.2%}
29    ... 
1782  -O                                                                        (1 = 2.9%) {97.1%}
2117  ... 

Histogram: Sql.Statement.History.VMSteps recorded 87 samples, mean = 47.8 (flags = 0x1)
0     ... 
3     ------O                                                                   (6 = 6.9%) {0.0%}
4     O                                                                         (0 = 0.0%) {6.9%}
5     -O                                                                        (1 = 1.1%) {6.9%}
6     --O                                                                       (2 = 2.3%) {8.0%}
7     O                                                                         (0 = 0.0%) {10.3%}
8     ----O                                                                     (4 = 4.6%) {10.3%}
10    ----O                                                                     (4 = 4.6%) {14.9%}
12    ----------------O                                                         (16 = 18.4%) {19.5%}
14    -O                                                                        (1 = 1.1%) {37.9%}
17    ----------------O                                                         (16 = 18.4%) {39.1%}
20    -------O                                                                  (7 = 8.0%) {57.5%}
24    ----------O                                                               (10 = 11.5%) {65.5%}
29    ---O                                                                      (3 = 3.4%) {77.0%}
34    -O                                                                        (1 = 1.1%) {80.5%}
40    O                                                                         (0 = 0.0%) {81.6%}
48    -O                                                                        (1 = 1.1%) {81.6%}
57    -O                                                                        (1 = 1.1%) {82.8%}
68    -----O                                                                    (5 = 5.7%) {83.9%}
81    -O                                                                        (1 = 1.1%) {89.7%}
96    --O                                                                       (2 = 2.3%) {90.8%}
114   O                                                                         (0 = 0.0%) {93.1%}
135   ----O                                                                     (4 = 4.6%) {93.1%}
160   ... 
226   -O                                                                        (1 = 1.1%) {97.7%}
268   ... 
1262  -O                                                                        (1 = 1.1%) {98.9%}
1500  ... 

Histogram: Sql.Statement.OptOutBlacklist.VMSteps recorded 4 samples, mean = 10.8 (flags = 0x1)
0   ... 
5   -O                                                                        (1 = 25.0%) {0.0%}
6   O                                                                         (0 = 0.0%) {25.0%}
7   -O                                                                        (1 = 25.0%) {25.0%}
8   O                                                                         (0 = 0.0%) {50.0%}
10  -O                                                                        (1 = 25.0%) {50.0%}
12  ... 
20  -O                                                                        (1 = 25.0%) {75.0%}
24  ... 

Histogram: Sql.Statement.Passwords.VMSteps recorded 53 samples, mean = 23.9 (flags = 0x1)
0   ... 
3   ----O                                                                     (4 = 7.5%) {0.0%}
4   O                                                                         (0 = 0.0%) {7.5%}
5   --O                                                                       (2 = 3.8%) {7.5%}
6   --------O                                                                 (8 = 15.1%) {11.3%}
7   ----O                                                                     (4 = 7.5%) {26.4%}
8   ---O                                                                      (3 = 5.7%) {34.0%}
10  O                                                                         (0 = 0.0%) {39.6%}
12  ------------O                                                             (12 = 22.6%) {39.6%}
14  --O                                                                       (2 = 3.8%) {62.3%}
17  O                                                                         (0 = 0.0%) {66.0%}
20  --O                                                                       (2 = 3.8%) {66.0%}
24  ... 
34  --O                                                                       (2 = 3.8%) {69.8%}
40  ----O                                                                     (4 = 7.5%) {73.6%}
48  O                                                                         (0 = 0.0%) {81.1%}
57  ----O                                                                     (4 = 7.5%) {81.1%}
68  ------O                                                                   (6 = 11.3%) {88.7%}
81  ... 

Histogram: Sql.Statement.Predictor.VMSteps recorded 15 samples, mean = 15.9 (flags = 0x1)
0   ... 
3   --O                                                                       (2 = 13.3%) {0.0%}
4   O                                                                         (0 = 0.0%) {13.3%}
5   -O                                                                        (1 = 6.7%) {13.3%}
6   -O                                                                        (1 = 6.7%) {20.0%}
7   O                                                                         (0 = 0.0%) {26.7%}
8   -O                                                                        (1 = 6.7%) {26.7%}
10  ----O                                                                     (4 = 26.7%) {33.3%}
12  -O                                                                        (1 = 6.7%) {60.0%}
14  -O                                                                        (1 = 6.7%) {66.7%}
17  ... 
24  -O                                                                        (1 = 6.7%) {73.3%}
29  -O                                                                        (1 = 6.7%) {80.0%}
34  O                                                                         (0 = 0.0%) {86.7%}
40  -O                                                                        (1 = 6.7%) {86.7%}
48  -O                                                                        (1 = 6.7%) {93.3%}
57  ... 

Histogram: Sql.Statement.Quota.VMSteps recorded 14 samples, mean = 8.9 (flags = 0x1)
0   ... 
3   ----O                                                                     (4 = 28.6%) {0.0%}
4   O                                                                         (0 = 0.0%) {28.6%}
5   -O                                                                        (1 = 7.1%) {28.6%}
6   ... 
8   -O                                                                        (1 = 7.1%) {35.7%}
10  O                                                                         (0 = 0.0%) {42.9%}
12  --------O                                                                 (8 = 57.1%) {42.9%}
14  ... 

Histogram: Sql.Statement.ReportingAndNEL.VMSteps recorded 12 samples, mean = 13.8 (flags = 0x1)
0   ... 
3   --O                                                                       (2 = 16.7%) {0.0%}
4   O                                                                         (0 = 0.0%) {16.7%}
5   -O                                                                        (1 = 8.3%) {16.7%}
6   -O                                                                        (1 = 8.3%) {25.0%}
7   ... 
12  -----O                                                                    (5 = 41.7%) {33.3%}
14  ... 
20  -O                                                                        (1 = 8.3%) {75.0%}
24  O                                                                         (0 = 0.0%) {83.3%}
29  -O                                                                        (1 = 8.3%) {83.3%}
34  -O                                                                        (1 = 8.3%) {91.7%}
40  ... 

Histogram: Sql.Statement.SharedDictionary.VMSteps recorded 20 samples, mean = 9.1 (flags = 0x1)
0   ... 
3   --------O                                                                 (8 = 40.0%) {0.0%}
4   O                                                                         (0 = 0.0%) {40.0%}
5   -O                                                                        (1 = 5.0%) {40.0%}
6   ... 
8   -O                                                                        (1 = 5.0%) {45.0%}
10  O                                                                         (0 = 0.0%) {50.0%}
12  -------O                                                                  (7 = 35.0%) {50.0%}
14  O                                                                         (0 = 0.0%) {85.0%}
17  --O                                                                       (2 = 10.0%) {85.0%}
20  -O                                                                        (1 = 5.0%) {95.0%}
24  ... 

Histogram: Sql.Statement.SharedStorage.VMSteps recorded 3 samples, mean = 7.7 (flags = 0x1)
0   ... 
5   -O                                                                        (1 = 33.3%) {0.0%}
6   ... 
8   -O                                                                        (1 = 33.3%) {33.3%}
10  -O                                                                        (1 = 33.3%) {66.7%}
12  ... 

Histogram: Sql.Statement.Thumbnail.VMSteps recorded 22 samples, mean = 12.4 (flags = 0x1)
0   ... 
3   ------O                                                                   (6 = 27.3%) {0.0%}
4   O                                                                         (0 = 0.0%) {27.3%}
5   -O                                                                        (1 = 4.5%) {27.3%}
6   ... 
8   -O                                                                        (1 = 4.5%) {31.8%}
10  O                                                                         (0 = 0.0%) {36.4%}
12  ----------O                                                               (10 = 45.5%) {36.4%}
14  ... 
20  -O                                                                        (1 = 4.5%) {81.8%}
24  O                                                                         (0 = 0.0%) {86.4%}
29  ---O                                                                      (3 = 13.6%) {86.4%}
34  ... 

Histogram: Sql.Statement.TopSites.VMSteps recorded 13 samples, mean = 12.7 (flags = 0x1)
0   ... 
3   --O                                                                       (2 = 15.4%) {0.0%}
4   O                                                                         (0 = 0.0%) {15.4%}
5   -O                                                                        (1 = 7.7%) {15.4%}
6   ... 
12  ---------O                                                                (9 = 69.2%) {23.1%}
14  ... 
40  -O                                                                        (1 = 7.7%) {92.3%}
48  ... 

Histogram: Sql.Statement.TrustTokens.VMSteps recorded 16 samples, mean = 14.1 (flags = 0x1)
0   ... 
3   --O                                                                       (2 = 12.5%) {0.0%}
4   O                                                                         (0 = 0.0%) {12.5%}
5   -O                                                                        (1 = 6.2%) {12.5%}
6   ---O                                                                      (3 = 18.8%) {18.8%}
7   ... 
10  -O                                                                        (1 = 6.2%) {37.5%}
12  -----O                                                                    (5 = 31.2%) {43.8%}
14  ... 
20  -O                                                                        (1 = 6.2%) {75.0%}
24  O                                                                         (0 = 0.0%) {81.2%}
29  -O                                                                        (1 = 6.2%) {81.2%}
34  --O                                                                       (2 = 12.5%) {87.5%}
40  ... 

Histogram: Sql.Statement.UKMMetrics.VMSteps recorded 32 samples, mean = 14.2 (flags = 0x1)
0   ... 
3   -----O                                                                    (5 = 15.6%) {0.0%}
4   O                                                                         (0 = 0.0%) {15.6%}
5   -O                                                                        (1 = 3.1%) {15.6%}
6   ... 
8   -------O                                                                  (7 = 21.9%) {18.8%}
10  -O                                                                        (1 = 3.1%) {40.6%}
12  -------O                                                                  (7 = 21.9%) {43.8%}
14  ... 
20  -------O                                                                  (7 = 21.9%) {65.6%}
24  -O                                                                        (1 = 3.1%) {87.5%}
29  -O                                                                        (1 = 3.1%) {90.6%}
34  O                                                                         (0 = 0.0%) {93.8%}
40  --O                                                                       (2 = 6.2%) {93.8%}
48  ... 

Histogram: Sql.Statement.Web.VMSteps recorded 125 samples, mean = 52.3 (flags = 0x1)
0    ... 
3    ----------O                                                               (10 = 8.0%) {0.0%}
4    -O                                                                        (1 = 0.8%) {8.0%}
5    -O                                                                        (1 = 0.8%) {8.8%}
6    ------------O                                                             (12 = 9.6%) {9.6%}
7    ----------O                                                               (10 = 8.0%) {19.2%}
8    ------O                                                                   (6 = 4.8%) {27.2%}
10   ----------O                                                               (10 = 8.0%) {32.0%}
12   ------------------O                                                       (18 = 14.4%) {40.0%}
14   -O                                                                        (1 = 0.8%) {54.4%}
17   ---O                                                                      (3 = 2.4%) {55.2%}
20   -O                                                                        (1 = 0.8%) {57.6%}
24   -O                                                                        (1 = 0.8%) {58.4%}
29   --O                                                                       (2 = 1.6%) {59.2%}
34   --O                                                                       (2 = 1.6%) {60.8%}
40   ---O                                                                      (3 = 2.4%) {62.4%}
48   ---O                                                                      (3 = 2.4%) {64.8%}
57   ----O                                                                     (4 = 3.2%) {67.2%}
68   ----O                                                                     (4 = 3.2%) {70.4%}
81   --O                                                                       (2 = 1.6%) {73.6%}
96   -------O                                                                  (7 = 5.6%) {75.2%}
114  -----O                                                                    (5 = 4.0%) {80.8%}
135  -------O                                                                  (7 = 5.6%) {84.8%}
160  -----O                                                                    (5 = 4.0%) {90.4%}
190  ------O                                                                   (6 = 4.8%) {94.4%}
226  O                                                                         (0 = 0.0%) {99.2%}
268  -O                                                                        (1 = 0.8%) {99.2%}
318  ... 

Histogram: Sql.vfs.SyncTime recorded 51 samples, mean = 0.3 (flags = 0x1)
0  -----------------------------------------O                                (41 = 80.4%)
1  --------O                                                                 (8 = 15.7%) {80.4%}
2  -O                                                                        (1 = 2.0%) {96.1%}
3  -O                                                                        (1 = 2.0%) {98.0%}
4  ... 

Histogram: Stability.Counts2 recorded 16 samples, mean = 26.7 (flags = 0x3)
0   ... 
2   --O                                                                       (2 = 12.5%) {0.0%}
3   ... 
15  -O                                                                        (1 = 6.2%) {12.5%}
16  ... 
26  ---O                                                                      (3 = 18.8%) {18.8%}
27  ... 
33  ----------O                                                               (10 = 62.5%) {37.5%}
34  O                                                                         (0 = 0.0%) {100.0%}

Histogram: Stability.Experimental.PageLoads recorded 2 samples, mean = 17.0 (flags = 0x1)
0   ... 
17  --O                                                                       (2 = 100.0%) {0.0%}
18  O                                                                         (0 = 0.0%) {100.0%}

Histogram: Startup.AfterStartupTaskCount recorded 1 samples, mean = 2.0 (flags = 0x1)
0  ... 
2  -O                                                                        (1 = 100.0%) {0.0%}
3  ... 

Histogram: Startup.AfterStartupTaskDelayedUntilTime recorded 1 samples, mean = 20797.0 (flags = 0x1)
0      ... 
20614  -O                                                                        (1 = 100.0%) {0.0%}
27929  ... 

Histogram: Startup.BrowserMainRunnerImplInitializeLongTime recorded 1 samples, mean = 104.0 (flags = 0x1)
0    ... 
103  -O                                                                        (1 = 100.0%) {0.0%}
119  ... 

Histogram: Startup.BrowserMessageLoopFirstIdle recorded 1 samples, mean = 880498.0 (flags = 0x1)
0       ... 
857670  -O                                                                        (1 = 100.0%) {0.0%}
989962  ... 

Histogram: Startup.BrowserMessageLoopStartTime recorded 1 samples, mean = 123.0 (flags = 0x1)
0    ... 
119  -O                                                                        (1 = 100.0%) {0.0%}
137  ... 

Histogram: Startup.CreateFirstProfile recorded 1 samples, mean = 55.0 (flags = 0x1)
0   ... 
47  -O                                                                        (1 = 100.0%) {0.0%}
64  ... 

Histogram: Startup.FirstWebContents.FinishReason recorded 1 samples, mean = 6.0 (flags = 0x1)
0  ... 
6  -O                                                                        (1 = 100.0%) {0.0%}
7  ... 

Histogram: Startup.LoadTime.ApplicationStartToChromeMain recorded 1 samples, mean = 0.0 (flags = 0x1)
0  -O                                                                        (1 = 100.0%)
1  ... 

Histogram: Startup.LoadTime.ProcessCreateToApplicationStart recorded 1 samples, mean = 12912.0 (flags = 0x1)
0      ... 
11230  -O                                                                        (1 = 100.0%) {0.0%}
15215  ... 

Histogram: Startup.LoadTime.RecordedProcessCreation recorded 1 samples, mean = 1.0 (flags = 0x1)
0  O                                                                         (0 = 0.0%)
1  -O                                                                        (1 = 100.0%) {0.0%}
2  O                                                                         (0 = 0.0%) {100.0%}

Histogram: Startup.PreMainMessageLoopRunImplLongTime recorded 1 samples, mean = 69.0 (flags = 0x1)
0   ... 
67  -O                                                                        (1 = 100.0%) {0.0%}
77  ... 

Histogram: Startup.Renderer.LoadTime.ApplicationStartToRendererStartRunLoop recorded 1 samples, mean = 47.0 (flags = 0x1)
0   ... 
41  -O                                                                        (1 = 100.0%) {0.0%}
52  ... 

Histogram: Startup.Renderer.LoadTime.ChromeMainToRendererStartRunLoop recorded 1 samples, mean = 47.0 (flags = 0x1)
0   ... 
41  -O                                                                        (1 = 100.0%) {0.0%}
52  ... 

Histogram: Startup.Renderer.LoadTime.ProcessCreationToRendererStartRunLoop recorded 1 samples, mean = 190.0 (flags = 0x1)
0    ... 
173  -O                                                                        (1 = 100.0%) {0.0%}
220  ... 

Histogram: Startup.Temperature recorded 1 samples, mean = 3.0 (flags = 0x1)
0  ... 
3  -O                                                                        (1 = 100.0%) {0.0%}
4  O                                                                         (0 = 0.0%) {100.0%}

Histogram: Storage.Blob.CreateDirectoryResult recorded 1 samples, mean = 0.0 (flags = 0x1)
0  -O                                                                        (1 = 100.0%)
1  ... 

Histogram: Storage.SessionStorage.RendererAreaCacheHit recorded 2 samples, mean = 1.0 (flags = 0x1)
0  -O                                                                        (1 = 50.0%)
1  O                                                                         (0 = 0.0%) {50.0%}
2  -O                                                                        (1 = 50.0%) {50.0%}
3  O                                                                         (0 = 0.0%) {100.0%}

Histogram: Storage.SharedStorage.Database.Timing.OpenImpl recorded 1 samples, mean = 1.0 (flags = 0x1)
0  O                                                                         (0 = 0.0%)
1  -O                                                                        (1 = 100.0%) {0.0%}
2  ... 

Histogram: Storage.SharedStorage.OnShutdown.NumSqlErrors recorded 1 samples, mean = 0.0 (flags = 0x1)
0  -O                                                                        (1 = 100.0%)
1  ... 

Histogram: Storage.SharedStorage.OnShutdown.RecoveryFromInitFailureAttempted recorded 1 samples, mean = 0.0 (flags = 0x1)
0  -O                                                                        (1 = 100.0%)
1  ... 

Histogram: Storage.SharedStorage.OnShutdown.RecoveryOnDiskAttempted recorded 1 samples, mean = 0.0 (flags = 0x1)
0  -O                                                                        (1 = 100.0%)
1  ... 

Histogram: Storage.SharedStorage.Worklet.NumPerPage recorded 1 samples, mean = 0.0 (flags = 0x1)
0  -O                                                                        (1 = 100.0%)
1  ... 

Histogram: Storage.SharedStorage.Worklet.SelectURL.CallsPerPage recorded 1 samples, mean = 0.0 (flags = 0x1)
0  -O                                                                        (1 = 100.0%)
1  ... 

Histogram: Style.InvalidationTime recorded 2 samples, mean = 46.0 (flags = 0x1)
0   ... 
40  --O                                                                       (2 = 100.0%) {0.0%}
55  ... 

Histogram: Style.RebuildLayoutTreeTime recorded 8 samples, mean = 336.2 (flags = 0x1)
0     ... 
11    -O                                                                        (1 = 12.5%) {0.0%}
15    ... 
40    ----O                                                                     (4 = 50.0%) {12.5%}
55    -O                                                                        (1 = 12.5%) {62.5%}
76    -O                                                                        (1 = 12.5%) {75.0%}
105   ... 
2008  -O                                                                        (1 = 12.5%) {87.5%}
2786  ... 

Histogram: Style.RecalcTime recorded 10 samples, mean = 1150.7 (flags = 0x1)
0     O                                                                         (0 = 0.0%)
1     -O                                                                        (1 = 10.0%) {0.0%}
2     ... 
29    -O                                                                        (1 = 10.0%) {10.0%}
40    -O                                                                        (1 = 10.0%) {20.0%}
55    ... 
105   -O                                                                        (1 = 10.0%) {30.0%}
146   -O                                                                        (1 = 10.0%) {40.0%}
203   O                                                                         (0 = 0.0%) {50.0%}
282   -O                                                                        (1 = 10.0%) {50.0%}
391   ... 
1043  -O                                                                        (1 = 10.0%) {60.0%}
1447  -O                                                                        (1 = 10.0%) {70.0%}
2008  -O                                                                        (1 = 10.0%) {80.0%}
2786  ... 
5362  -O                                                                        (1 = 10.0%) {90.0%}
7439  ... 

Histogram: SubresourceFilter.DocumentLoad.RulesetIsAvailable recorded 3 samples, mean = 1.0 (flags = 0x1)
0  O                                                                         (0 = 0.0%)
1  ---O                                                                      (3 = 100.0%) {0.0%}
2  O                                                                         (0 = 0.0%) {100.0%}

Histogram: SubresourceFilter.IndexRuleset.Verify.Status recorded 1 samples, mean = 0.0 (flags = 0x1)
0  -O                                                                        (1 = 100.0%)
1  ... 

Histogram: SubresourceFilter.IndexRuleset.Verify2.WallDuration recorded 1 samples, mean = 1.0 (flags = 0x1)
0  O                                                                         (0 = 0.0%)
1  -O                                                                        (1 = 100.0%) {0.0%}
2  ... 

Histogram: SubresourceFilter.MainFrameLoad.RulesetIsAvailableAnyActivationLevel recorded 1 samples, mean = 1.0 (flags = 0x1)
0  O                                                                         (0 = 0.0%)
1  -O                                                                        (1 = 100.0%) {0.0%}
2  O                                                                         (0 = 0.0%) {100.0%}

Histogram: SubresourceFilter.PageLoad.ActivationDecision recorded 1 samples, mean = 1.0 (flags = 0x1)
0  O                                                                         (0 = 0.0%)
1  -O                                                                        (1 = 100.0%) {0.0%}
2  ... 

Histogram: SubresourceFilter.PageLoad.ActivationList recorded 1 samples, mean = 0.0 (flags = 0x1)
0  -O                                                                        (1 = 100.0%)
1  ... 

Histogram: SubresourceFilter.PageLoad.ActivationState recorded 2 samples, mean = 0.5 (flags = 0x1)
0  -O                                                                        (1 = 50.0%)
1  -O                                                                        (1 = 50.0%) {50.0%}
2  ... 

Histogram: SubresourceFilter.PageLoad.NumSubresourceLoads.Disallowed recorded 1 samples, mean = 0.0 (flags = 0x1)
0  -O                                                                        (1 = 100.0%)
1  ... 

Histogram: SubresourceFilter.PageLoad.NumSubresourceLoads.Evaluated recorded 1 samples, mean = 115.0 (flags = 0x1)
0    ... 
107  -O                                                                        (1 = 100.0%) {0.0%}
120  ... 

Histogram: SubresourceFilter.PageLoad.NumSubresourceLoads.MatchedRules recorded 1 samples, mean = 0.0 (flags = 0x1)
0  -O                                                                        (1 = 100.0%)
1  ... 

Histogram: SubresourceFilter.PageLoad.NumSubresourceLoads.Total recorded 1 samples, mean = 115.0 (flags = 0x1)
0    ... 
107  -O                                                                        (1 = 100.0%) {0.0%}
120  ... 

Histogram: SubresourceFilter.PageLoad.SafeBrowsingDelay recorded 1 samples, mean = 0.0 (flags = 0x1)
0  -O                                                                        (1 = 100.0%)
1  ... 

Histogram: SubresourceFilter.SafeBrowsing.TotalCheckTime recorded 3 samples, mean = 0.0 (flags = 0x1)
0  ---O                                                                      (3 = 100.0%)
1  ... 

Histogram: Sync.FeatureStatusForSyncToSigninMigration recorded 1 samples, mean = 1.0 (flags = 0x1)
0  O                                                                         (0 = 0.0%)
1  -O                                                                        (1 = 100.0%) {0.0%}
2  ... 

Histogram: Sync.InitialState2 recorded 1 samples, mean = 1.0 (flags = 0x1)
0  O                                                                         (0 = 0.0%)
1  -O                                                                        (1 = 100.0%) {0.0%}
2  ... 

Histogram: Sync.Local.Enabled2 recorded 1 samples, mean = 0.0 (flags = 0x1)
0  -O                                                                        (1 = 100.0%)
1  ... 

Histogram: Sync.ModelTypeStoreBackendError.ReadRecords recorded 22 samples, mean = 1.0 (flags = 0x1)
0  O                                                                         (0 = 0.0%)
1  ----------------------O                                                   (22 = 100.0%) {0.0%}
2  ... 

Histogram: Sync.ModelTypeStoreBackendInitializationSuccess recorded 1 samples, mean = 1.0 (flags = 0x1)
0  O                                                                         (0 = 0.0%)
1  -O                                                                        (1 = 100.0%) {0.0%}
2  O                                                                         (0 = 0.0%) {100.0%}

Histogram: Sync.PassphraseType2 recorded 1 samples, mean = 0.0 (flags = 0x1)
0  -O                                                                        (1 = 100.0%)
1  ... 

Histogram: Sync.Startup.AccountInfoFullyLoaded2 recorded 1 samples, mean = 0.0 (flags = 0x1)
0  -O                                                                        (1 = 100.0%)
1  ... 

Histogram: Sync.Startup.SignedInWithoutAccountInfo2 recorded 1 samples, mean = 0.0 (flags = 0x1)
0  -O                                                                        (1 = 100.0%)
1  ... 

Histogram: Sync.SyncToSigninMigrationDecision recorded 1 samples, mean = 1.0 (flags = 0x1)
0  O                                                                         (0 = 0.0%)
1  -O                                                                        (1 = 100.0%) {0.0%}
2  ... 

Histogram: Sync.TrustedVaultFileReadStatus recorded 1 samples, mean = 0.0 (flags = 0x1)
0  -O                                                                        (1 = 100.0%)
1  ... 

Histogram: Sync.TrustedVaultFileWriteSuccess recorded 1 samples, mean = 1.0 (flags = 0x1)
0  O                                                                         (0 = 0.0%)
1  -O                                                                        (1 = 100.0%) {0.0%}
2  O                                                                         (0 = 0.0%) {100.0%}

Histogram: TabGroups.CollapsedGroupCountPerLoad recorded 1 samples, mean = 0.0 (flags = 0x1)
0  -O                                                                        (1 = 100.0%)
1  ... 

Histogram: TabGroups.ParseSavedTabGroupDataEntries.ParseFailurePercentage recorded 1 samples, mean = 0.0 (flags = 0x1)
0  -O                                                                        (1 = 100.0%)
1  ... 

Histogram: TabGroups.SavedTabGroupSyncBridge.MigrationResult recorded 4 samples, mean = 6.8 (flags = 0x1)
0   O                                                                         (0 = 0.0%)
1   -O                                                                        (1 = 25.0%) {0.0%}
2   O                                                                         (0 = 0.0%) {25.0%}
3   -O                                                                        (1 = 25.0%) {25.0%}
4   ... 
8   -O                                                                        (1 = 25.0%) {50.0%}
9   ... 
15  -O                                                                        (1 = 25.0%) {75.0%}
16  O                                                                         (0 = 0.0%) {100.0%}

Histogram: TabGroups.UserCustomizedGroupCountPerLoad recorded 1 samples, mean = 0.0 (flags = 0x1)
0  -O                                                                        (1 = 100.0%)
1  ... 

Histogram: TabGroups.UserGroupCountPerLoad recorded 1 samples, mean = 0.0 (flags = 0x1)
0  -O                                                                        (1 = 100.0%)
1  ... 

Histogram: TabGroups.UserPinnedTabCountPerLoad recorded 1 samples, mean = 0.0 (flags = 0x1)
0  -O                                                                        (1 = 100.0%)
1  ... 

Histogram: Tabs.NewNavigationWithSameOriginTab recorded 1 samples, mean = 0.0 (flags = 0x1)
0  -O                                                                        (1 = 100.0%)
1  ... 

Histogram: Tabs.TabCount recorded 2 samples, mean = 0.0 (flags = 0x1)
0  --O                                                                       (2 = 100.0%)
1  ... 

Histogram: Tabs.TabCount.PluggedIn recorded 2 samples, mean = 0.0 (flags = 0x1)
0  --O                                                                       (2 = 100.0%)
1  ... 

Histogram: Tabs.TabCountPerLoad recorded 1 samples, mean = 0.0 (flags = 0x1)
0  -O                                                                        (1 = 100.0%)
1  ... 

Histogram: Tabs.WindowCount recorded 2 samples, mean = 0.0 (flags = 0x1)
0  --O                                                                       (2 = 100.0%)
1  ... 

Histogram: Tabs.WindowCount.PluggedIn recorded 2 samples, mean = 0.0 (flags = 0x1)
0  --O                                                                       (2 = 100.0%)
1  ... 

Histogram: ThirdPartyModules.InputMethodEditorsCount recorded 1 samples, mean = 0.0 (flags = 0x1)
0  -O                                                                        (1 = 100.0%)
1  ... 

Histogram: ThreadPool.UnnecessaryWakeup.Browser.Foreground recorded 84 samples, mean = 1.0 (flags = 0x1)
0  O                                                                         (0 = 0.0%)
1  ------------------------------------------------------------------------O (84 = 100.0%) {0.0%}
2  O                                                                         (0 = 0.0%) {100.0%}

Histogram: ThreadPool.UnnecessaryWakeup.GPU.Foreground recorded 2 samples, mean = 1.0 (flags = 0x1)
0  O                                                                         (0 = 0.0%)
1  --O                                                                       (2 = 100.0%) {0.0%}
2  O                                                                         (0 = 0.0%) {100.0%}

Histogram: ThreadPool.UnnecessaryWakeup.Renderer.Foreground recorded 68 samples, mean = 1.0 (flags = 0x1)
0  O                                                                         (0 = 0.0%)
1  --------------------------------------------------------------------O     (68 = 100.0%) {0.0%}
2  O                                                                         (0 = 0.0%) {100.0%}

Histogram: Translate.ApplicationStart.AlwaysTranslateLanguage.Count recorded 1 samples, mean = 0.0 (flags = 0x1)
0  -O                                                                        (1 = 100.0%)
1  ... 

Histogram: Translate.ApplicationStart.NeverTranslateLanguage recorded 1 samples (flags = 0x1)
114573335  -O                                                                        (1 = 100.0%)

Histogram: Translate.ApplicationStart.NeverTranslateLanguage.Count recorded 1 samples, mean = 1.0 (flags = 0x1)
0  O                                                                         (0 = 0.0%)
1  -O                                                                        (1 = 100.0%) {0.0%}
2  ... 

Histogram: Translate.ApplicationStart.NeverTranslateSite.Count recorded 1 samples, mean = 0.0 (flags = 0x1)
0  -O                                                                        (1 = 100.0%)
1  ... 

Histogram: Translate.LanguageDetection.LanguageVerification recorded 1 samples, mean = 2.0 (flags = 0x1)
0  ... 
2  -O                                                                        (1 = 100.0%) {0.0%}
3  ... 

Histogram: Translate.LanguageDeterminedDuration recorded 1 samples, mean = 463.0 (flags = 0x1)
0    ... 
398  -O                                                                        (1 = 100.0%) {0.0%}
539  ... 

Histogram: Translate.PageLoad.FinalSourceLanguage recorded 1 samples (flags = 0x1)
114573335  -O                                                                        (1 = 100.0%)

Histogram: Translate.PageLoad.FinalState recorded 1 samples, mean = 1.0 (flags = 0x1)
0  O                                                                         (0 = 0.0%)
1  -O                                                                        (1 = 100.0%) {0.0%}
2  ... 

Histogram: Translate.PageLoad.FinalTargetLanguage recorded 1 samples (flags = 0x1)
114573335  -O                                                                        (1 = 100.0%)

Histogram: Translate.PageLoad.InitialSourceLanguage recorded 1 samples (flags = 0x1)
114573335  -O                                                                        (1 = 100.0%)

Histogram: Translate.PageLoad.InitialState recorded 1 samples, mean = 1.0 (flags = 0x1)
0  O                                                                         (0 = 0.0%)
1  -O                                                                        (1 = 100.0%) {0.0%}
2  ... 

Histogram: Translate.PageLoad.InitialTargetLanguage recorded 1 samples (flags = 0x1)
114573335  -O                                                                        (1 = 100.0%)

Histogram: Translate.PageLoad.InitialTargetLanguage.Origin recorded 1 samples, mean = 1.0 (flags = 0x1)
0  O                                                                         (0 = 0.0%)
1  -O                                                                        (1 = 100.0%) {0.0%}
2  ... 

Histogram: Translate.PageLoad.IsInitialSourceLanguageInUsersContentLanguages recorded 1 samples, mean = 1.0 (flags = 0x1)
0  O                                                                         (0 = 0.0%)
1  -O                                                                        (1 = 100.0%) {0.0%}
2  O                                                                         (0 = 0.0%) {100.0%}

Histogram: Translate.PageLoad.NumReversions recorded 1 samples, mean = 0.0 (flags = 0x1)
0  -O                                                                        (1 = 100.0%)
1  ... 

Histogram: Translate.PageLoad.NumTargetLanguageChanges recorded 1 samples, mean = 0.0 (flags = 0x1)
0  -O                                                                        (1 = 100.0%)
1  ... 

Histogram: Translate.PageLoad.NumTranslations recorded 1 samples, mean = 0.0 (flags = 0x1)
0  -O                                                                        (1 = 100.0%)
1  ... 

Histogram: Translate.PageLoad.Ranker.Decision recorded 1 samples, mean = 1.0 (flags = 0x1)
0  O                                                                         (0 = 0.0%)
1  -O                                                                        (1 = 100.0%) {0.0%}
2  ... 

Histogram: Translate.PageLoad.Ranker.Version recorded 1 samples (flags = 0x1)
0  -O                                                                        (1 = 100.0%)

Histogram: Translate.PageLoad.TriggerDecision recorded 1 samples, mean = 4.0 (flags = 0x1)
0  ... 
4  -O                                                                        (1 = 100.0%) {0.0%}
5  ... 

Histogram: Translate.Ranker.Model.Status2 recorded 2 samples, mean = 6.5 (flags = 0x1)
0  ... 
6  -O                                                                        (1 = 50.0%) {0.0%}
7  -O                                                                        (1 = 50.0%) {50.0%}
8  O                                                                         (0 = 0.0%) {100.0%}

Histogram: UI.DeviceScale recorded 1 samples (flags = 0x1)
100  -O                                                                        (1 = 100.0%)

Histogram: UKM.ConsentObserver.Purge recorded 1 samples, mean = 0.0 (flags = 0x1)
0  -O                                                                        (1 = 100.0%)
1  ... 

Histogram: UKM.Entries.Dropped recorded 116 samples, mean = 1.0 (flags = 0x1)
0  O                                                                         (0 = 0.0%)
1  ------------------------------------------------------------------------O (116 = 100.0%) {0.0%}
2  ... 

Histogram: UKM.Entries.Dropped.ByEntryHash recorded 116 samples (flags = 0x1)
58315124    -O                                                                        (1 = 0.9%)
181657211   --O                                                                       (2 = 1.7%)
189164898   -O                                                                        (1 = 0.9%)
251237400   -O                                                                        (1 = 0.9%)
270025173   -O                                                                        (1 = 0.9%)
277070773   -O                                                                        (1 = 0.9%)
385121421   -O                                                                        (1 = 0.9%)
480593958   ----O                                                                     (4 = 3.4%)
532600439   ---O                                                                      (3 = 2.6%)
575234402   -O                                                                        (1 = 0.9%)
624513781   -O                                                                        (1 = 0.9%)
654949485   --------------O                                                           (14 = 12.1%)
661477988   -O                                                                        (1 = 0.9%)
705322609   ---O                                                                      (3 = 2.6%)
805578149   -O                                                                        (1 = 0.9%)
810755299   -O                                                                        (1 = 0.9%)
828084724   -------O                                                                  (7 = 6.0%)
854760832   -O                                                                        (1 = 0.9%)
888761441   -O                                                                        (1 = 0.9%)
902138984   --------O                                                                 (8 = 6.9%)
923024503   -O                                                                        (1 = 0.9%)
986870865   ---O                                                                      (3 = 2.6%)
1004547038  -O                                                                        (1 = 0.9%)
1035062417  -O                                                                        (1 = 0.9%)
1078164680  --O                                                                       (2 = 1.7%)
1149114043  -O                                                                        (1 = 0.9%)
1262170432  --------O                                                                 (8 = 6.9%)
1321082436  --O                                                                       (2 = 1.7%)
1350795912  -O                                                                        (1 = 0.9%)
1354891390  -O                                                                        (1 = 0.9%)
1404242571  -------O                                                                  (7 = 6.0%)
1548358279  -O                                                                        (1 = 0.9%)
1576109827  -O                                                                        (1 = 0.9%)
1604233346  -------O                                                                  (7 = 6.0%)
1645426679  -----O                                                                    (5 = 4.3%)
1663717192  -O                                                                        (1 = 0.9%)
1767609109  -----------O                                                              (11 = 9.5%)
1832900131  ----O                                                                     (4 = 3.4%)
1866365893  -O                                                                        (1 = 0.9%)
1871083634  -O                                                                        (1 = 0.9%)
2037740339  -O                                                                        (1 = 0.9%)
2066033668  -O                                                                        (1 = 0.9%)

Histogram: UKM.PersistentLogRecall.Status recorded 1 samples, mean = 1.0 (flags = 0x1)
0  O                                                                         (0 = 0.0%)
1  -O                                                                        (1 = 100.0%) {0.0%}
2  ... 

Histogram: UKM.Sources.Dropped recorded 7 samples, mean = 1.0 (flags = 0x1)
0  O                                                                         (0 = 0.0%)
1  -------O                                                                  (7 = 100.0%) {0.0%}
2  ... 

Histogram: UKM.WebDXFeatureSets.Dropped recorded 2 samples, mean = 1.0 (flags = 0x1)
0  O                                                                         (0 = 0.0%)
1  --O                                                                       (2 = 100.0%) {0.0%}
2  ... 

Histogram: UMA.ChildProcess.Ping.SharedMemorySetUp recorded 43 samples, mean = 1.0 (flags = 0x1)
0  ---------------O                                                          (15 = 34.9%)
1  --------------O                                                           (14 = 32.6%) {34.9%}
2  --------------O                                                           (14 = 32.6%) {67.4%}
3  O                                                                         (0 = 0.0%) {100.0%}

Histogram: UMA.CleanExitBeaconConsistency3 recorded 1 samples, mean = 0.0 (flags = 0x1)
0  -O                                                                        (1 = 100.0%)
1  ... 

Histogram: UMA.EntropySourceType recorded 1 samples, mean = 1.0 (flags = 0x1)
0  O                                                                         (0 = 0.0%)
1  -O                                                                        (1 = 100.0%) {0.0%}
2  ... 

Histogram: UMA.LocalHistogram recorded 16 samples, mean = 1.0
0  O                                                                         (0 = 0.0%)
1  ----------------O                                                         (16 = 100.0%) {0.0%}
2  O                                                                         (0 = 0.0%) {100.0%}

Histogram: UMA.MachineIdState recorded 1 samples, mean = 3.0 (flags = 0x1)
0  ... 
3  -O                                                                        (1 = 100.0%) {0.0%}
4  O                                                                         (0 = 0.0%) {100.0%}

Histogram: UMA.MetricsService.Initialize.Time recorded 1 samples, mean = 65.0 (flags = 0x1)
0   ... 
65  -O                                                                        (1 = 100.0%) {0.0%}
86  ... 

Histogram: UMA.MetricsService.PendingOngoingLogOnDisable recorded 1 samples, mean = 0.0 (flags = 0x1)
0  -O                                                                        (1 = 100.0%)
1  ... 

Histogram: UMA.PersistentAllocator.BrowserMetrics.Errors recorded 0 samples (flags = 0x1)
0 ... 

Histogram: UMA.PersistentAllocator.BrowserMetrics.UsedPct recorded 0 samples (flags = 0x1)
0 ... 

Histogram: UMA.PersistentAllocator.EarlyHistograms.GpuMetrics recorded 1 samples, mean = 25.0 (flags = 0x1)
0   ... 
25  -O                                                                        (1 = 100.0%) {0.0%}
26  ... 

Histogram: UMA.PersistentAllocator.EarlyHistograms.RendererMetrics recorded 3 samples, mean = 29.0 (flags = 0x1)
0   ... 
25  -O                                                                        (1 = 33.3%) {0.0%}
26  ... 
30  -O                                                                        (1 = 33.3%) {33.3%}
32  -O                                                                        (1 = 33.3%) {66.7%}
34  ... 

Histogram: UMA.PersistentAllocator.EarlyHistograms.UtilityMetrics recorded 10 samples, mean = 8.2 (flags = 0x1)
0   ... 
7   ---------O                                                                (9 = 90.0%) {0.0%}
8   ... 
19  -O                                                                        (1 = 10.0%) {90.0%}
20  ... 

Histogram: UMA.PersistentAllocator.FieldTrialAllocator.Errors recorded 0 samples (flags = 0x1)
0 ... 

Histogram: UMA.PersistentAllocator.FieldTrialAllocator.UsedPct recorded 15 samples, mean = 0.0 (flags = 0x1)
0  ---------------O                                                          (15 = 100.0%)
1  ... 

Histogram: UMA.PersistentHistograms.InitResult recorded 1 samples, mean = 2.0 (flags = 0x1)
0  ... 
2  -O                                                                        (1 = 100.0%) {0.0%}
3  ... 

Histogram: UMA.Pseudo.PageLoad.LayoutInstability.CumulativeShiftScore recorded 1 samples, mean = 0.0 (flags = 0x1)
0  -O                                                                        (1 = 100.0%)
1  ... 

Histogram: UMA.Pseudo.PageLoad.LayoutInstability.MaxCumulativeShiftScore.SessionWindow.Gap1000ms.Max5000ms2 recorded 1 samples, mean = 0.0 (flags = 0x1)
0  -O                                                                        (1 = 100.0%)
1  ... 

Histogram: UnifiedConsent.MakeSearchesAndBrowsingBetter.OnProfileLoad recorded 1 samples, mean = 0.0 (flags = 0x1)
0  -O                                                                        (1 = 100.0%)
1  ... 

Histogram: UpdateClient.BackgroundDownloaderWin.ExistingJobUsed recorded 3 samples, mean = 0.0 (flags = 0x1)
0  ---O                                                                      (3 = 100.0%)
1  ... 

Histogram: UpdateClient.BackgroundDownloaderWin.StaleJobsCleaned recorded 1 samples, mean = 0.0 (flags = 0x1)
0  -O                                                                        (1 = 100.0%)
1  ... 

Histogram: UpdateClient.Component.CanUpdateResult recorded 3 samples, mean = 3.0 (flags = 0x1)
0  ... 
3  ---O                                                                      (3 = 100.0%) {0.0%}
4  O                                                                         (0 = 0.0%) {100.0%}

Histogram: UpdateClient.Component.UpdateCheckResult recorded 19 samples, mean = 2.8 (flags = 0x1)
0  ... 
2  ---O                                                                      (3 = 15.8%) {0.0%}
3  ----------------O                                                         (16 = 84.2%) {15.8%}
4  O                                                                         (0 = 0.0%) {100.0%}

Histogram: UpdateClient.Component.Updated recorded 3 samples, mean = 1.0 (flags = 0x1)
0  O                                                                         (0 = 0.0%)
1  ---O                                                                      (3 = 100.0%) {0.0%}
2  O                                                                         (0 = 0.0%) {100.0%}

Histogram: UpdateClient.CrxDownloader.DownloadCompleteSuccess recorded 3 samples, mean = 1.0 (flags = 0x1)
0  O                                                                         (0 = 0.0%)
1  ---O                                                                      (3 = 100.0%) {0.0%}
2  O                                                                         (0 = 0.0%) {100.0%}

Histogram: V8.CollectSourcePositions recorded 29 samples, mean = 66.3 (flags = 0x1)
0    ... 
3    -O                                                                        (1 = 3.4%) {0.0%}
4    O                                                                         (0 = 0.0%) {3.4%}
5    --O                                                                       (2 = 6.9%) {3.4%}
7    -O                                                                        (1 = 3.4%) {10.3%}
9    --O                                                                       (2 = 6.9%) {13.8%}
12   -O                                                                        (1 = 3.4%) {20.7%}
16   -O                                                                        (1 = 3.4%) {24.1%}
21   ---O                                                                      (3 = 10.3%) {27.6%}
28   ---O                                                                      (3 = 10.3%) {37.9%}
37   --O                                                                       (2 = 6.9%) {48.3%}
49   ----O                                                                     (4 = 13.8%) {55.2%}
65   --O                                                                       (2 = 6.9%) {69.0%}
86   ---O                                                                      (3 = 10.3%) {75.9%}
113  --O                                                                       (2 = 6.9%) {86.2%}
149  ... 
258  -O                                                                        (1 = 3.4%) {93.1%}
340  -O                                                                        (1 = 3.4%) {96.6%}
448  ... 

Histogram: V8.CompileLazyMicroSeconds recorded 5 samples, mean = 4862.2 (flags = 0x1)
0      ... 
40     -O                                                                        (1 = 20.0%) {0.0%}
55     ... 
1447   --O                                                                       (2 = 40.0%) {20.0%}
2008   ... 
3865   -O                                                                        (1 = 20.0%) {60.0%}
5362   ... 
14319  -O                                                                        (1 = 20.0%) {80.0%}
19866  ... 

Histogram: V8.CompileMicroSeconds recorded 22 samples, mean = 35.0 (flags = 0x1)
0    ... 
2    ----------O                                                               (10 = 45.5%) {0.0%}
3    ... 
5    -O                                                                        (1 = 4.5%) {45.5%}
7    O                                                                         (0 = 0.0%) {50.0%}
9    -O                                                                        (1 = 4.5%) {50.0%}
12   -O                                                                        (1 = 4.5%) {54.5%}
16   -O                                                                        (1 = 4.5%) {59.1%}
21   -----O                                                                    (5 = 22.7%) {63.6%}
28   -O                                                                        (1 = 4.5%) {86.4%}
37   ... 
149  -O                                                                        (1 = 4.5%) {90.9%}
196  ... 
340  -O                                                                        (1 = 4.5%) {95.5%}
448  ... 

Histogram: V8.CompileScript.CacheBehaviour recorded 47 samples, mean = 9.0 (flags = 0x1)
0   O                                                                         (0 = 0.0%)
1   -O                                                                        (1 = 2.1%) {0.0%}
2   ... 
4   ----------------O                                                         (16 = 34.0%) {2.1%}
5   ... 
8   --O                                                                       (2 = 4.3%) {36.2%}
9   ... 
12  ------------------------O                                                 (24 = 51.1%) {40.4%}
13  ----O                                                                     (4 = 8.5%) {91.5%}
14  ... 

Histogram: V8.CompileScriptMicroSeconds recorded 47 samples, mean = 46.8 (flags = 0x1)
0    ... 
4    --O                                                                       (2 = 4.3%) {0.0%}
5    -------O                                                                  (7 = 14.9%) {4.3%}
7    -----O                                                                    (5 = 10.6%) {19.1%}
9    -----O                                                                    (5 = 10.6%) {29.8%}
12   ---------O                                                                (9 = 19.1%) {40.4%}
16   ---O                                                                      (3 = 6.4%) {59.6%}
21   --O                                                                       (2 = 4.3%) {66.0%}
28   -----O                                                                    (5 = 10.6%) {70.2%}
37   --O                                                                       (2 = 4.3%) {80.9%}
49   -O                                                                        (1 = 2.1%) {85.1%}
65   ---O                                                                      (3 = 6.4%) {87.2%}
86   O                                                                         (0 = 0.0%) {93.6%}
113  -O                                                                        (1 = 2.1%) {93.6%}
149  ... 
340  -O                                                                        (1 = 2.1%) {95.7%}
448  ... 
777  -O                                                                        (1 = 2.1%) {97.9%}
1023 ... 

Histogram: V8.CompileScriptMicroSeconds.BackgroundThread recorded 24 samples, mean = 8657.8 (flags = 0x1)
0       ... 
149     -O                                                                        (1 = 4.2%) {0.0%}
196     --O                                                                       (2 = 8.3%) {4.2%}
258     --O                                                                       (2 = 8.3%) {12.5%}
340     --O                                                                       (2 = 8.3%) {20.8%}
448     --O                                                                       (2 = 8.3%) {29.2%}
590     O                                                                         (0 = 0.0%) {37.5%}
777     ---O                                                                      (3 = 12.5%) {37.5%}
1023    O                                                                         (0 = 0.0%) {50.0%}
1347    --O                                                                       (2 = 8.3%) {50.0%}
1774    O                                                                         (0 = 0.0%) {58.3%}
2336    --O                                                                       (2 = 8.3%) {58.3%}
3077    --O                                                                       (2 = 8.3%) {66.7%}
4053    --O                                                                       (2 = 8.3%) {75.0%}
5338    -O                                                                        (1 = 4.2%) {83.3%}
7031    O                                                                         (0 = 0.0%) {87.5%}
9260    -O                                                                        (1 = 4.2%) {87.5%}
12196   O                                                                         (0 = 0.0%) {91.7%}
16063   -O                                                                        (1 = 4.2%) {91.7%}
21156   ... 
110434  -O                                                                        (1 = 4.2%) {95.8%}
145450  ... 

Histogram: V8.CompileScriptMicroSeconds.IsolateCacheHit recorded 1 samples, mean = 20.0 (flags = 0x1)
0   ... 
16  -O                                                                        (1 = 100.0%) {0.0%}
21  ... 

Histogram: V8.CompileScriptMicroSeconds.NoCache.InlineScript recorded 16 samples, mean = 33.6 (flags = 0x1)
0    ... 
4    -O                                                                        (1 = 6.2%) {0.0%}
5    -O                                                                        (1 = 6.2%) {6.2%}
7    -O                                                                        (1 = 6.2%) {12.5%}
9    -O                                                                        (1 = 6.2%) {18.8%}
12   ----O                                                                     (4 = 25.0%) {25.0%}
16   -O                                                                        (1 = 6.2%) {50.0%}
21   -O                                                                        (1 = 6.2%) {56.2%}
28   -O                                                                        (1 = 6.2%) {62.5%}
37   -O                                                                        (1 = 6.2%) {68.8%}
49   O                                                                         (0 = 0.0%) {75.0%}
65   ---O                                                                      (3 = 18.8%) {75.0%}
86   O                                                                         (0 = 0.0%) {93.8%}
113  -O                                                                        (1 = 6.2%) {93.8%}
149  ... 

Histogram: V8.CompileScriptMicroSeconds.NoCache.Other recorded 6 samples, mean = 233.5 (flags = 0x1)
0    ... 
28   --O                                                                       (2 = 33.3%) {0.0%}
37   -O                                                                        (1 = 16.7%) {33.3%}
49   -O                                                                        (1 = 16.7%) {50.0%}
65   ... 
340  -O                                                                        (1 = 16.7%) {66.7%}
448  ... 
777  -O                                                                        (1 = 16.7%) {83.3%}
1023 ... 

Histogram: V8.CompileScriptMicroSeconds.StreamingFinalization recorded 24 samples, mean = 12.2 (flags = 0x1)
0   ... 
4   -O                                                                        (1 = 4.2%) {0.0%}
5   ---O                                                                      (3 = 12.5%) {4.2%}
7   ----O                                                                     (4 = 16.7%) {16.7%}
9   -------O                                                                  (7 = 29.2%) {33.3%}
12  -----O                                                                    (5 = 20.8%) {62.5%}
16  -O                                                                        (1 = 4.2%) {83.3%}
21  -O                                                                        (1 = 4.2%) {87.5%}
28  --O                                                                       (2 = 8.3%) {91.7%}
37  ... 

Histogram: V8.CompileSerializeMicroSeconds recorded 18 samples, mean = 126.4 (flags = 0x1)
0    ... 
16   -O                                                                        (1 = 5.6%) {0.0%}
20   -O                                                                        (1 = 5.6%) {5.6%}
25   ... 
39   -O                                                                        (1 = 5.6%) {11.1%}
49   -----O                                                                    (5 = 27.8%) {16.7%}
61   -O                                                                        (1 = 5.6%) {44.4%}
76   ---O                                                                      (3 = 16.7%) {50.0%}
95   --O                                                                       (2 = 11.1%) {66.7%}
119  O                                                                         (0 = 0.0%) {77.8%}
149  -O                                                                        (1 = 5.6%) {77.8%}
186  O                                                                         (0 = 0.0%) {83.3%}
233  --O                                                                       (2 = 11.1%) {83.3%}
292  ... 
716  -O                                                                        (1 = 5.6%) {94.4%}
896  ... 

Histogram: V8.ErrorsThrownPerContext recorded 1 samples, mean = 0.0 (flags = 0x1)
0  -O                                                                        (1 = 100.0%)
1  ... 

Histogram: V8.GC.Cycle.CollectionRate.Full recorded 1 samples, mean = 82.0 (flags = 0x1)
0   ... 
80  -O                                                                        (1 = 100.0%) {0.0%}
100 O                                                                         (0 = 0.0%) {100.0%}

Histogram: V8.GC.Cycle.CollectionRate.Full.Cpp recorded 1 samples, mean = 66.0 (flags = 0x1)
0   ... 
64  -O                                                                        (1 = 100.0%) {0.0%}
80  ... 

Histogram: V8.GC.Cycle.CollectionRate.Young recorded 9 samples, mean = 37.1 (flags = 0x1)
0   ... 
17  -O                                                                        (1 = 11.1%) {0.0%}
21  -O                                                                        (1 = 11.1%) {11.1%}
26  ---O                                                                      (3 = 33.3%) {22.2%}
33  -O                                                                        (1 = 11.1%) {55.6%}
41  -O                                                                        (1 = 11.1%) {66.7%}
51  --O                                                                       (2 = 22.2%) {77.8%}
64  ... 

Histogram: V8.GC.Cycle.CollectionWeight.Full recorded 1 samples, mean = 0.0 (flags = 0x1)
0  -O                                                                        (1 = 100.0%)
1  ... 

Histogram: V8.GC.Cycle.CollectionWeight.Full.Cpp recorded 1 samples, mean = 0.0 (flags = 0x1)
0  -O                                                                        (1 = 100.0%)
1  ... 

Histogram: V8.GC.Cycle.CollectionWeight.MainThread.Full recorded 1 samples, mean = 0.0 (flags = 0x1)
0  -O                                                                        (1 = 100.0%)
1  ... 

Histogram: V8.GC.Cycle.CollectionWeight.MainThread.Full.Cpp recorded 1 samples, mean = 0.0 (flags = 0x1)
0  -O                                                                        (1 = 100.0%)
1  ... 

Histogram: V8.GC.Cycle.Efficiency.Full recorded 1 samples, mean = 27.0 (flags = 0x1)
0   ... 
26  -O                                                                        (1 = 100.0%) {0.0%}
35  ... 

Histogram: V8.GC.Cycle.Efficiency.Full.Cpp recorded 1 samples, mean = 123.0 (flags = 0x1)
0    ... 
120  -O                                                                        (1 = 100.0%) {0.0%}
163  ... 

Histogram: V8.GC.Cycle.Efficiency.MainThread.Full recorded 1 samples, mean = 125.0 (flags = 0x1)
0    ... 
120  -O                                                                        (1 = 100.0%) {0.0%}
163  ... 

Histogram: V8.GC.Cycle.Efficiency.MainThread.Full.Cpp recorded 1 samples, mean = 197.0 (flags = 0x1)
0    ... 
163  -O                                                                        (1 = 100.0%) {0.0%}
222  ... 

Histogram: V8.GC.Cycle.Efficiency.MainThread.Young recorded 9 samples, mean = 2194.7 (flags = 0x1)
0     ... 
302   -O                                                                        (1 = 11.1%) {0.0%}
411   -O                                                                        (1 = 11.1%) {11.1%}
559   -O                                                                        (1 = 11.1%) {22.2%}
760   ... 
1407  -O                                                                        (1 = 11.1%) {33.3%}
1914  --O                                                                       (2 = 22.2%) {44.4%}
2604  -O                                                                        (1 = 11.1%) {66.7%}
3542  --O                                                                       (2 = 22.2%) {77.8%}
4818  ... 

Histogram: V8.GC.Cycle.Efficiency.Young recorded 9 samples, mean = 834.9 (flags = 0x1)
0     ... 
222   --O                                                                       (2 = 22.2%) {0.0%}
302   O                                                                         (0 = 0.0%) {22.2%}
411   -O                                                                        (1 = 11.1%) {22.2%}
559   O                                                                         (0 = 0.0%) {33.3%}
760   ---O                                                                      (3 = 33.3%) {33.3%}
1034  --O                                                                       (2 = 22.2%) {66.7%}
1407  -O                                                                        (1 = 11.1%) {88.9%}
1914  ... 

Histogram: V8.GC.Cycle.Full recorded 1 samples, mean = 89.0 (flags = 0x1)
0   ... 
81  -O                                                                        (1 = 100.0%) {0.0%}
96  ... 

Histogram: V8.GC.Cycle.Full.Compact recorded 1 samples, mean = 14.0 (flags = 0x1)
0   ... 
14  -O                                                                        (1 = 100.0%) {0.0%}
17  ... 

Histogram: V8.GC.Cycle.Full.Compact.Cpp recorded 1 samples, mean = 3.0 (flags = 0x1)
0  ... 
3  -O                                                                        (1 = 100.0%) {0.0%}
4  ... 

Histogram: V8.GC.Cycle.Full.Cpp recorded 1 samples, mean = 17.0 (flags = 0x1)
0   ... 
17  -O                                                                        (1 = 100.0%) {0.0%}
20  ... 

Histogram: V8.GC.Cycle.Full.Mark recorded 1 samples, mean = 52.0 (flags = 0x1)
0   ... 
48  -O                                                                        (1 = 100.0%) {0.0%}
57  ... 

Histogram: V8.GC.Cycle.Full.Mark.Cpp recorded 1 samples, mean = 9.0 (flags = 0x1)
0  ... 
8  -O                                                                        (1 = 100.0%) {0.0%}
10 ... 

Histogram: V8.GC.Cycle.Full.Sweep recorded 1 samples, mean = 12.0 (flags = 0x1)
0   ... 
12  -O                                                                        (1 = 100.0%) {0.0%}
14  ... 

Histogram: V8.GC.Cycle.Full.Sweep.Cpp recorded 1 samples, mean = 3.0 (flags = 0x1)
0  ... 
3  -O                                                                        (1 = 100.0%) {0.0%}
4  ... 

Histogram: V8.GC.Cycle.Full.Weak recorded 1 samples, mean = 2.0 (flags = 0x1)
0  ... 
2  -O                                                                        (1 = 100.0%) {0.0%}
3  ... 

Histogram: V8.GC.Cycle.Full.Weak.Cpp recorded 1 samples, mean = 0.0 (flags = 0x1)
0  -O                                                                        (1 = 100.0%)
1  ... 

Histogram: V8.GC.Cycle.MainThread.Full recorded 1 samples, mean = 19.0 (flags = 0x1)
0   ... 
17  -O                                                                        (1 = 100.0%) {0.0%}
20  ... 

Histogram: V8.GC.Cycle.MainThread.Full.Atomic recorded 1 samples, mean = 16.0 (flags = 0x1)
0   ... 
14  -O                                                                        (1 = 100.0%) {0.0%}
17  ... 

Histogram: V8.GC.Cycle.MainThread.Full.Atomic.Compact recorded 1 samples, mean = 5.0 (flags = 0x1)
0  ... 
5  -O                                                                        (1 = 100.0%) {0.0%}
6  ... 

Histogram: V8.GC.Cycle.MainThread.Full.Atomic.Compact.Cpp recorded 1 samples, mean = 3.0 (flags = 0x1)
0  ... 
3  -O                                                                        (1 = 100.0%) {0.0%}
4  ... 

Histogram: V8.GC.Cycle.MainThread.Full.Atomic.Cpp recorded 1 samples, mean = 4.0 (flags = 0x1)
0  ... 
4  -O                                                                        (1 = 100.0%) {0.0%}
5  ... 

Histogram: V8.GC.Cycle.MainThread.Full.Atomic.Mark recorded 1 samples, mean = 0.0 (flags = 0x1)
0  -O                                                                        (1 = 100.0%)
1  ... 

Histogram: V8.GC.Cycle.MainThread.Full.Atomic.Mark.Cpp recorded 1 samples, mean = 0.0 (flags = 0x1)
0  -O                                                                        (1 = 100.0%)
1  ... 

Histogram: V8.GC.Cycle.MainThread.Full.Atomic.Sweep recorded 1 samples, mean = 1.0 (flags = 0x1)
0  O                                                                         (0 = 0.0%)
1  -O                                                                        (1 = 100.0%) {0.0%}
2  ... 

Histogram: V8.GC.Cycle.MainThread.Full.Atomic.Sweep.Cpp recorded 1 samples, mean = 0.0 (flags = 0x1)
0  -O                                                                        (1 = 100.0%)
1  ... 

Histogram: V8.GC.Cycle.MainThread.Full.Atomic.Weak recorded 1 samples, mean = 2.0 (flags = 0x1)
0  ... 
2  -O                                                                        (1 = 100.0%) {0.0%}
3  ... 

Histogram: V8.GC.Cycle.MainThread.Full.Atomic.Weak.Cpp recorded 1 samples, mean = 0.0 (flags = 0x1)
0  -O                                                                        (1 = 100.0%)
1  ... 

Histogram: V8.GC.Cycle.MainThread.Full.Compact recorded 1 samples, mean = 5.0 (flags = 0x1)
0  ... 
5  -O                                                                        (1 = 100.0%) {0.0%}
6  ... 

Histogram: V8.GC.Cycle.MainThread.Full.Compact.Cpp recorded 1 samples, mean = 3.0 (flags = 0x1)
0  ... 
3  -O                                                                        (1 = 100.0%) {0.0%}
4  ... 

Histogram: V8.GC.Cycle.MainThread.Full.Cpp recorded 1 samples, mean = 10.0 (flags = 0x1)
0   ... 
10  -O                                                                        (1 = 100.0%) {0.0%}
12  ... 

Histogram: V8.GC.Cycle.MainThread.Full.Incremental.Mark recorded 1 samples, mean = 3.0 (flags = 0x1)
0  ... 
3  -O                                                                        (1 = 100.0%) {0.0%}
4  ... 

Histogram: V8.GC.Cycle.MainThread.Full.Incremental.Mark.Cpp recorded 1 samples, mean = 4.0 (flags = 0x1)
0  ... 
4  -O                                                                        (1 = 100.0%) {0.0%}
5  ... 

Histogram: V8.GC.Cycle.MainThread.Full.Incremental.Mark.StartStop recorded 1 samples, mean = 8.0 (flags = 0x1)
0  ... 
8  -O                                                                        (1 = 100.0%) {0.0%}
10 ... 

Histogram: V8.GC.Cycle.MainThread.Full.Incremental.Sweep recorded 1 samples, mean = 0.0 (flags = 0x1)
0  -O                                                                        (1 = 100.0%)
1  ... 

Histogram: V8.GC.Cycle.MainThread.Full.Incremental.Sweep.Cpp recorded 1 samples, mean = 2.0 (flags = 0x1)
0  ... 
2  -O                                                                        (1 = 100.0%) {0.0%}
3  ... 

Histogram: V8.GC.Cycle.MainThread.Full.Mark recorded 1 samples, mean = 3.0 (flags = 0x1)
0  ... 
3  -O                                                                        (1 = 100.0%) {0.0%}
4  ... 

Histogram: V8.GC.Cycle.MainThread.Full.Mark.Cpp recorded 1 samples, mean = 4.0 (flags = 0x1)
0  ... 
4  -O                                                                        (1 = 100.0%) {0.0%}
5  ... 

Histogram: V8.GC.Cycle.MainThread.Full.Sweep recorded 1 samples, mean = 1.0 (flags = 0x1)
0  O                                                                         (0 = 0.0%)
1  -O                                                                        (1 = 100.0%) {0.0%}
2  ... 

Histogram: V8.GC.Cycle.MainThread.Full.Sweep.Cpp recorded 1 samples, mean = 2.0 (flags = 0x1)
0  ... 
2  -O                                                                        (1 = 100.0%) {0.0%}
3  ... 

Histogram: V8.GC.Cycle.MainThread.Full.Weak recorded 1 samples, mean = 2.0 (flags = 0x1)
0  ... 
2  -O                                                                        (1 = 100.0%) {0.0%}
3  ... 

Histogram: V8.GC.Cycle.MainThread.Full.Weak.Cpp recorded 1 samples, mean = 0.0 (flags = 0x1)
0  -O                                                                        (1 = 100.0%)
1  ... 

Histogram: V8.GC.Cycle.MainThread.Young recorded 9 samples, mean = 0.0 (flags = 0x1)
0  ---------O                                                                (9 = 100.0%)
1  ... 

Histogram: V8.GC.Cycle.Memory.Freed.Full recorded 1 samples, mean = 8192.0 (flags = 0x1)
0     ... 
6554  -O                                                                        (1 = 100.0%) {0.0%}
8915  ... 

Histogram: V8.GC.Cycle.Memory.Freed.Full.Cpp recorded 1 samples, mean = 1536.0 (flags = 0x1)
0     ... 
1407  -O                                                                        (1 = 100.0%) {0.0%}
1914  ... 

Histogram: V8.GC.Cycle.Objects.After.Full recorded 1 samples, mean = 11960.0 (flags = 0x1)
0     ... 
8915  -O                                                                        (1 = 100.0%) {0.0%}
12127 ... 

Histogram: V8.GC.Cycle.Objects.After.Full.Cpp recorded 1 samples, mean = 4236.0 (flags = 0x1)
0     ... 
3542  -O                                                                        (1 = 100.0%) {0.0%}
4818  ... 

Histogram: V8.GC.Cycle.Objects.Before.Full recorded 1 samples, mean = 14443.0 (flags = 0x1)
0      ... 
12127  -O                                                                        (1 = 100.0%) {0.0%}
16496  ... 

Histogram: V8.GC.Cycle.Objects.Before.Full.Cpp recorded 1 samples, mean = 6398.0 (flags = 0x1)
0     ... 
4818  -O                                                                        (1 = 100.0%) {0.0%}
6554  ... 

Histogram: V8.GC.Cycle.Objects.Freed.Full recorded 1 samples, mean = 2483.0 (flags = 0x1)
0     ... 
1914  -O                                                                        (1 = 100.0%) {0.0%}
2604  ... 

Histogram: V8.GC.Cycle.Objects.Freed.Full.Cpp recorded 1 samples, mean = 2162.0 (flags = 0x1)
0     ... 
1914  -O                                                                        (1 = 100.0%) {0.0%}
2604  ... 

Histogram: V8.GC.Cycle.Reason.Full recorded 1 samples, mean = 9.0 (flags = 0x1)
0  ... 
9  -O                                                                        (1 = 100.0%) {0.0%}
10 ... 

Histogram: V8.GC.Cycle.Reason.Young recorded 9 samples, mean = 2.2 (flags = 0x1)
0   O                                                                         (0 = 0.0%)
1   --------O                                                                 (8 = 88.9%) {0.0%}
2   ... 
12  -O                                                                        (1 = 11.1%) {88.9%}
13  ... 

Histogram: V8.GC.Cycle.Young recorded 9 samples, mean = 1.2 (flags = 0x1)
0  -O                                                                        (1 = 11.1%)
1  ------O                                                                   (6 = 66.7%) {11.1%}
2  -O                                                                        (1 = 11.1%) {77.8%}
3  -O                                                                        (1 = 11.1%) {88.9%}
4  ... 

Histogram: V8.GC.Event.MainThread.Full.Finalize.Incremental.ReduceMemory recorded 2 samples, mean = 10.0 (flags = 0x1)
0   ... 
4   -O                                                                        (1 = 50.0%) {0.0%}
5   ... 
14  -O                                                                        (1 = 50.0%) {50.0%}
17  ... 

Histogram: V8.GC.Event.MainThread.Full.Finalize.Incremental.ReduceMemory.Foreground recorded 2 samples, mean = 10.0 (flags = 0x1)
0   ... 
4   -O                                                                        (1 = 50.0%) {0.0%}
5   ... 
14  -O                                                                        (1 = 50.0%) {50.0%}
17  ... 

Histogram: V8.GC.Event.MainThread.Full.Incremental.Mark recorded 64 samples, mean = 0.0 (flags = 0x1)
0  ----------------------------------------------------------------O         (64 = 100.0%)
1  ... 

Histogram: V8.GC.Event.MainThread.Full.Incremental.Mark.Cpp recorded 66 samples, mean = 0.0 (flags = 0x1)
0  ----------------------------------------------------------------O         (64 = 97.0%)
1  --O                                                                       (2 = 3.0%) {97.0%}
2  ... 

Histogram: V8.GC.Event.MainThread.Full.Incremental.Sweep.Cpp recorded 161 samples, mean = 0.0 (flags = 0x1)
0  ------------------------------------------------------------------------O (160 = 99.4%)
1  O                                                                         (0 = 0.0%) {99.4%}
2  O                                                                         (1 = 0.6%) {99.4%}
3  ... 

Histogram: V8.GC.TimeToSafepoint recorded 13 samples, mean = 1.2 (flags = 0x1)
0  -------O                                                                  (7 = 53.8%)
1  ----O                                                                     (4 = 30.8%) {53.8%}
2  ... 
4  -O                                                                        (1 = 7.7%) {84.6%}
6  -O                                                                        (1 = 7.7%) {92.3%}
8  ... 

Histogram: V8.GCIncrementalMarking recorded 74 samples, mean = 0.0 (flags = 0x1)
0  ------------------------------------------------------------------------O (72 = 97.3%)
1  --O                                                                       (2 = 2.7%) {97.3%}
2  ... 

Histogram: V8.GCIncrementalMarkingReason recorded 2 samples, mean = 17.0 (flags = 0x1)
0   ... 
17  --O                                                                       (2 = 100.0%) {0.0%}
18  ... 

Histogram: V8.GCIncrementalMarkingStart recorded 2 samples, mean = 0.0 (flags = 0x1)
0  --O                                                                       (2 = 100.0%)
1  ... 

Histogram: V8.GCMarkCompactReason recorded 1 samples, mean = 9.0 (flags = 0x1)
0  ... 
9  -O                                                                        (1 = 100.0%) {0.0%}
10 ... 

Histogram: V8.GCScavenger.ScavengeMain recorded 9 samples, mean = 0.0 (flags = 0x1)
0  ---------O                                                                (9 = 100.0%)
1  ... 

Histogram: V8.GCScavenger.ScavengeRoots recorded 9 samples, mean = 0.0 (flags = 0x1)
0  ---------O                                                                (9 = 100.0%)
1  ... 

Histogram: V8.JSDispatchTableEntriesCount recorded 2 samples, mean = 0.0 (flags = 0x1)
0  --O                                                                       (2 = 100.0%)
1  ... 

Histogram: V8.LocalWindowProxy.CreateContextTime recorded 4 samples, mean = 0.8 (flags = 0x1)
0  --O                                                                       (2 = 50.0%)
1  -O                                                                        (1 = 25.0%) {50.0%}
2  -O                                                                        (1 = 25.0%) {75.0%}
3  ... 

Histogram: V8.LocalWindowProxy.InitializeTime recorded 4 samples, mean = 2.2 (flags = 0x1)
0  O                                                                         (0 = 0.0%)
1  --O                                                                       (2 = 50.0%) {0.0%}
2  O                                                                         (0 = 0.0%) {50.0%}
3  -O                                                                        (1 = 25.0%) {50.0%}
4  -O                                                                        (1 = 25.0%) {75.0%}
5  ... 

Histogram: V8.MaglevOptimizeExecute recorded 135 samples, mean = 292.4 (flags = 0x1)
0     ... 
10    -O                                                                        (1 = 0.7%) {0.0%}
13    ... 
25    --O                                                                       (2 = 1.5%) {0.7%}
31    ---O                                                                      (3 = 2.2%) {2.2%}
39    -----O                                                                    (5 = 3.7%) {4.4%}
49    --------O                                                                 (8 = 5.9%) {8.1%}
61    -------O                                                                  (7 = 5.2%) {14.1%}
76    -----------O                                                              (11 = 8.1%) {19.3%}
95    ----------O                                                               (10 = 7.4%) {27.4%}
119   ------------------O                                                       (18 = 13.3%) {34.8%}
149   ------------O                                                             (12 = 8.9%) {48.1%}
186   -----------O                                                              (11 = 8.1%) {57.0%}
233   ---------O                                                                (9 = 6.7%) {65.2%}
292   -----------O                                                              (11 = 8.1%) {71.9%}
365   --------O                                                                 (8 = 5.9%) {80.0%}
457   ----O                                                                     (4 = 3.0%) {85.9%}
572   -----O                                                                    (5 = 3.7%) {88.9%}
716   --O                                                                       (2 = 1.5%) {92.6%}
896   ----O                                                                     (4 = 3.0%) {94.1%}
1122  --O                                                                       (2 = 1.5%) {97.0%}
1404  ... 
2753  -O                                                                        (1 = 0.7%) {98.5%}
3446  -O                                                                        (1 = 0.7%) {99.3%}
4313  ... 

Histogram: V8.MaglevOptimizeFinalize recorded 135 samples, mean = 7.0 (flags = 0x1)
0    ---------O                                                                (9 = 6.7%)
1    -----------O                                                              (11 = 8.1%) {6.7%}
2    ------O                                                                   (6 = 4.4%) {14.8%}
3    ------------------O                                                       (18 = 13.3%) {19.3%}
4    -----------------------O                                                  (23 = 17.0%) {32.6%}
5    -------------O                                                            (13 = 9.6%) {49.6%}
6    ------------------O                                                       (18 = 13.3%) {59.3%}
8    --------------O                                                           (14 = 10.4%) {72.6%}
10   ----------------O                                                         (16 = 11.9%) {83.0%}
13   ---O                                                                      (3 = 2.2%) {94.8%}
16   O                                                                         (0 = 0.0%) {97.0%}
20   -O                                                                        (1 = 0.7%) {97.0%}
25   O                                                                         (0 = 0.0%) {97.8%}
31   --O                                                                       (2 = 1.5%) {97.8%}
39   ... 
149  -O                                                                        (1 = 0.7%) {99.3%}
186  ... 

Histogram: V8.MaglevOptimizePrepare recorded 135 samples, mean = 0.1 (flags = 0x1)
0  ------------------------------------------------------------------------O (119 = 88.1%)
1  ----------O                                                               (16 = 11.9%) {88.1%}
2  ... 

Histogram: V8.MaglevOptimizeTotalTime recorded 135 samples, mean = 726.5 (flags = 0x1)
0      ... 
28     -O                                                                        (1 = 0.7%) {0.0%}
37     O                                                                         (0 = 0.0%) {0.7%}
49     -----O                                                                    (5 = 3.7%) {0.7%}
65     ----------O                                                               (10 = 7.4%) {4.4%}
86     -----------O                                                              (11 = 8.1%) {11.9%}
113    -------------O                                                            (13 = 9.6%) {20.0%}
149    ------------O                                                             (12 = 8.9%) {29.6%}
196    ----------------------O                                                   (22 = 16.3%) {38.5%}
258    --------------O                                                           (14 = 10.4%) {54.8%}
340    --------------O                                                           (14 = 10.4%) {65.2%}
448    --------------O                                                           (14 = 10.4%) {75.6%}
590    ----O                                                                     (4 = 3.0%) {85.9%}
777    ----O                                                                     (4 = 3.0%) {88.9%}
1023   -----O                                                                    (5 = 3.7%) {91.9%}
1347   --O                                                                       (2 = 1.5%) {95.6%}
1774   ... 
3077   -O                                                                        (1 = 0.7%) {97.0%}
4053   ... 
9260   --O                                                                       (2 = 1.5%) {97.8%}
12196  ... 
27864  -O                                                                        (1 = 0.7%) {99.3%}
36699  ... 

Histogram: V8.MemoryExternalFragmentationCodeSpace recorded 11 samples, mean = 52.9 (flags = 0x1)
0   ... 
18  -O                                                                        (1 = 9.1%) {0.0%}
19  O                                                                         (0 = 0.0%) {9.1%}
20  -O                                                                        (1 = 9.1%) {9.1%}
21  ... 
24  -O                                                                        (1 = 9.1%) {18.2%}
25  ... 
38  -O                                                                        (1 = 9.1%) {27.3%}
39  -O                                                                        (1 = 9.1%) {36.4%}
40  ... 
62  -O                                                                        (1 = 9.1%) {45.5%}
63  ... 
67  -O                                                                        (1 = 9.1%) {54.5%}
68  ... 
71  -O                                                                        (1 = 9.1%) {63.6%}
72  ... 
76  -O                                                                        (1 = 9.1%) {72.7%}
77  ... 
79  -O                                                                        (1 = 9.1%) {81.8%}
80  ... 
88  -O                                                                        (1 = 9.1%) {90.9%}
89  ... 

Histogram: V8.MemoryExternalFragmentationLoSpace recorded 11 samples, mean = 2.1 (flags = 0x1)
0  O                                                                         (0 = 0.0%)
1  -----O                                                                    (5 = 45.5%) {0.0%}
2  O                                                                         (0 = 0.0%) {45.5%}
3  ------O                                                                   (6 = 54.5%) {45.5%}
4  ... 

Histogram: V8.MemoryExternalFragmentationOldSpace recorded 11 samples, mean = 11.0 (flags = 0x1)
0   ... 
5   -O                                                                        (1 = 9.1%) {0.0%}
6   -O                                                                        (1 = 9.1%) {9.1%}
7   -O                                                                        (1 = 9.1%) {18.2%}
8   O                                                                         (0 = 0.0%) {27.3%}
9   --O                                                                       (2 = 18.2%) {27.3%}
10  ... 
12  -O                                                                        (1 = 9.1%) {45.5%}
13  ---O                                                                      (3 = 27.3%) {54.5%}
14  -O                                                                        (1 = 9.1%) {81.8%}
15  ... 
20  -O                                                                        (1 = 9.1%) {90.9%}
21  ... 

Histogram: V8.MemoryExternalFragmentationTotal recorded 11 samples, mean = 38.7 (flags = 0x1)
0   ... 
18  -O                                                                        (1 = 9.1%) {0.0%}
19  -O                                                                        (1 = 9.1%) {9.1%}
20  ... 
39  -O                                                                        (1 = 9.1%) {18.2%}
40  ---O                                                                      (3 = 27.3%) {27.3%}
41  O                                                                         (0 = 0.0%) {54.5%}
42  -O                                                                        (1 = 9.1%) {54.5%}
43  O                                                                         (0 = 0.0%) {63.6%}
44  --O                                                                       (2 = 18.2%) {63.6%}
45  ... 
49  -O                                                                        (1 = 9.1%) {81.8%}
50  O                                                                         (0 = 0.0%) {90.9%}
51  -O                                                                        (1 = 9.1%) {90.9%}
52  ... 

Histogram: V8.MemoryHeapSampleCodeSpaceCommitted recorded 11 samples, mean = 954.2 (flags = 0x1)
0     -------O                                                                  (7 = 63.6%)
1000  ... 
1474  --O                                                                       (2 = 18.2%) {63.6%}
1678  --O                                                                       (2 = 18.2%) {81.8%}
1910  ... 

Histogram: V8.MemoryHeapSampleMaximumCommitted recorded 11 samples, mean = 14985.1 (flags = 0x1)
0      ... 
4153   -O                                                                        (1 = 9.1%) {0.0%}
4727   ... 
6124   -O                                                                        (1 = 9.1%) {9.1%}
6971   ... 
9032   -O                                                                        (1 = 9.1%) {18.2%}
10281  -O                                                                        (1 = 9.1%) {27.3%}
11702  --O                                                                       (2 = 18.2%) {36.4%}
13320  ... 
17257  -O                                                                        (1 = 9.1%) {54.5%}
19642  -O                                                                        (1 = 9.1%) {63.6%}
22357  ---O                                                                      (3 = 27.3%) {72.7%}
25447  ... 

Histogram: V8.MemoryHeapSampleTotalCommitted recorded 11 samples, mean = 13472.4 (flags = 0x1)
0      ... 
4153   -O                                                                        (1 = 9.1%) {0.0%}
4727   ... 
6124   -O                                                                        (1 = 9.1%) {9.1%}
6971   ... 
9032   -O                                                                        (1 = 9.1%) {18.2%}
10281  -O                                                                        (1 = 9.1%) {27.3%}
11702  --O                                                                       (2 = 18.2%) {36.4%}
13320  --O                                                                       (2 = 18.2%) {54.5%}
15161  O                                                                         (0 = 0.0%) {72.7%}
17257  -O                                                                        (1 = 9.1%) {72.7%}
19642  -O                                                                        (1 = 9.1%) {81.8%}
22357  -O                                                                        (1 = 9.1%) {90.9%}
25447  ... 

Histogram: V8.MemoryHeapSampleTotalUsed recorded 11 samples, mean = 8230.3 (flags = 0x1)
0      ... 
2475   -O                                                                        (1 = 9.1%) {0.0%}
2817   O                                                                         (0 = 0.0%) {9.1%}
3206   -O                                                                        (1 = 9.1%) {9.1%}
3649   O                                                                         (0 = 0.0%) {18.2%}
4153   -O                                                                        (1 = 9.1%) {18.2%}
4727   ... 
6124   -O                                                                        (1 = 9.1%) {27.3%}
6971   --O                                                                       (2 = 18.2%) {36.4%}
7935   O                                                                         (0 = 0.0%) {54.5%}
9032   -O                                                                        (1 = 9.1%) {54.5%}
10281  O                                                                         (0 = 0.0%) {63.6%}
11702  ---O                                                                      (3 = 27.3%) {63.6%}
13320  -O                                                                        (1 = 9.1%) {90.9%}
15161  ... 

Histogram: V8.ProduceCodeCacheMicroseconds recorded 18 samples, mean = 189.6 (flags = 0x1)
0    ... 
29   -O                                                                        (1 = 5.6%) {0.0%}
40   O                                                                         (0 = 0.0%) {5.6%}
55   --O                                                                       (2 = 11.1%) {5.6%}
76   ----O                                                                     (4 = 22.2%) {16.7%}
105  -----O                                                                    (5 = 27.8%) {38.9%}
146  --O                                                                       (2 = 11.1%) {66.7%}
203  -O                                                                        (1 = 5.6%) {77.8%}
282  --O                                                                       (2 = 11.1%) {83.3%}
391  ... 
752  -O                                                                        (1 = 5.6%) {94.4%}
1043 ... 

Histogram: V8.RegExpBacktracks recorded 258 samples, mean = 1.7 (flags = 0x1)
0    ------O                                                                   (19 = 7.4%)
1    ------------------------------------------------------------------------O (226 = 87.6%) {7.4%}
2    -O                                                                        (4 = 1.6%) {95.0%}
3    -O                                                                        (3 = 1.2%) {96.5%}
4    -O                                                                        (3 = 1.2%) {97.7%}
6    O                                                                         (1 = 0.4%) {98.8%}
9    O                                                                         (1 = 0.4%) {99.2%}
13   ... 
127  O                                                                         (1 = 0.4%) {99.6%}
185  ... 

Histogram: V8.SandboxedCodePointersCount recorded 2 samples, mean = 1038.5 (flags = 0x1)
0    ... 
977  --O                                                                       (2 = 100.0%) {0.0%}
1136 ... 

Histogram: V8.SandboxedCppHeapPointersCount recorded 2 samples, mean = 4254.0 (flags = 0x1)
0     ... 
269   -O                                                                        (1 = 50.0%) {0.0%}
320   ... 
7152  -O                                                                        (1 = 50.0%) {50.0%}
8499  ... 

Histogram: V8.SandboxedExternalPointersCount recorded 13 samples, mean = 2279.2 (flags = 0x1)
0      ----O                                                                     (4 = 30.8%)
1      ... 
20     -O                                                                        (1 = 7.7%) {30.8%}
24     ... 
81     -O                                                                        (1 = 7.7%) {38.5%}
96     -O                                                                        (1 = 7.7%) {46.2%}
114    ... 
380    -O                                                                        (1 = 7.7%) {53.8%}
452    O                                                                         (0 = 0.0%) {61.5%}
537    -O                                                                        (1 = 7.7%) {61.5%}
638    -O                                                                        (1 = 7.7%) {69.2%}
758    ... 
1513   -O                                                                        (1 = 7.7%) {76.9%}
1798   ... 
12002  --O                                                                       (2 = 15.4%) {84.6%}
14263  ... 

Histogram: V8.SandboxedTrustedPointersCount recorded 2 samples, mean = 3770.0 (flags = 0x1)
0     ... 
3267  --O                                                                       (2 = 100.0%) {0.0%}
3799  ... 

Histogram: V8.SnapshotDeserializeContextMicroSeconds recorded 6 samples, mean = 500.5 (flags = 0x1)
0    ... 
196  -O                                                                        (1 = 16.7%) {0.0%}
258  -O                                                                        (1 = 16.7%) {16.7%}
340  O                                                                         (0 = 0.0%) {33.3%}
448  --O                                                                       (2 = 33.3%) {33.3%}
590  -O                                                                        (1 = 16.7%) {66.7%}
777  -O                                                                        (1 = 16.7%) {83.3%}
1023 ... 

Histogram: V8.TurboFan1KTicks recorded 9 samples, mean = 31.2 (flags = 0x1)
0    O                                                                         (0 = 0.0%)
1    ---O                                                                      (3 = 33.3%) {0.0%}
2    -O                                                                        (1 = 11.1%) {33.3%}
3    ... 
5    -O                                                                        (1 = 11.1%) {44.4%}
6    ... 
14   -O                                                                        (1 = 11.1%) {55.6%}
15   -O                                                                        (1 = 11.1%) {66.7%}
16   ... 
45   -O                                                                        (1 = 11.1%) {77.8%}
47   ... 
189  -O                                                                        (1 = 11.1%) {88.9%}
198  ... 

Histogram: V8.TurboFanOptimizeConcurrentTotalTime recorded 7 samples, mean = 1549.1 (flags = 0x1)
0     ... 
391   --O                                                                       (2 = 28.6%) {0.0%}
542   -O                                                                        (1 = 14.3%) {28.6%}
752   --O                                                                       (2 = 28.6%) {42.9%}
1043  ... 
2786  -O                                                                        (1 = 14.3%) {71.4%}
3865  -O                                                                        (1 = 14.3%) {85.7%}
5362  ... 

Histogram: V8.TurboFanOptimizeExecute recorded 7 samples, mean = 1457.3 (flags = 0x1)
0     ... 
340   --O                                                                       (2 = 28.6%) {0.0%}
448   --O                                                                       (2 = 28.6%) {28.6%}
590   -O                                                                        (1 = 14.3%) {57.1%}
777   ... 
2336  -O                                                                        (1 = 14.3%) {71.4%}
3077  O                                                                         (0 = 0.0%) {85.7%}
4053  -O                                                                        (1 = 14.3%) {85.7%}
5338  ... 

Histogram: V8.TurboFanOptimizeFinalize recorded 7 samples, mean = 13.4 (flags = 0x1)
0   ... 
3   -O                                                                        (1 = 14.3%) {0.0%}
4   ... 
7   -O                                                                        (1 = 14.3%) {14.3%}
9   -O                                                                        (1 = 14.3%) {28.6%}
12  --O                                                                       (2 = 28.6%) {42.9%}
16  O                                                                         (0 = 0.0%) {71.4%}
21  --O                                                                       (2 = 28.6%) {71.4%}
28  ... 

Histogram: V8.TurboFanOptimizeForOnStackReplacementExecute recorded 2 samples, mean = 12443.5 (flags = 0x1)
0      ... 
2336   -O                                                                        (1 = 50.0%) {0.0%}
3077   ... 
21156  -O                                                                        (1 = 50.0%) {50.0%}
27864  ... 

Histogram: V8.TurboFanOptimizeForOnStackReplacementFinalize recorded 2 samples, mean = 86.5 (flags = 0x1)
0    ... 
28   -O                                                                        (1 = 50.0%) {0.0%}
37   ... 
113  -O                                                                        (1 = 50.0%) {50.0%}
149  ... 

Histogram: V8.TurboFanOptimizeForOnStackReplacementPrepare recorded 2 samples, mean = 10.5 (flags = 0x1)
0  ... 
9  --O                                                                       (2 = 100.0%) {0.0%}
12 ... 

Histogram: V8.TurboFanOptimizeForOnStackReplacementTotalTime recorded 2 samples, mean = 31653.0 (flags = 0x1)
0      ... 
2008   -O                                                                        (1 = 50.0%) {0.0%}
2786   ... 
53055  -O                                                                        (1 = 50.0%) {50.0%}
73609  ... 

Histogram: V8.TurboFanOptimizePrepare recorded 7 samples, mean = 11.1 (flags = 0x1)
0   ... 
7   ---O                                                                      (3 = 42.9%) {0.0%}
9   -O                                                                        (1 = 14.3%) {42.9%}
12  --O                                                                       (2 = 28.6%) {57.1%}
16  -O                                                                        (1 = 14.3%) {85.7%}
21  ... 

Histogram: V8.TurboFanOptimizeTotalBackground recorded 7 samples, mean = 1457.3 (flags = 0x1)
0     ... 
282   -O                                                                        (1 = 14.3%) {0.0%}
391   --O                                                                       (2 = 28.6%) {14.3%}
542   --O                                                                       (2 = 28.6%) {42.9%}
752   ... 
2008  -O                                                                        (1 = 14.3%) {71.4%}
2786  O                                                                         (0 = 0.0%) {85.7%}
3865  -O                                                                        (1 = 14.3%) {85.7%}
5362  ... 

Histogram: V8.TurboFanOptimizeTotalForeground recorded 7 samples, mean = 24.6 (flags = 0x1)
0   ... 
15  --O                                                                       (2 = 28.6%) {0.0%}
21  --O                                                                       (2 = 28.6%) {28.6%}
29  ---O                                                                      (3 = 42.9%) {57.1%}
40  ... 

Histogram: V8.TurboFanOptimizeTotalTime recorded 7 samples, mean = 1549.1 (flags = 0x1)
0     ... 
391   --O                                                                       (2 = 28.6%) {0.0%}
542   -O                                                                        (1 = 14.3%) {28.6%}
752   --O                                                                       (2 = 28.6%) {42.9%}
1043  ... 
2786  -O                                                                        (1 = 14.3%) {71.4%}
3865  -O                                                                        (1 = 14.3%) {85.7%}
5362  ... 

Histogram: Variations.ExtendedSafeMode.BeaconFileStateAtStartup recorded 1 samples, mean = 0.0 (flags = 0x1)
0  -O                                                                        (1 = 100.0%)
1  ... 

Histogram: Variations.ExtendedSafeMode.BeaconFileWrite recorded 2 samples, mean = 1.0 (flags = 0x1)
0  O                                                                         (0 = 0.0%)
1  --O                                                                       (2 = 100.0%) {0.0%}
2  O                                                                         (0 = 0.0%) {100.0%}

Histogram: Variations.ForcedFieldTrialsAtStartupForInternalsPage recorded 1 samples, mean = 0.0 (flags = 0x1)
0  -O                                                                        (1 = 100.0%)
1  ... 

Histogram: Variations.Headers.ExperimentCount recorded 92 samples, mean = 1.0 (flags = 0x1)
0  O                                                                         (0 = 0.0%)
1  ------------------------------------------------------------------------O (92 = 100.0%) {0.0%}
2  ... 

Histogram: Variations.Headers.HasLowEntropySourceValue recorded 92 samples, mean = 1.0 (flags = 0x1)
0  O                                                                         (0 = 0.0%)
1  ------------------------------------------------------------------------O (92 = 100.0%) {0.0%}
2  O                                                                         (0 = 0.0%) {100.0%}

Histogram: Variations.Headers.RequestContextCategory recorded 53 samples, mean = 3.5 (flags = 0x1)
0  -------O                                                                  (7 = 13.2%)
1  ... 
4  ----------------------------------------------O                           (46 = 86.8%) {13.2%}
5  ... 

Histogram: Variations.Headers.URLValidationResult.Append recorded 53 samples, mean = 2.1 (flags = 0x1)
0  ... 
2  -----------------------------------------------O                          (47 = 88.7%) {0.0%}
3  ------O                                                                   (6 = 11.3%) {88.7%}
4  ... 

Histogram: Variations.Headers.URLValidationResult.Remove recorded 2 samples, mean = 2.0 (flags = 0x1)
0  ... 
2  --O                                                                       (2 = 100.0%) {0.0%}
3  ... 

Histogram: Variations.Limits.VariationKeySize.Default recorded 23 samples, mean = 0.0 (flags = 0x1)
0  -----------------------O                                                  (23 = 100.0%)
1  ... 

Histogram: Variations.LoadPermanentConsistencyCountryResult recorded 1 samples, mean = 0.0 (flags = 0x1)
0  -O                                                                        (1 = 100.0%)
1  ... 

Histogram: Variations.PolicyRestriction recorded 1 samples, mean = 0.0 (flags = 0x1)
0  -O                                                                        (1 = 100.0%)
1  ... 

Histogram: Variations.SafeMode.Streak.Crashes recorded 1 samples (flags = 0x1)
0  -O                                                                        (1 = 100.0%)

Histogram: Variations.SafeMode.Streak.FetchFailures recorded 1 samples (flags = 0x1)
0  -O                                                                        (1 = 100.0%)

Histogram: Variations.SeedLoadResult recorded 1 samples, mean = 1.0 (flags = 0x1)
0  O                                                                         (0 = 0.0%)
1  -O                                                                        (1 = 100.0%) {0.0%}
2  ... 

Histogram: Variations.SeedUsage recorded 1 samples, mean = 2.0 (flags = 0x1)
0  ... 
2  -O                                                                        (1 = 100.0%) {0.0%}
3  ... 

Histogram: Variations.UserChannel recorded 1 samples (flags = 0x1)
-1 -O                                                                        (1 = 100.0%)

Histogram: Views.Browser.NumColorProvidersInitializedDuringOnNativeThemeUpdated recorded 3 samples, mean = 0.0 (flags = 0x1)
0  ---O                                                                      (3 = 100.0%)
1  ... 

Histogram: Views.Browser.TimeSpentInitializingColorProvider recorded 3 samples, mean = 0.3 (flags = 0x1)
0  --O                                                                       (2 = 66.7%)
1  -O                                                                        (1 = 33.3%) {66.7%}
2  ... 

Histogram: Views.Browser.TimeSpentProcessingOnNativeThemeUpdatedEvent recorded 3 samples, mean = 0.0 (flags = 0x1)
0  ---O                                                                      (3 = 100.0%)
1  ... 

Histogram: Views.ColorProviderCacheSize recorded 3 samples, mean = 2.0 (flags = 0x1)
0  O                                                                         (0 = 0.0%)
1  -O                                                                        (1 = 33.3%) {0.0%}
2  -O                                                                        (1 = 33.3%) {33.3%}
3  -O                                                                        (1 = 33.3%) {66.7%}
4  ... 

Histogram: Viz.FrameSinkVideoCapturer.CaptureDuration recorded 1 samples, mean = 39.0 (flags = 0x1)
0   ... 
37  -O                                                                        (1 = 100.0%) {0.0%}
42  ... 

Histogram: Viz.FrameSinkVideoCapturer.CaptureSucceeded recorded 1 samples, mean = 1.0 (flags = 0x1)
0  O                                                                         (0 = 0.0%)
1  -O                                                                        (1 = 100.0%) {0.0%}
2  O                                                                         (0 = 0.0%) {100.0%}

Histogram: Viz.FrameSinkVideoCapturer.FrameResurrected recorded 1 samples, mean = 0.0 (flags = 0x1)
0  -O                                                                        (1 = 100.0%)
1  ... 

Histogram: Viz.FrameSinkVideoCapturer.RGBA.CaptureDuration recorded 1 samples, mean = 39.0 (flags = 0x1)
0   ... 
37  -O                                                                        (1 = 100.0%) {0.0%}
42  ... 

Histogram: Viz.FrameSinkVideoCapturer.RGBA.CaptureSucceeded recorded 1 samples, mean = 1.0 (flags = 0x1)
0  O                                                                         (0 = 0.0%)
1  -O                                                                        (1 = 100.0%) {0.0%}
2  O                                                                         (0 = 0.0%) {100.0%}

Histogram: Viz.FrameSinkVideoCapturer.ReserveFrameDuration recorded 1 samples, mean = 32.0 (flags = 0x1)
0   ... 
30  -O                                                                        (1 = 100.0%) {0.0%}
33  ... 

Histogram: Viz.FrameSinkVideoCapturer.TotalDuration recorded 1 samples, mean = 39.0 (flags = 0x1)
0   ... 
37  -O                                                                        (1 = 100.0%) {0.0%}
42  ... 

Histogram: WebApp.DiyAppsInstalledCount.ByUser recorded 1 samples, mean = 0.0 (flags = 0x1)
0  -O                                                                        (1 = 100.0%)
1  ... 

Histogram: WebApp.GeneratedIconFix.StartUpAttemptCount recorded 1 samples, mean = 0.0 (flags = 0x1)
0  -O                                                                        (1 = 100.0%)
1  ... 

Histogram: WebApp.Icon.AppsWithEmptyDownloadedIconSizes recorded 1 samples, mean = 0.0 (flags = 0x1)
0  -O                                                                        (1 = 100.0%)
1  ... 

Histogram: WebApp.Icon.AppsWithEmptyIconBitmap recorded 1 samples, mean = 0.0 (flags = 0x1)
0  -O                                                                        (1 = 100.0%)
1  ... 

Histogram: WebApp.Icon.AppsWithEmptyIconFile recorded 1 samples, mean = 0.0 (flags = 0x1)
0  -O                                                                        (1 = 100.0%)
1  ... 

Histogram: WebApp.Icon.AppsWithGeneratedIconBitmap recorded 1 samples, mean = 0.0 (flags = 0x1)
0  -O                                                                        (1 = 100.0%)
1  ... 

Histogram: WebApp.Icon.AppsWithGeneratedIconFlag recorded 1 samples, mean = 0.0 (flags = 0x1)
0  -O                                                                        (1 = 100.0%)
1  ... 

Histogram: WebApp.Icon.AppsWithGeneratedIconFlagFalseNegative recorded 1 samples, mean = 0.0 (flags = 0x1)
0  -O                                                                        (1 = 100.0%)
1  ... 

Histogram: WebApp.Icon.AppsWithMissingIconFile recorded 1 samples, mean = 0.0 (flags = 0x1)
0  -O                                                                        (1 = 100.0%)
1  ... 

Histogram: WebApp.InstalledCount.ByUser recorded 1 samples, mean = 0.0 (flags = 0x1)
0  -O                                                                        (1 = 100.0%)
1  ... 

Histogram: WebApp.InstalledCount.ByUserNotLocallyInstalled recorded 1 samples, mean = 0.0 (flags = 0x1)
0  -O                                                                        (1 = 100.0%)
1  ... 

Histogram: WebApp.Preinstalled.AppToReplaceStillDefaultInstalledCount recorded 1 samples, mean = 0.0 (flags = 0x1)
0  -O                                                                        (1 = 100.0%)
1  ... 

Histogram: WebApp.Preinstalled.AppToReplaceStillInstalledCount recorded 1 samples, mean = 0.0 (flags = 0x1)
0  -O                                                                        (1 = 100.0%)
1  ... 

Histogram: WebApp.Preinstalled.AppToReplaceStillInstalledInShelfCount recorded 1 samples, mean = 0.0 (flags = 0x1)
0  -O                                                                        (1 = 100.0%)
1  ... 

Histogram: WebApp.Preinstalled.ConfigErrorCount recorded 1 samples, mean = 0.0 (flags = 0x1)
0  -O                                                                        (1 = 100.0%)
1  ... 

Histogram: WebApp.Preinstalled.CorruptUserUninstallPrefsCount recorded 1 samples, mean = 0.0 (flags = 0x1)
0  -O                                                                        (1 = 100.0%)
1  ... 

Histogram: WebApp.Preinstalled.DisabledCount recorded 1 samples, mean = 0.0 (flags = 0x1)
0  -O                                                                        (1 = 100.0%)
1  ... 

Histogram: WebApp.Preinstalled.EnabledCount recorded 1 samples, mean = 0.0 (flags = 0x1)
0  -O                                                                        (1 = 100.0%)
1  ... 

Histogram: WebApp.Preinstalled.InstallCount recorded 1 samples, mean = 0.0 (flags = 0x1)
0  -O                                                                        (1 = 100.0%)
1  ... 

Histogram: WebApp.Preinstalled.UninstallAndReplaceCount recorded 1 samples, mean = 0.0 (flags = 0x1)
0  -O                                                                        (1 = 100.0%)
1  ... 

Histogram: WebApp.Preinstalled.UninstallAppRemovedCount recorded 1 samples, mean = 0.0 (flags = 0x1)
0  -O                                                                        (1 = 100.0%)
1  ... 

Histogram: WebApp.Preinstalled.UninstallSourceRemovedCount recorded 1 samples, mean = 0.0 (flags = 0x1)
0  -O                                                                        (1 = 100.0%)
1  ... 

Histogram: WebApp.Preinstalled.UninstallTotalCount recorded 1 samples, mean = 0.0 (flags = 0x1)
0  -O                                                                        (1 = 100.0%)
1  ... 

Histogram: WebApp.Uninstall.NonSyncIncompleteCount recorded 1 samples, mean = 0.0 (flags = 0x1)
0  -O                                                                        (1 = 100.0%)
1  ... 

Histogram: WebAuthentication.Windows.KeyCredentialManagerSupported recorded 1 samples, mean = 0.0 (flags = 0x1)
0  -O                                                                        (1 = 100.0%)
1  ... 

Histogram: WebContentsObserver.DOMContentLoaded recorded 3 samples, mean = 0.0 (flags = 0x1)
0  ---O                                                                      (3 = 100.0%)
1  ... 

Histogram: WebContentsObserver.DidChangeVisibleSecurityState recorded 2 samples, mean = 0.0 (flags = 0x1)
0  --O                                                                       (2 = 100.0%)
1  ... 

Histogram: WebContentsObserver.DidFinishLoad recorded 3 samples, mean = 0.0 (flags = 0x1)
0  ---O                                                                      (3 = 100.0%)
1  ... 

Histogram: WebContentsObserver.DidFinishNavigation recorded 5 samples, mean = 0.0 (flags = 0x1)
0  -----O                                                                    (5 = 100.0%)
1  ... 

Histogram: WebContentsObserver.DidFirstVisuallyNonEmptyPaint recorded 1 samples, mean = 0.0 (flags = 0x1)
0  -O                                                                        (1 = 100.0%)
1  ... 

Histogram: WebContentsObserver.DidRedirectNavigation recorded 1 samples, mean = 0.0 (flags = 0x1)
0  -O                                                                        (1 = 100.0%)
1  ... 

Histogram: WebContentsObserver.DidStartLoading recorded 2 samples, mean = 0.0 (flags = 0x1)
0  --O                                                                       (2 = 100.0%)
1  ... 

Histogram: WebContentsObserver.DidStartNavigation recorded 5 samples, mean = 0.0 (flags = 0x1)
0  -----O                                                                    (5 = 100.0%)
1  ... 

Histogram: WebContentsObserver.DidStartNavigation.MainFrame recorded 3 samples, mean = 0.0 (flags = 0x1)
0  ---O                                                                      (3 = 100.0%)
1  ... 

Histogram: WebContentsObserver.DidStartNavigation.Subframe recorded 2 samples, mean = 0.0 (flags = 0x1)
0  --O                                                                       (2 = 100.0%)
1  ... 

Histogram: WebContentsObserver.DidStopLoading recorded 2 samples, mean = 0.0 (flags = 0x1)
0  --O                                                                       (2 = 100.0%)
1  ... 

Histogram: WebContentsObserver.DidUpdateNavigationHandleTiming recorded 5 samples, mean = 0.0 (flags = 0x1)
0  -----O                                                                    (5 = 100.0%)
1  ... 

Histogram: WebContentsObserver.LoadProgressChanged recorded 8 samples, mean = 0.0 (flags = 0x1)
0  --------O                                                                 (8 = 100.0%)
1  ... 

Histogram: WebContentsObserver.NavigationEntryChanged recorded 3 samples, mean = 0.0 (flags = 0x1)
0  ---O                                                                      (3 = 100.0%)
1  ... 

Histogram: WebContentsObserver.NavigationEntryCommitted recorded 2 samples, mean = 0.0 (flags = 0x1)
0  --O                                                                       (2 = 100.0%)
1  ... 

Histogram: WebContentsObserver.PrimaryMainDocumentElementAvailable recorded 1 samples, mean = 0.0 (flags = 0x1)
0  -O                                                                        (1 = 100.0%)
1  ... 

Histogram: WebContentsObserver.RenderFrameCreated recorded 4 samples, mean = 0.0 (flags = 0x1)
0  ----O                                                                     (4 = 100.0%)
1  ... 

Histogram: WebContentsObserver.RenderFrameDeleted recorded 4 samples, mean = 0.2 (flags = 0x1)
0  ---O                                                                      (3 = 75.0%)
1  -O                                                                        (1 = 25.0%) {75.0%}
2  ... 

Histogram: WebContentsObserver.RenderViewReady recorded 2 samples, mean = 0.0 (flags = 0x1)
0  --O                                                                       (2 = 100.0%)
1  ... 

Histogram: WebContentsObserver.TitleWasSet recorded 1 samples, mean = 0.0 (flags = 0x1)
0  -O                                                                        (1 = 100.0%)
1  ... 

Histogram: WebCore.Scripts.Async.StartedStreaming recorded 24 samples, mean = 1.0 (flags = 0x1)
0  O                                                                         (0 = 0.0%)
1  ------------------------O                                                 (24 = 100.0%) {0.0%}
2  O                                                                         (0 = 0.0%) {100.0%}

Histogram: WebCore.Scripts.Other.NotStreamingReason recorded 17 samples, mean = 11.0 (flags = 0x1)
0   ... 
11  -----------------O                                                        (17 = 100.0%) {0.0%}
12  ... 

Histogram: WebCore.Scripts.Other.StartedStreaming recorded 17 samples, mean = 0.0 (flags = 0x1)
0  -----------------O                                                        (17 = 100.0%)
1  ... 

Histogram: WebCore.Scripts.V8CodeCacheMetadata.Get recorded 45 samples, mean = 0.8 (flags = 0x1)
0  ---------O                                                                (9 = 20.0%)
1  ------------------------------------O                                     (36 = 80.0%) {20.0%}
2  ... 

Histogram: WebCore.Scripts.V8CodeCacheMetadata.Set recorded 21 samples, mean = 2.6 (flags = 0x1)
0  ---O                                                                      (3 = 14.3%)
1  ... 
3  ------------------O                                                       (18 = 85.7%) {14.3%}
4  O                                                                         (0 = 0.0%) {100.0%}

Histogram: WebCore.Scripts.V8CompileHintsStatus recorded 43 samples, mean = 10.4 (flags = 0x1)
0   ... 
10  ------------------------O                                                 (24 = 55.8%) {0.0%}
11  -------------------O                                                      (19 = 44.2%) {55.8%}
12  ... 

Histogram: WebCore.Scripts.V8CrowdsourcedCompileHints.ModelQuality recorded 1 samples, mean = 0.0 (flags = 0x1)
0  -O                                                                        (1 = 100.0%)
1  ... 

Histogram: WebDatabase.InitResult recorded 2 samples, mean = 0.0 (flags = 0x1)
0  --O                                                                       (2 = 100.0%)
1  ... 

Histogram: WebFont.CacheHit recorded 5 samples, mean = 1.4 (flags = 0x1)
0  O                                                                         (0 = 0.0%)
1  ----O                                                                     (4 = 80.0%) {0.0%}
2  O                                                                         (0 = 0.0%) {80.0%}
3  -O                                                                        (1 = 20.0%) {80.0%}
4  O                                                                         (0 = 0.0%) {100.0%}

Histogram: WebFont.Clients.RenderBlockingFonts.ExpiredFonts recorded 1 samples, mean = 1.0 (flags = 0x1)
0  O                                                                         (0 = 0.0%)
1  -O                                                                        (1 = 100.0%) {0.0%}
2  O                                                                         (0 = 0.0%) {100.0%}

Histogram: WebFont.HadBlankText recorded 1 samples, mean = 0.0 (flags = 0x1)
0  -O                                                                        (1 = 100.0%)
1  ... 

Histogram: WebFont.LocalFontUsed recorded 1 samples, mean = 1.0 (flags = 0x1)
0  O                                                                         (0 = 0.0%)
1  -O                                                                        (1 = 100.0%) {0.0%}
2  O                                                                         (0 = 0.0%) {100.0%}

Histogram: Windows.AcLayersLoaded recorded 1 samples, mean = 0.0 (flags = 0x1)
0  -O                                                                        (1 = 100.0%)
1  ... 

Histogram: Windows.CetAvailable recorded 1 samples, mean = 1.0 (flags = 0x1)
0  O                                                                         (0 = 0.0%)
1  -O                                                                        (1 = 100.0%) {0.0%}
2  O                                                                         (0 = 0.0%) {100.0%}

Histogram: Windows.CetEnabled recorded 1 samples, mean = 0.0 (flags = 0x1)
0  -O                                                                        (1 = 100.0%)
1  ... 

Histogram: Windows.DisplayIdFromDeviceId recorded 6 samples, mean = 3.0 (flags = 0x1)
0  ... 
3  ------O                                                                   (6 = 100.0%) {0.0%}
4  O                                                                         (0 = 0.0%) {100.0%}

Histogram: Windows.DisplayIdFromDeviceKey recorded 6 samples, mean = 3.0 (flags = 0x1)
0  ... 
3  ------O                                                                   (6 = 100.0%) {0.0%}
4  O                                                                         (0 = 0.0%) {100.0%}

Histogram: Windows.Enclave.SGX.Available recorded 1 samples, mean = 0.0 (flags = 0x1)
0  -O                                                                        (1 = 100.0%)
1  ... 

Histogram: Windows.Enclave.SGX2.Available recorded 1 samples, mean = 0.0 (flags = 0x1)
0  -O                                                                        (1 = 100.0%)
1  ... 

Histogram: Windows.Enclave.VBS.Available recorded 1 samples, mean = 1.0 (flags = 0x1)
0  O                                                                         (0 = 0.0%)
1  -O                                                                        (1 = 100.0%) {0.0%}
2  O                                                                         (0 = 0.0%) {100.0%}

Histogram: Windows.Enclave.VBSBasic.Available recorded 1 samples, mean = 0.0 (flags = 0x1)
0  -O                                                                        (1 = 100.0%)
1  ... 

Histogram: Windows.HasHighResolutionTimeTicks recorded 1 samples, mean = 1.0 (flags = 0x1)
0  O                                                                         (0 = 0.0%)
1  -O                                                                        (1 = 100.0%) {0.0%}
2  O                                                                         (0 = 0.0%) {100.0%}

Histogram: Windows.HasThreadTicks recorded 1 samples, mean = 1.0 (flags = 0x1)
0  O                                                                         (0 = 0.0%)
1  -O                                                                        (1 = 100.0%) {0.0%}
2  O                                                                         (0 = 0.0%) {100.0%}

Histogram: Windows.HighResolutionTimerUsage recorded 6 samples, mean = 0.0 (flags = 0x1)
0  ------O                                                                   (6 = 100.0%)
1  ... 

Histogram: Windows.HypervPresent recorded 1 samples, mean = 1.0 (flags = 0x1)
0  O                                                                         (0 = 0.0%)
1  -O                                                                        (1 = 100.0%) {0.0%}
2  O                                                                         (0 = 0.0%) {100.0%}

Histogram: Windows.LegacyDisplayIdAlgorithm recorded 17 samples, mean = 0.0 (flags = 0x1)
0  -----------------O                                                        (17 = 100.0%)
1  ... 

Histogram: Windows.ParallelDllLoadingEnabled recorded 1 samples, mean = 1.0 (flags = 0x1)
0  O                                                                         (0 = 0.0%)
1  -O                                                                        (1 = 100.0%) {0.0%}
2  O                                                                         (0 = 0.0%) {100.0%}

Histogram: Windows.PatchLevel recorded 1 samples (flags = 0x1)
1717051040  -O                                                                        (1 = 100.0%)

Histogram: Windows.PatchLevelKernel32 recorded 1 samples (flags = 0x1)
1710497305  -O                                                                        (1 = 100.0%)

Histogram: Windows.ProcessorFamily recorded 1 samples (flags = 0x1)
1  -O                                                                        (1 = 100.0%)

Histogram: Windows.ProcessorVirtualizationFirmwareEnabled recorded 1 samples, mean = 0.0 (flags = 0x1)
0  -O                                                                        (1 = 100.0%)
1  ... 


